clip_id,group,category,prompt,gen_index,model,lufs_in,peak_in,proxy_arousal_deploy,proxy_valence_deploy,aux_arousal,tempo_bpm,onset_density,rms_mean,spectral_flux_mean,roughness,num_inference_steps,cfg_scale,seed,clip_seed,config,proxy_arousal_foldmean
anxiolytic.sleep.p0.g0,anxiolytic,sleep,calm peaceful music for deep sleep,0,stable-audio-3-medium,-31.393068494188828,0.3419189453125,3.003756623657849,2.8769223420469823,3.173081225277217,143.5546875,0.5874745868310598,0.0186392664909362,0.0344209149479866,0.1223519728385984,8,1.0,0,31544,sweep_s8_cfg1.0,3.246581384283265
anxiolytic.sleep.p0.g2,anxiolytic,sleep,calm peaceful music for deep sleep,2,stable-audio-3-medium,-27.569173099563415,0.43927001953125,3.290951592451658,3.142010949204542,3.3454924811871454,60.09265988372093,0.6682320926966292,0.0313284210860729,0.0357377417385578,0.0581659339494905,8,1.0,0,58090,sweep_s8_cfg1.0,3.4854557846080176
anxiolytic.sleep.p1.g0,anxiolytic,sleep,soft soothing lullaby to help me fall asleep,0,stable-audio-3-medium,-20.988215660438645,0.63348388671875,3.7644228541078126,3.264267514701946,3.81449205124137,135.99917763157896,1.249595207253886,0.0582295581698417,0.030852448195219,0.017468390353411,8,1.0,0,43532,sweep_s8_cfg1.0,3.816104775893914
anxiolytic.sleep.p1.g2,anxiolytic,sleep,soft soothing lullaby to help me fall asleep,2,stable-audio-3-medium,-24.698463993599933,0.403594970703125,3.444511150987654,3.741791107296632,1.5311588300146086,89.10290948275862,1.6670866935483872,0.040312260389328,0.036882109940052,0.0183345380976913,8,1.0,0,22249,sweep_s8_cfg1.0,3.416312487285416
anxiolytic.anxiety_relief.p0.g0,anxiolytic,anxiety_relief,calming music to relieve anxiety and stress,0,stable-audio-3-medium,-25.016269237980637,0.399200439453125,2.709029225386567,3.43205014610197,3.309821263063093,129.19921875,6.059955940628476,0.0552393682301044,0.0420421659946441,0.0985502326417464,8,1.0,0,54310,sweep_s8_cfg1.0,2.8349020614541693
anxiolytic.anxiety_relief.p0.g2,anxiolytic,anxiety_relief,calming music to relieve anxiety and stress,2,stable-audio-3-medium,-22.990989182776342,0.3721923828125,2.962379070897716,3.4291591065552525,3.029765059972279,151.99908088235293,2.081971839353612,0.0718703866004943,0.0406867116689682,0.154426677620829,8,1.0,0,51925,sweep_s8_cfg1.0,2.9323823235955326
anxiolytic.anxiety_relief.p1.g0,anxiolytic,anxiety_relief,soothing music for panic and anxious thoughts,0,stable-audio-3-medium,-18.78692553634702,0.785003662109375,3.325014146072465,3.137454056223355,2.7960880084943227,117.45383522727272,1.3937348300970875,0.1010307073593139,0.0315133854746818,0.1287074450662662,8,1.0,0,82045,sweep_s8_cfg1.0,3.1812240586365603
anxiolytic.anxiety_relief.p1.g2,anxiolytic,anxiety_relief,soothing music for panic and anxious thoughts,2,stable-audio-3-medium,-27.165629556852476,0.357208251953125,3.519768625620383,3.84670615050986,3.279635790548779,117.45383522727272,2.8330029539800994,0.0393067486584186,0.0395392663776874,0.0865172341989032,8,1.0,0,254,sweep_s8_cfg1.0,3.477224227440817
anxiolytic.meditation.p0.g0,anxiolytic,meditation,slow meditation music with soft sustained tones,0,stable-audio-3-medium,-18.384473471744023,0.64202880859375,3.1561461729531914,3.853177248981729,3.036975391193317,129.19921875,2.217818083289543,0.1208819895982742,0.0364373065531253,0.1614750087898451,8,1.0,0,69446,sweep_s8_cfg1.0,3.1802246396402944
anxiolytic.meditation.p0.g2,anxiolytic,meditation,slow meditation music with soft sustained tones,2,stable-audio-3-medium,-19.12280153759615,0.730224609375,3.585788295296485,3.8938423040505423,3.959058198690648,123.046875,6.289844156055094,0.1127950921654701,0.0427490845322608,0.1769963053445256,8,1.0,0,69856,sweep_s8_cfg1.0,3.583221334996142
anxiolytic.meditation.p1.g0,anxiolytic,meditation,peaceful ambient music for mindfulness meditation,0,stable-audio-3-medium,-18.436958160681595,0.678863525390625,3.152411928703895,3.6202685867429008,3.262333992921058,123.046875,2.1555555555555554,0.1285625994205474,0.0403092615306377,0.1666816910811897,8,1.0,0,26067,sweep_s8_cfg1.0,3.335534363511658
anxiolytic.meditation.p1.g2,anxiolytic,meditation,peaceful ambient music for mindfulness meditation,2,stable-audio-3-medium,-18.05849112403943,0.65673828125,3.649919191584402,4.145192709957835,3.6544741399048433,129.19921875,5.248187321362538,0.1149524897336959,0.0415158793330192,0.3071737021761631,8,1.0,0,95865,sweep_s8_cfg1.0,3.669581627221965
anxiolytic.study_calm.p0.g0,anxiolytic,study_calm,soft calm background music for focused studying,0,stable-audio-3-medium,-21.329532587281975,0.60186767578125,3.154088158725912,3.465932635689273,3.305648663412313,172.265625,1.8444444444444448,0.0869899615645408,0.0329427644610405,0.1765946015525382,8,1.0,0,70191,sweep_s8_cfg1.0,3.017381729731273
anxiolytic.study_calm.p0.g2,anxiolytic,study_calm,soft calm background music for focused studying,2,stable-audio-3-medium,-21.59314856104538,0.701507568359375,2.625673296903553,3.310036763200174,3.0946372982603103,99.38401442307692,2.744309844885411,0.0769909247756004,0.0393794365227222,0.0614766294807984,8,1.0,0,92950,sweep_s8_cfg1.0,2.82101782473775
anxiolytic.study_calm.p1.g0,anxiolytic,study_calm,gentle low-key instrumental music for concentration,0,stable-audio-3-medium,-24.976075690484617,0.484130859375,2.753524558847078,3.1052731976804573,3.391993241809348,151.99908088235293,0.3851283041820094,0.0350154526531696,0.03094476275146,0.0680340888164307,8,1.0,0,36971,sweep_s8_cfg1.0,2.919788879481615
anxiolytic.study_calm.p1.g2,anxiolytic,study_calm,gentle low-key instrumental music for concentration,2,stable-audio-3-medium,-22.977736388076416,0.605987548828125,3.5192328194977143,3.3476177553587565,3.060886565113934,112.34714673913044,1.6699698764336428,0.0655403658747673,0.0361323878169059,0.1827823428673793,8,1.0,0,21188,sweep_s8_cfg1.0,3.5108537558634523
anxiolytic.nature_calm.p0.g0,anxiolytic,nature_calm,gentle rain sounds with soft calming piano,0,stable-audio-3-medium,-27.919168199636296,0.999969482421875,2.6077910088595817,3.133895008180466,3.987481741571367,129.19921875,2.181431543733681,0.0270667243748903,0.0767629444599151,0.2146100633663229,8,1.0,0,8759,sweep_s8_cfg1.0,2.6303358566754484
anxiolytic.nature_calm.p0.g2,anxiolytic,nature_calm,gentle rain sounds with soft calming piano,2,stable-audio-3-medium,-25.302237721241745,0.428802490234375,3.2382302541669508,3.039191597768925,3.625463533913307,80.74951171875,0.6072818742655699,0.0176127683371305,0.0337643325328826,0.0337533933087192,8,1.0,0,959,sweep_s8_cfg1.0,3.200132196996203
anxiolytic.nature_calm.p1.g0,anxiolytic,nature_calm,peaceful forest ambience with quiet warm pads,0,stable-audio-3-medium,-37.246432003234354,0.18121337890625,2.8609326573742515,3.448405702179835,7.242517734220402,117.45383522727272,6.277248178032274,0.0099194291979074,0.0288170464336872,1.1830254700554252,8,1.0,0,76396,sweep_s8_cfg1.0,3.1105729238518376
anxiolytic.nature_calm.p1.g2,anxiolytic,nature_calm,peaceful forest ambience with quiet warm pads,2,stable-audio-3-medium,-40.42814580639407,0.05389404296875,3.150448672852783,3.3576782346950136,6.85342172613071,123.046875,2.954659888253638,0.007677708286792,0.0294292718172073,1.1761570729288036,8,1.0,0,8312,sweep_s8_cfg1.0,3.266756564470991
controls.high_arousal.p0.g0,controls,high_arousal,intense energetic workout music with driving beat,0,stable-audio-3-medium,-13.719275726430448,1.0,6.230987761386776,5.7740812357012175,6.55686761650739,123.046875,4.863435850923483,0.2275338619947433,0.0781909599900245,0.1773492979277901,8,1.0,0,59080,sweep_s8_cfg1.0,5.824591432329238
controls.high_arousal.p0.g2,controls,high_arousal,intense energetic workout music with driving beat,2,stable-audio-3-medium,-16.720667222285446,1.0,5.961983988446795,5.957376103654624,6.837133482713117,129.19921875,6.580528846153846,0.190975934267044,0.0544892773032188,0.0890650252722553,8,1.0,0,82882,sweep_s8_cfg1.0,6.071449861272986
controls.high_arousal.p1.g0,controls,high_arousal,fast aggressive electronic dance music,0,stable-audio-3-medium,-21.655934793942183,0.6732177734375,5.022286673270988,5.1623200828560805,5.378720145236337,129.19921875,7.143930288461538,0.0924514085054397,0.080076016485691,0.1600319525912657,8,1.0,0,74416,sweep_s8_cfg1.0,4.874957477170094
controls.high_arousal.p1.g2,controls,high_arousal,fast aggressive electronic dance music,2,stable-audio-3-medium,-21.4032983219058,0.8487548828125,6.05903826338669,6.103860300887831,5.962970510456988,129.19921875,7.707331730769231,0.0783251821994781,0.044484119862318,0.1532496744143302,8,1.0,0,59033,sweep_s8_cfg1.0,6.245919703208819
controls.high_arousal.p2.g0,controls,high_arousal,"epic dramatic action movie music, loud and powerful",0,stable-audio-3-medium,-17.718798707885778,0.898162841796875,5.73906497293645,5.729327546122074,4.95462080966127,107.666015625,3.831694109616409,0.1212121918797493,0.0366523824632167,0.2116931947183902,8,1.0,0,96405,sweep_s8_cfg1.0,5.4537294367212485
controls.high_arousal.p2.g2,controls,high_arousal,"epic dramatic action movie music, loud and powerful",2,stable-audio-3-medium,-15.14503360435648,0.886566162109375,4.691865766182604,3.74545837345445,3.8764551570720647,129.19921875,0.8295294943820225,0.1758394092321396,0.0391906797885894,0.1577383347395919,8,1.0,0,15900,sweep_s8_cfg1.0,4.4266857957176144
controls.high_arousal.p3.g0,controls,high_arousal,high energy upbeat party music,0,stable-audio-3-medium,-17.955888420313826,0.999969482421875,6.122767916580802,6.02687160985863,5.621378571881284,123.046875,5.240381291482301,0.1061488166451454,0.034688863903284,0.1227854053867497,8,1.0,0,37652,sweep_s8_cfg1.0,6.083947535609281
controls.high_arousal.p3.g2,controls,high_arousal,high energy upbeat party music,2,stable-audio-3-medium,-19.87006511591587,0.832611083984375,5.999468975005742,5.782432250551161,5.379874203919516,95.703125,3.747941300675675,0.0938476026058197,0.0257984455674886,0.2388122636461085,8,1.0,0,67249,sweep_s8_cfg1.0,5.857226409226704
controls.high_arousal.p4.g0,controls,high_arousal,fast exciting drum heavy music to get pumped up,0,stable-audio-3-medium,-19.552606328464112,0.8538818359375,4.599896616584648,4.339658953886382,4.347381964890091,143.5546875,1.7925185098719316,0.1020419746637344,0.0327481515705585,0.1294153056524554,8,1.0,0,61298,sweep_s8_cfg1.0,4.381936761147282
controls.high_arousal.p4.g2,controls,high_arousal,fast exciting drum heavy music to get pumped up,2,stable-audio-3-medium,-24.323212158723877,0.634796142578125,5.137064800352964,5.339163658755549,7.520469516506797,129.19921875,6.1491259969926775,0.0689819306135177,0.0408037528395652,0.1873179487530818,8,1.0,0,15925,sweep_s8_cfg1.0,5.547656662241584
controls.high_arousal.p5.g0,controls,high_arousal,adrenaline pumping racing game music,0,stable-audio-3-medium,-17.899620493243436,0.949493408203125,5.289509341130746,5.929599684029301,4.951469522103416,112.34714673913044,2.6315816784006376,0.1280932426452636,0.0301451236009597,0.1838484558892172,8,1.0,0,75432,sweep_s8_cfg1.0,5.42678603021279
controls.high_arousal.p5.g2,controls,high_arousal,adrenaline pumping racing game music,2,stable-audio-3-medium,-17.97830390313226,0.9866943359375,4.991430097681731,4.305553172832831,4.610168843887866,80.74951171875,4.668753718270756,0.1272200793027877,0.0492893680930137,0.2341018714929187,8,1.0,0,35307,sweep_s8_cfg1.0,4.948254993124695
controls.high_arousal.p6.g0,controls,high_arousal,loud powerful rock music with heavy drums,0,stable-audio-3-medium,-16.91413744787316,1.0,5.397446106136148,5.46479257080533,5.285372859392356,129.19921875,3.3834689613683664,0.1524555534124374,0.0332567207515239,0.2474050572845008,8,1.0,0,25425,sweep_s8_cfg1.0,5.62035519458931
controls.high_arousal.p6.g2,controls,high_arousal,loud powerful rock music with heavy drums,2,stable-audio-3-medium,-14.655153349881502,1.0,5.903492065337101,6.196401441859579,5.58168886435164,143.5546875,1.6076313584384858,0.2084695398807525,0.0346875265240669,0.234123713902068,8,1.0,0,31268,sweep_s8_cfg1.0,5.576565371442319
controls.high_arousal.p7.g0,controls,high_arousal,explosive festival EDM with hard drops,0,stable-audio-3-medium,-13.349247304704802,1.0,5.879070302475716,6.132192978356044,6.382364163736391,129.19921875,5.231102748691099,0.2434110194444656,0.0464222431182861,0.1956232606737476,8,1.0,0,17720,sweep_s8_cfg1.0,6.011373010308814
controls.high_arousal.p7.g2,controls,high_arousal,explosive festival EDM with hard drops,2,stable-audio-3-medium,-12.015392464299852,1.0,5.3560728449369694,6.549608022432918,6.858080975063411,129.19921875,5.746694711538462,0.3002651333808899,0.0428334698081016,0.1127500762467445,8,1.0,0,78041,sweep_s8_cfg1.0,5.739478853909613
controls.high_arousal.p8.g0,controls,high_arousal,urgent intense chase scene music,0,stable-audio-3-medium,-19.37422637099117,0.79132080078125,6.306086846047239,5.076528715769252,5.649280428664461,117.45383522727272,5.812926821103374,0.10884390771389,0.0433475039899349,0.2362680816412085,8,1.0,0,24672,sweep_s8_cfg1.0,5.998857252093033
controls.high_arousal.p8.g2,controls,high_arousal,urgent intense chase scene music,2,stable-audio-3-medium,-21.955576322162432,0.70477294921875,5.471187222938535,4.727929678827271,5.658883259619973,112.34714673913044,6.067366626381216,0.0655832886695861,0.0369247607886791,0.2839994803888115,8,1.0,0,9988,sweep_s8_cfg1.0,5.689305235987886
controls.high_arousal.p9.g0,controls,high_arousal,thunderous battle music with pounding percussion,0,stable-audio-3-medium,-22.18343134808593,0.789794921875,4.017276475469847,4.135331794409653,4.445473765686207,129.19921875,2.422222222222222,0.0844958499073982,0.0390992201864719,0.3491837189519413,8,1.0,0,27116,sweep_s8_cfg1.0,4.173735350853221
controls.high_arousal.p9.g2,controls,high_arousal,thunderous battle music with pounding percussion,2,stable-audio-3-medium,-21.37805534140241,0.643341064453125,4.433056846430123,4.227748721045024,4.17755857193909,129.19921875,2.220648484640702,0.0754020810127258,0.0471653677523136,0.2683876918577996,8,1.0,0,50838,sweep_s8_cfg1.0,4.414820317872037
anxiolytic.sleep.p0.g1,anxiolytic,sleep,calm peaceful music for deep sleep,1,stable-audio-3-medium,-26.423785852329814,0.40301513671875,2.607689825208256,3.1619647217083777,2.7969692823446097,129.19921875,0.6671612079326923,0.0295086000114679,0.0260739903897047,0.1062913399864114,8,1.0,0,2509,sweep_s8_cfg1.0,2.6242304761740454
anxiolytic.sleep.p0.g3,anxiolytic,sleep,calm peaceful music for deep sleep,3,stable-audio-3-medium,-23.37436409629644,0.559661865234375,2.852649715529652,3.399174476608851,3.0476943006278963,80.74951171875,1.1345207125922023,0.0616178251802921,0.0321662873029708,0.0838960177318638,8,1.0,0,2344,sweep_s8_cfg1.0,2.9649614009867706
anxiolytic.sleep.p1.g1,anxiolytic,sleep,soft soothing lullaby to help me fall asleep,1,stable-audio-3-medium,-19.181004303671177,0.576690673828125,3.200056135790635,3.189131174631629,2.727428835149547,86.1328125,1.366084929435484,0.0765731781721115,0.0332322679460048,0.0355429517132323,8,1.0,0,84661,sweep_s8_cfg1.0,3.228999562115624
anxiolytic.sleep.p1.g3,anxiolytic,sleep,soft soothing lullaby to help me fall asleep,3,stable-audio-3-medium,-23.5015910734061,0.349853515625,3.161579593127961,3.377422229921154,1.992160698462297,143.5546875,1.465793405591572,0.0458161942660808,0.0375125333666801,0.0302230608904801,8,1.0,0,83244,sweep_s8_cfg1.0,3.078582976211891
anxiolytic.anxiety_relief.p0.g1,anxiolytic,anxiety_relief,calming music to relieve anxiety and stress,1,stable-audio-3-medium,-21.54664389934271,0.431884765625,2.8470290242606984,3.5089445554994736,3.232144013143425,89.10290948275862,2.887637506547931,0.0883003398776054,0.0406751260161399,0.1220306099032692,8,1.0,0,36515,sweep_s8_cfg1.0,3.006508586626969
anxiolytic.anxiety_relief.p0.g3,anxiolytic,anxiety_relief,calming music to relieve anxiety and stress,3,stable-audio-3-medium,-21.67057705778729,0.686309814453125,2.517666274822619,2.940700360437189,2.9185081852697303,129.19921875,0.3252047936893204,0.0509638041257858,0.0187425054609775,0.1200390437193788,8,1.0,0,90230,sweep_s8_cfg1.0,2.737274475782603
anxiolytic.anxiety_relief.p1.g1,anxiolytic,anxiety_relief,soothing music for panic and anxious thoughts,1,stable-audio-3-medium,-24.39045053370801,0.50201416015625,3.4784979694593194,3.050555925009739,3.3561872104823567,112.34714673913044,0.9136794903956422,0.0360927581787109,0.0306721497327089,0.0888065872611818,8,1.0,0,92823,sweep_s8_cfg1.0,3.5956533765460037
anxiolytic.anxiety_relief.p1.g3,anxiolytic,anxiety_relief,soothing music for panic and anxious thoughts,3,stable-audio-3-medium,-21.06549100879828,0.789947509765625,3.521202827916431,3.3993626738148093,2.9955543106257547,80.74951171875,0.8742112379807692,0.0808669552206993,0.0326074063777923,0.1636812697609121,8,1.0,0,41395,sweep_s8_cfg1.0,3.4302841855211157
anxiolytic.meditation.p0.g1,anxiolytic,meditation,slow meditation music with soft sustained tones,1,stable-audio-3-medium,-20.940904336498832,0.43048095703125,3.734327390534521,4.253418219135783,4.280187337155862,129.19921875,7.393862668383519,0.0852007567882537,0.0519395396113395,0.0838293069079088,8,1.0,0,46385,sweep_s8_cfg1.0,3.5223536301243583
anxiolytic.meditation.p0.g3,anxiolytic,meditation,slow meditation music with soft sustained tones,3,stable-audio-3-medium,-19.90617901095401,0.68670654296875,3.109416223486914,3.628447305856852,3.9871878972144223,123.046875,6.094725546305932,0.1039448380470275,0.0624533109366893,0.0659373244428988,8,1.0,0,15510,sweep_s8_cfg1.0,3.273119278225775
anxiolytic.meditation.p1.g1,anxiolytic,meditation,peaceful ambient music for mindfulness meditation,1,stable-audio-3-medium,-17.52679632159278,0.64349365234375,3.8907960334941336,4.229292120023615,3.864312046528494,123.046875,3.090781662269129,0.1236641258001327,0.0492917373776435,0.0467616644807634,8,1.0,0,7165,sweep_s8_cfg1.0,3.746598035417287
anxiolytic.meditation.p1.g3,anxiolytic,meditation,peaceful ambient music for mindfulness meditation,3,stable-audio-3-medium,-17.38206080394627,0.71697998046875,3.813350272029635,3.524865380699422,4.052118576427692,123.046875,5.965811634213278,0.1305468082427978,0.0474050380289554,0.1566663318778005,8,1.0,0,50091,sweep_s8_cfg1.0,3.749907390389528
anxiolytic.study_calm.p0.g1,anxiolytic,study_calm,soft calm background music for focused studying,1,stable-audio-3-medium,-25.565882486857035,0.3526611328125,2.9864242821071643,3.2983138750199545,2.812676722514808,129.19921875,1.1096014492753623,0.0456210114061832,0.0266856048256158,0.1114708605511118,8,1.0,0,42617,sweep_s8_cfg1.0,2.917135561430219
anxiolytic.study_calm.p0.g3,anxiolytic,study_calm,soft calm background music for focused studying,3,stable-audio-3-medium,-19.937066407902737,0.972076416015625,4.046294292795741,3.629289793419976,3.856062240616729,86.1328125,3.021008455300633,0.0977347716689109,0.0376504436135292,0.1184651889918595,8,1.0,0,17283,sweep_s8_cfg1.0,4.439757138917299
anxiolytic.study_calm.p1.g1,anxiolytic,study_calm,gentle low-key instrumental music for concentration,1,stable-audio-3-medium,-26.245442071602465,0.409515380859375,2.502444578069052,3.280426770929078,2.9649021537921776,151.99908088235293,0.7885071688206785,0.0311404205858707,0.0319773182272911,0.1392017829389372,8,1.0,0,64939,sweep_s8_cfg1.0,2.9040842008235828
anxiolytic.study_calm.p1.g3,anxiolytic,study_calm,gentle low-key instrumental music for concentration,3,stable-audio-3-medium,-21.51079741384775,0.674224853515625,3.0518300382589945,3.115490631639175,3.0995136862778825,60.09265988372093,0.9987791620651576,0.0673173740506172,0.0408748425543308,0.0654093519834704,8,1.0,0,2423,sweep_s8_cfg1.0,3.1913323593824243
anxiolytic.nature_calm.p0.g1,anxiolytic,nature_calm,gentle rain sounds with soft calming piano,1,stable-audio-3-medium,-27.86452190320333,0.46923828125,3.5844028280895066,2.970299926160902,4.167041638109763,123.046875,0.6743174256263048,0.0117534417659044,0.0469736456871032,0.2173392642652945,8,1.0,0,67081,sweep_s8_cfg1.0,3.510693181008752
anxiolytic.nature_calm.p0.g3,anxiolytic,nature_calm,gentle rain sounds with soft calming piano,3,stable-audio-3-medium,-46.16560244388941,0.18634033203125,2.559201136302653,2.7392245433769395,4.091468715498372,129.19921875,1.9973476582855652,0.0112402886152267,0.1028647869825363,0.0872404846115113,8,1.0,0,11470,sweep_s8_cfg1.0,2.8436449889544746
anxiolytic.nature_calm.p1.g1,anxiolytic,nature_calm,peaceful forest ambience with quiet warm pads,1,stable-audio-3-medium,-35.625947236945365,0.121337890625,4.515346001712229,4.4935877746154125,6.543250652491993,129.19921875,6.255204251567399,0.0135566610842943,0.032178096473217,0.719929642252919,8,1.0,0,91315,sweep_s8_cfg1.0,4.494808309514813
anxiolytic.nature_calm.p1.g3,anxiolytic,nature_calm,peaceful forest ambience with quiet warm pads,3,stable-audio-3-medium,-38.3328198313658,0.430389404296875,2.65074325525396,3.1502076991178285,4.933858775116708,123.046875,5.7029607856016815,0.0207652878016233,0.0649467855691909,0.16304409894564,8,1.0,0,90854,sweep_s8_cfg1.0,3.020613578448135
controls.high_arousal.p0.g1,controls,high_arousal,intense energetic workout music with driving beat,1,stable-audio-3-medium,-14.117531302228134,1.0,5.872147903224024,6.02337962559982,7.426752018519977,129.19921875,7.774939903846153,0.2463048696517944,0.0531708262860775,0.1264534549235244,8,1.0,0,47863,sweep_s8_cfg1.0,5.610374786338967
controls.high_arousal.p0.g3,controls,high_arousal,intense energetic workout music with driving beat,3,stable-audio-3-medium,-14.554082065374212,0.960174560546875,5.701896926807735,6.195039952025012,6.685928628878846,129.19921875,3.984711921719812,0.2398173660039901,0.0540402568876743,0.1106783140227898,8,1.0,0,68798,sweep_s8_cfg1.0,5.798484241293089
controls.high_arousal.p1.g1,controls,high_arousal,fast aggressive electronic dance music,1,stable-audio-3-medium,-21.16117685730004,0.8031005859375,5.482937589856614,5.8240793968796085,6.378749837523811,161.4990234375,5.357760608856089,0.0969850867986679,0.0587253980338573,0.1866943141067559,8,1.0,0,98079,sweep_s8_cfg1.0,5.521193172544419
controls.high_arousal.p1.g3,controls,high_arousal,fast aggressive electronic dance music,3,stable-audio-3-medium,-14.71350457147754,1.0,5.926300844904999,6.608385491571788,6.755989831455134,129.19921875,4.9579326923076925,0.2284585386514663,0.0780268982052803,0.1746428522636883,8,1.0,0,38294,sweep_s8_cfg1.0,5.422551103966401
controls.high_arousal.p2.g1,controls,high_arousal,"epic dramatic action movie music, loud and powerful",1,stable-audio-3-medium,-15.96144915276114,0.987548828125,4.760023177493893,3.968889114684994,3.916517860987141,117.45383522727272,3.178931926858836,0.1492483019828796,0.0496013052761554,0.2071699572634055,8,1.0,0,29338,sweep_s8_cfg1.0,4.696201964481185
controls.high_arousal.p2.g3,controls,high_arousal,"epic dramatic action movie music, loud and powerful",3,stable-audio-3-medium,-13.72086895035746,0.97357177734375,4.7725715214295406,4.4256120891174655,3.9584094534278496,123.046875,0.3394619515239096,0.1855147331953048,0.0322284586727619,0.1867791096421172,8,1.0,0,6308,sweep_s8_cfg1.0,4.455082375944285
controls.high_arousal.p3.g1,controls,high_arousal,high energy upbeat party music,1,stable-audio-3-medium,-21.786406991689283,0.663665771484375,5.190917024162023,5.791485094234184,5.281818893669845,117.45383522727272,5.067984974041534,0.0814169570803642,0.0352220125496387,0.1521315852897918,8,1.0,0,31181,sweep_s8_cfg1.0,5.54568601648869
controls.high_arousal.p3.g3,controls,high_arousal,high energy upbeat party music,3,stable-audio-3-medium,-18.89747992651915,0.962432861328125,5.904936670179995,5.669051559955404,5.683234827587411,92.28515625,4.539248902071316,0.1104508340358734,0.034384399652481,0.2421055171436947,8,1.0,0,46993,sweep_s8_cfg1.0,5.790509877383253
controls.high_arousal.p4.g1,controls,high_arousal,fast exciting drum heavy music to get pumped up,1,stable-audio-3-medium,-23.06864468748518,0.780792236328125,5.087573419259405,5.757826054931699,8.026032976917747,117.45383522727272,5.423009006190728,0.0555693991482257,0.0412908047437667,0.5864063094754766,8,1.0,0,20492,sweep_s8_cfg1.0,5.084980291757759
controls.high_arousal.p4.g3,controls,high_arousal,fast exciting drum heavy music to get pumped up,3,stable-audio-3-medium,-16.74898615445123,0.84295654296875,4.107775679147414,5.430792477281116,6.803446994665326,161.4990234375,4.523782169117647,0.1634867787361145,0.0865499451756477,0.1630933212888166,8,1.0,0,33025,sweep_s8_cfg1.0,4.410284889113855
controls.high_arousal.p5.g1,controls,high_arousal,adrenaline pumping racing game music,1,stable-audio-3-medium,-23.117631758328933,0.72650146484375,4.644648475242168,3.999534432957567,4.204403833346148,117.45383522727272,2.100237389469453,0.0630776211619377,0.0376945585012435,0.200124273019871,8,1.0,0,74066,sweep_s8_cfg1.0,4.219480327914285
controls.high_arousal.p5.g3,controls,high_arousal,adrenaline pumping racing game music,3,stable-audio-3-medium,-22.93419219553188,0.693267822265625,3.960470107144362,4.017749790696981,4.129116526669385,123.046875,1.6599972007328991,0.0586790852248668,0.0332768596708774,0.1334180698809401,8,1.0,0,30544,sweep_s8_cfg1.0,3.98613183279478
controls.high_arousal.p6.g1,controls,high_arousal,loud powerful rock music with heavy drums,1,stable-audio-3-medium,-16.295354196929292,1.0,6.27192507734526,6.18309065889445,5.692448893958947,99.38401442307692,3.6001175548589344,0.1457421779632568,0.0283011142164468,0.1475666411190435,8,1.0,0,93606,sweep_s8_cfg1.0,6.241294645419101
controls.high_arousal.p6.g3,controls,high_arousal,loud powerful rock music with heavy drums,3,stable-audio-3-medium,-17.916641926427637,0.82476806640625,6.135398868148166,5.333532237668382,5.421039353212288,123.046875,3.3869811578372477,0.1345804631710052,0.0318652763962745,0.2753395541423193,8,1.0,0,65343,sweep_s8_cfg1.0,6.120417134937953
controls.high_arousal.p7.g1,controls,high_arousal,explosive festival EDM with hard drops,1,stable-audio-3-medium,-16.11994614111197,1.0,5.5856860889195925,6.170265122858855,5.860047907912396,129.19921875,2.7446466159326426,0.173686608672142,0.0402368269860744,0.1782318654099397,8,1.0,0,53238,sweep_s8_cfg1.0,5.825976678444765
controls.high_arousal.p7.g3,controls,high_arousal,explosive festival EDM with hard drops,3,stable-audio-3-medium,-15.507531613219056,1.0,6.1062530943365525,6.460566569703917,6.432923655608603,129.19921875,4.875870112559241,0.1880465894937515,0.04315135627985,0.1862518695972654,8,1.0,0,218,sweep_s8_cfg1.0,6.0125113124812986
controls.high_arousal.p8.g1,controls,high_arousal,urgent intense chase scene music,1,stable-audio-3-medium,-23.539643318472496,0.989593505859375,3.0590632854597475,3.0573270102187275,3.0896440422359848,135.99917763157896,1.1632424033149171,0.0471138805150985,0.042480282485485,0.2318704238296492,8,1.0,0,22026,sweep_s8_cfg1.0,3.4241744989938754
controls.high_arousal.p8.g3,controls,high_arousal,urgent intense chase scene music,3,stable-audio-3-medium,-18.7219343056022,0.9278564453125,4.494517798629654,3.735239295924779,4.162817077221416,135.99917763157896,1.3560540513029316,0.0940061658620834,0.0414980202913284,0.2433901296546118,8,1.0,0,26934,sweep_s8_cfg1.0,4.674826839159256
controls.high_arousal.p9.g1,controls,high_arousal,thunderous battle music with pounding percussion,1,stable-audio-3-medium,-20.98131121499293,0.89508056640625,3.8142682070096674,4.558173351942267,4.834292045607789,172.265625,2.933333333333333,0.1165874227881431,0.0641351416707038,0.2682404388985951,8,1.0,0,51382,sweep_s8_cfg1.0,4.194717481784852
controls.high_arousal.p9.g3,controls,high_arousal,thunderous battle music with pounding percussion,3,stable-audio-3-medium,-20.00580054278128,0.879425048828125,4.5349979958727165,4.43795248850877,4.155015929715871,129.19921875,2.3067289879095165,0.0890379399061203,0.0440460219979286,0.2874637796472448,8,1.0,0,41741,sweep_s8_cfg1.0,4.455902291661703
anxiolytic.sleep.p0.g0,anxiolytic,sleep,calm peaceful music for deep sleep,0,stable-audio-3-medium,-29.40358659945831,0.259063720703125,3.2396330394223902,2.488448577262756,2.9754288901711505,92.28515625,0.715306862113402,0.0194590967148542,0.0193162988871336,0.0417299370646829,25,1.0,0,31544,sweep_s25_cfg1.0,3.1272622089077307
anxiolytic.sleep.p0.g2,anxiolytic,sleep,calm peaceful music for deep sleep,2,stable-audio-3-medium,-27.022782480808274,0.439117431640625,2.864731277830062,2.930112995056501,3.0146177477539355,151.99908088235293,0.67643570026178,0.0349748358130455,0.0434005632996559,0.0908630141780629,25,1.0,0,58090,sweep_s25_cfg1.0,2.9943859904820203
anxiolytic.sleep.p1.g0,anxiolytic,sleep,soft soothing lullaby to help me fall asleep,0,stable-audio-3-medium,-26.808420861139314,0.41668701171875,3.1138497235298326,3.154419410694228,2.3175011843720674,89.10290948275862,1.07666015625,0.0223783478140831,0.0313315466046333,0.0164297621084012,25,1.0,0,43532,sweep_s25_cfg1.0,3.3966066989750408
anxiolytic.sleep.p1.g2,anxiolytic,sleep,soft soothing lullaby to help me fall asleep,2,stable-audio-3-medium,-26.673131567516823,0.28515625,3.3788867978537183,3.291694597424866,2.5610556241546805,89.10290948275862,1.55885965356564,0.0375357680022716,0.0331665612757205,0.02646169155639,25,1.0,0,22249,sweep_s25_cfg1.0,3.459170521408808
anxiolytic.anxiety_relief.p0.g0,anxiolytic,anxiety_relief,calming music to relieve anxiety and stress,0,stable-audio-3-medium,-26.30049907534376,0.74456787109375,2.4939590418816198,3.1863001069674084,3.1518933100470345,117.45383522727272,0.6603026511925043,0.0212148129940032,0.0296844486147165,0.0420239068223453,25,1.0,0,54310,sweep_s25_cfg1.0,2.7523137124379904
anxiolytic.anxiety_relief.p0.g2,anxiolytic,anxiety_relief,calming music to relieve anxiety and stress,2,stable-audio-3-medium,-16.746973277944743,0.845550537109375,3.216905202846824,4.037383903539065,2.982723349888357,129.19921875,2.3228913834951457,0.1467681676149368,0.0336337275803089,0.1306056657843384,25,1.0,0,51925,sweep_s25_cfg1.0,3.192018137160217
anxiolytic.anxiety_relief.p1.g0,anxiolytic,anxiety_relief,soothing music for panic and anxious thoughts,0,stable-audio-3-medium,-27.45964527483463,0.64813232421875,3.058874820802064,3.3867451853666783,3.514105475076484,161.4990234375,2.503860828488372,0.0354560539126396,0.0337755791842937,0.1124836668271144,25,1.0,0,82045,sweep_s25_cfg1.0,2.9281456772690633
anxiolytic.anxiety_relief.p1.g2,anxiolytic,anxiety_relief,soothing music for panic and anxious thoughts,2,stable-audio-3-medium,-34.70684262902971,0.13671875,3.1894262128637845,2.4305551872253432,3.13070344975359,117.45383522727272,1.2965683109504131,0.0129903499037027,0.0245208963751792,0.0724549538043111,25,1.0,0,254,sweep_s25_cfg1.0,3.118813665208785
anxiolytic.meditation.p0.g0,anxiolytic,meditation,slow meditation music with soft sustained tones,0,stable-audio-3-medium,-22.46763255997234,0.53216552734375,2.5778545851178363,3.3133752916228647,3.2857268900944034,123.046875,5.973366477272728,0.0646268874406814,0.0226576253771781,0.040575529779159,25,1.0,0,69446,sweep_s25_cfg1.0,2.7637872460479156
anxiolytic.meditation.p0.g2,anxiolytic,meditation,slow meditation music with soft sustained tones,2,stable-audio-3-medium,-17.996143895764295,0.65936279296875,3.073300204761608,3.1152352847957627,3.2750530115703578,123.046875,5.701683735756919,0.1214435026049614,0.0306202378123998,0.0230726098937742,25,1.0,0,69856,sweep_s25_cfg1.0,3.2663287756915835
anxiolytic.meditation.p1.g0,anxiolytic,meditation,peaceful ambient music for mindfulness meditation,0,stable-audio-3-medium,-18.132486880324556,0.864593505859375,3.422386352968934,3.254977450440632,2.9364215619023213,112.34714673913044,0.6,0.1188950911164283,0.0519983619451522,0.145107184261987,25,1.0,0,26067,sweep_s25_cfg1.0,3.265779440724958
anxiolytic.meditation.p1.g2,anxiolytic,meditation,peaceful ambient music for mindfulness meditation,2,stable-audio-3-medium,-20.63108544482124,0.45458984375,2.8875836427396617,3.867239132618006,3.768198143621526,129.19921875,6.555078332889835,0.0935699120163917,0.0467200949788093,0.2083594122609297,25,1.0,0,95865,sweep_s25_cfg1.0,3.038296234349243
anxiolytic.study_calm.p0.g0,anxiolytic,study_calm,soft calm background music for focused studying,0,stable-audio-3-medium,-34.234284600961715,0.166290283203125,3.0820412727033646,2.284616885960955,3.0181986210556504,117.45383522727272,0.4043794014084507,0.0127299027517437,0.0151951303705573,0.1005825158593068,25,1.0,0,70191,sweep_s25_cfg1.0,3.0909094837007336
anxiolytic.study_calm.p0.g2,anxiolytic,study_calm,soft calm background music for focused studying,2,stable-audio-3-medium,-21.417552505105707,0.522705078125,3.042057143201661,3.504258631057452,3.44696454444874,99.38401442307692,2.865030194033791,0.0824966803193092,0.0394457317888736,0.0953969707925765,25,1.0,0,92950,sweep_s25_cfg1.0,3.1796402622309925
anxiolytic.study_calm.p1.g0,anxiolytic,study_calm,gentle low-key instrumental music for concentration,0,stable-audio-3-medium,-25.15260396492926,0.4620361328125,3.3154542801689475,3.17755616668324,3.34892875850175,112.34714673913044,1.0217415480427046,0.028769664466381,0.0524732694029808,0.0321386383952836,25,1.0,0,36971,sweep_s25_cfg1.0,3.617617833627839
anxiolytic.study_calm.p1.g2,anxiolytic,study_calm,gentle low-key instrumental music for concentration,2,stable-audio-3-medium,-29.01985265537599,0.314178466796875,2.783935255207547,2.835454946943826,3.098263426727579,112.34714673913044,1.6893730788934425,0.0301520284265279,0.0271770060062408,0.0742700982037432,25,1.0,0,21188,sweep_s25_cfg1.0,2.8328858439857862
anxiolytic.nature_calm.p0.g0,anxiolytic,nature_calm,gentle rain sounds with soft calming piano,0,stable-audio-3-medium,-38.52340863722577,0.4454345703125,2.656012952832743,3.65039094853684,-0.1601501956286357,123.046875,2.2439864309210527,0.0432047210633754,0.1027576923370361,0.0843793024503753,25,1.0,0,8759,sweep_s25_cfg1.0,2.8086309784113057
anxiolytic.nature_calm.p0.g2,anxiolytic,nature_calm,gentle rain sounds with soft calming piano,2,stable-audio-3-medium,-29.20345266774282,0.8450927734375,3.28524291913646,3.012557769028918,3.72528963038704,129.19921875,1.8326130319148932,0.0197093114256858,0.0633773058652877,0.1856598345607543,25,1.0,0,959,sweep_s25_cfg1.0,2.975521843506834
anxiolytic.nature_calm.p1.g0,anxiolytic,nature_calm,peaceful forest ambience with quiet warm pads,0,stable-audio-3-medium,-39.772347018337854,0.126739501953125,3.09483405363566,2.97958441938969,5.7583357083650215,123.046875,6.378532858455882,0.0147849805653095,0.0491763092577457,0.3332875462225692,25,1.0,0,76396,sweep_s25_cfg1.0,3.2697906395175034
anxiolytic.nature_calm.p1.g2,anxiolytic,nature_calm,peaceful forest ambience with quiet warm pads,2,stable-audio-3-medium,-37.86672855256583,0.0947265625,3.958571751022037,4.413746786293295,5.324524046865809,123.046875,5.965126573976915,0.0193087980151176,0.0637133419513702,0.1330722636570664,25,1.0,0,8312,sweep_s25_cfg1.0,4.199231926531697
controls.high_arousal.p0.g0,controls,high_arousal,intense energetic workout music with driving beat,0,stable-audio-3-medium,-18.38506261687853,0.749267578125,5.70347651435613,5.215224270810629,6.073529672810468,129.19921875,2.5614816391050583,0.1390825361013412,0.0523597411811351,0.1522029531226202,25,1.0,0,59080,sweep_s25_cfg1.0,5.723090550745236
controls.high_arousal.p0.g2,controls,high_arousal,intense energetic workout music with driving beat,2,stable-audio-3-medium,-14.342658653888725,0.999969482421875,6.11359018589059,5.922687745295713,6.966136326310226,143.5546875,5.102654768957346,0.2168962359428405,0.0487801805138587,0.1162805989255894,25,1.0,0,82882,sweep_s25_cfg1.0,5.983911253893812
controls.high_arousal.p1.g0,controls,high_arousal,fast aggressive electronic dance music,0,stable-audio-3-medium,-22.166956847218284,0.568939208984375,5.723884955360617,6.136741680057902,5.776813603821482,86.1328125,4.056490384615384,0.0777734741568565,0.0518465936183929,0.1851109884240648,25,1.0,0,74416,sweep_s25_cfg1.0,5.871981180539313
controls.high_arousal.p1.g2,controls,high_arousal,fast aggressive electronic dance music,2,stable-audio-3-medium,-17.018512700544928,1.0,6.265168415402544,5.982473678771231,5.661795905857144,129.19921875,2.614182692307692,0.1384395360946655,0.0520496219396591,0.1944965347634438,25,1.0,0,59033,sweep_s25_cfg1.0,5.998405651894304
controls.high_arousal.p2.g0,controls,high_arousal,"epic dramatic action movie music, loud and powerful",0,stable-audio-3-medium,-15.752536349509583,0.876800537109375,3.869285712386733,3.8998818889631286,3.393723749616031,117.45383522727272,1.2284438425671969,0.0958692952990531,0.042613748461008,0.1934206201173173,25,1.0,0,96405,sweep_s25_cfg1.0,4.249758468343727
controls.high_arousal.p2.g2,controls,high_arousal,"epic dramatic action movie music, loud and powerful",2,stable-audio-3-medium,-16.998911663067965,0.90997314453125,4.680659540871051,4.132991767111732,3.602248064707928,129.19921875,1.8069820804195804,0.1361740231513977,0.0351527072489261,0.1808902794495327,25,1.0,0,15900,sweep_s25_cfg1.0,4.551235938648796
controls.high_arousal.p3.g0,controls,high_arousal,high energy upbeat party music,0,stable-audio-3-medium,-20.53887430470041,0.8111572265625,5.876827165013155,5.595445029498488,6.483525261937871,117.45383522727272,4.657099092026216,0.0948979705572128,0.0412137471139431,0.1158693716193204,25,1.0,0,37652,sweep_s25_cfg1.0,5.867059402040861
controls.high_arousal.p3.g2,controls,high_arousal,high energy upbeat party music,2,stable-audio-3-medium,-22.21906735164832,0.559539794921875,4.45788101151227,4.859681589846818,5.342812835184329,129.19921875,2.4351685209424083,0.0697824731469154,0.0318844281136989,0.1602244885314333,25,1.0,0,67249,sweep_s25_cfg1.0,4.777525758769664
controls.high_arousal.p4.g0,controls,high_arousal,fast exciting drum heavy music to get pumped up,0,stable-audio-3-medium,-31.0388854656202,0.28076171875,5.196451100222242,4.802940389615135,8.083280995449796,103.359375,9.14905731088561,0.0259469449520111,0.0582502447068691,0.7999544257334545,25,1.0,0,61298,sweep_s25_cfg1.0,5.452939094965133
controls.high_arousal.p4.g2,controls,high_arousal,fast exciting drum heavy music to get pumped up,2,stable-audio-3-medium,-24.10449451207976,0.58038330078125,4.724872139233563,5.449189668968019,6.658528098344669,89.10290948275862,4.175283394607844,0.0712286904454231,0.0466630235314369,0.122495695842257,25,1.0,0,15925,sweep_s25_cfg1.0,4.823307417443858
controls.high_arousal.p5.g0,controls,high_arousal,adrenaline pumping racing game music,0,stable-audio-3-medium,-15.556286881003915,1.0,4.580285185359813,5.050348507752387,4.949439747088741,117.45383522727272,4.318125,0.1882609874010086,0.0473428219556808,0.2338229659577355,25,1.0,0,75432,sweep_s25_cfg1.0,4.6918596588920165
controls.high_arousal.p5.g2,controls,high_arousal,adrenaline pumping racing game music,2,stable-audio-3-medium,-17.98252315824066,0.739898681640625,5.629616911675313,5.541246258178614,5.5351388624714986,161.4990234375,1.712335324754902,0.1606265604496002,0.0435244999825954,0.1635665578027892,25,1.0,0,35307,sweep_s25_cfg1.0,5.5784310777242805
controls.high_arousal.p6.g0,controls,high_arousal,loud powerful rock music with heavy drums,0,stable-audio-3-medium,-11.901181270156384,1.0,5.3809031590514405,6.266549194246439,5.028715179577438,129.19921875,2.401388249605471,0.2673131227493286,0.0283365212380886,0.2163766169623215,25,1.0,0,25425,sweep_s25_cfg1.0,5.072650227588433
controls.high_arousal.p6.g2,controls,high_arousal,loud powerful rock music with heavy drums,2,stable-audio-3-medium,-14.041026946667673,1.0,5.121799693120843,5.478131598340079,4.881843390165633,151.99908088235293,1.3057620417585447,0.195903331041336,0.0278291590511798,0.195275672808585,25,1.0,0,31268,sweep_s25_cfg1.0,5.237702688477375
controls.high_arousal.p7.g0,controls,high_arousal,explosive festival EDM with hard drops,0,stable-audio-3-medium,-16.452634745311105,0.999969482421875,6.2456932800451135,6.084166090789734,6.894959808166051,129.19921875,4.933333333333334,0.1595168262720108,0.039111491292715,0.1254488101107617,25,1.0,0,17720,sweep_s25_cfg1.0,6.363803099975702
controls.high_arousal.p7.g2,controls,high_arousal,explosive festival EDM with hard drops,2,stable-audio-3-medium,-13.197699140717598,1.0,5.291139845166569,6.40386742878148,6.994099346405394,129.19921875,6.084735576923077,0.2345418632030487,0.0450984835624694,0.1848366665358058,25,1.0,0,78041,sweep_s25_cfg1.0,5.646349903317413
controls.high_arousal.p8.g0,controls,high_arousal,urgent intense chase scene music,0,stable-audio-3-medium,-17.02408044099396,0.93707275390625,6.708382706276602,6.110541061062796,5.493022978874926,135.99917763157896,4.456713635163674,0.1385273486375808,0.0367266684770584,0.2622361160054296,25,1.0,0,24672,sweep_s25_cfg1.0,6.537832254426441
controls.high_arousal.p8.g2,controls,high_arousal,urgent intense chase scene music,2,stable-audio-3-medium,-23.47123144679348,1.0,2.746855154153088,3.307897687303361,3.0184174681625984,143.5546875,1.3333976948669202,0.0595520511269569,0.0442426800727844,0.2264484568484588,25,1.0,0,9988,sweep_s25_cfg1.0,3.096288133297419
controls.high_arousal.p9.g0,controls,high_arousal,thunderous battle music with pounding percussion,0,stable-audio-3-medium,-20.5269127655375,0.8399658203125,4.33468110218432,5.365113142755013,4.886222220361563,135.99917763157896,2.391262798927982,0.0924813225865364,0.0542009621858596,0.2195569004366807,25,1.0,0,27116,sweep_s25_cfg1.0,4.512058138034144
controls.high_arousal.p9.g2,controls,high_arousal,thunderous battle music with pounding percussion,2,stable-audio-3-medium,-12.953511762447686,0.999969482421875,5.415158854526102,5.475682628405262,4.471327839150751,161.4990234375,1.7446944962686568,0.2120714783668518,0.0374351292848587,0.2376399419670192,25,1.0,0,50838,sweep_s25_cfg1.0,5.1727488885060025
anxiolytic.sleep.p0.g1,anxiolytic,sleep,calm peaceful music for deep sleep,1,stable-audio-3-medium,-19.726140180328347,0.945953369140625,3.2279215753576445,3.6604841830689554,3.5310789160267726,99.38401442307692,1.2798671304744529,0.0977243706583976,0.0428106822073459,0.0743979604735301,25,1.0,0,2509,sweep_s25_cfg1.0,3.4033329287275342
anxiolytic.sleep.p0.g3,anxiolytic,sleep,calm peaceful music for deep sleep,3,stable-audio-3-medium,-30.298431515368662,0.430389404296875,3.4492256668246872,2.840117767846749,3.2550956233757367,86.1328125,0.7830255681818182,0.0221887249499559,0.0507572069764137,0.0452038810639231,25,1.0,0,2344,sweep_s25_cfg1.0,3.2641790212475073
anxiolytic.sleep.p1.g1,anxiolytic,sleep,soft soothing lullaby to help me fall asleep,1,stable-audio-3-medium,-25.745886837883766,0.308502197265625,3.662097089194496,3.1685107162663817,2.374562991779388,49.69200721153846,1.0613298363910186,0.0390985533595085,0.0303382743149995,0.0110671581512311,25,1.0,0,84661,sweep_s25_cfg1.0,3.263610346347318
anxiolytic.sleep.p1.g3,anxiolytic,sleep,soft soothing lullaby to help me fall asleep,3,stable-audio-3-medium,-22.18060777779824,0.51153564453125,3.538306187763144,3.515278621220024,2.1420884437338032,75.99954044117646,1.301642294163627,0.0465356260538101,0.0282112564891576,0.0085005091596891,25,1.0,0,83244,sweep_s25_cfg1.0,3.395548875309126
anxiolytic.anxiety_relief.p0.g1,anxiolytic,anxiety_relief,calming music to relieve anxiety and stress,1,stable-audio-3-medium,-26.517420767265097,0.36676025390625,3.5083507592547267,2.822208076053354,3.4794412462055577,54.978390957446805,1.5218614022943038,0.0457507632672786,0.0402814969420433,0.0974343659949488,25,1.0,0,36515,sweep_s25_cfg1.0,3.3797285710815097
anxiolytic.anxiety_relief.p0.g3,anxiolytic,anxiety_relief,calming music to relieve anxiety and stress,3,stable-audio-3-medium,-16.001769863516586,0.632293701171875,3.5474796184530226,3.125260037837436,2.591611874327409,123.046875,1.3296660591766725,0.1574525684118271,0.0373206436634063,0.0818258543038874,25,1.0,0,90230,sweep_s25_cfg1.0,3.354825723302207
anxiolytic.anxiety_relief.p1.g1,anxiolytic,anxiety_relief,soothing music for panic and anxious thoughts,1,stable-audio-3-medium,-18.10192251345009,0.68804931640625,4.674635223258683,4.641744311400434,3.6352508868235183,143.5546875,1.0595890001366868,0.111894816160202,0.0387992709875106,0.0968351578255882,25,1.0,0,92823,sweep_s25_cfg1.0,4.5029680975508475
anxiolytic.anxiety_relief.p1.g3,anxiolytic,anxiety_relief,soothing music for panic and anxious thoughts,3,stable-audio-3-medium,-25.85758433543373,0.398834228515625,3.50371986430221,3.4535545391877025,3.2688453031021147,117.45383522727272,2.7177829186893203,0.0443270429968833,0.0593970343470573,0.2141746669096163,25,1.0,0,41395,sweep_s25_cfg1.0,3.5756336998042366
anxiolytic.meditation.p0.g1,anxiolytic,meditation,slow meditation music with soft sustained tones,1,stable-audio-3-medium,-22.6486706879607,0.396148681640625,2.849368669201724,3.569583027158564,3.2565219065931506,123.046875,4.262145697389886,0.0732928365468978,0.0622480250895023,0.0424378055145411,25,1.0,0,46385,sweep_s25_cfg1.0,3.221269215953748
anxiolytic.meditation.p0.g3,anxiolytic,meditation,slow meditation music with soft sustained tones,3,stable-audio-3-medium,-23.971968047468888,0.32733154296875,3.3544544310733477,3.5996561398883866,3.8565568269336894,123.046875,5.212713068181818,0.066459059715271,0.0382269322872161,0.2690796480189454,25,1.0,0,15510,sweep_s25_cfg1.0,3.4724575647186042
anxiolytic.meditation.p1.g1,anxiolytic,meditation,peaceful ambient music for mindfulness meditation,1,stable-audio-3-medium,-19.007441964253413,0.53912353515625,3.351150479753678,4.22093088647058,3.470737933942495,123.046875,3.2731565173362505,0.1158601865172386,0.0559425354003906,0.1037312468361018,25,1.0,0,7165,sweep_s25_cfg1.0,3.4035494471142984
anxiolytic.meditation.p1.g3,anxiolytic,meditation,peaceful ambient music for mindfulness meditation,3,stable-audio-3-medium,-18.19175326914188,0.633026123046875,3.806651755114226,2.9368708515622446,2.9324183064645872,123.046875,0.3799319700311365,0.1229697614908218,0.0471534579992294,0.1467290739817249,25,1.0,0,50091,sweep_s25_cfg1.0,3.6506391981424287
anxiolytic.study_calm.p0.g1,anxiolytic,study_calm,soft calm background music for focused studying,1,stable-audio-3-medium,-24.36831897177248,0.594390869140625,2.89550176061664,3.1141974662175307,3.529274615893944,61.5234375,0.9172823482428116,0.035869013518095,0.0316409245133399,0.0665307908073156,25,1.0,0,42617,sweep_s25_cfg1.0,3.0510642507534755
anxiolytic.study_calm.p0.g3,anxiolytic,study_calm,soft calm background music for focused studying,3,stable-audio-3-medium,-20.80540635065669,0.7198486328125,2.771314865648307,3.4360065643546047,3.159794727552659,151.99908088235293,1.005797173566879,0.0784759819507598,0.038475003093481,0.0937504074576403,25,1.0,0,17283,sweep_s25_cfg1.0,2.902975808955072
anxiolytic.study_calm.p1.g1,anxiolytic,study_calm,gentle low-key instrumental music for concentration,1,stable-audio-3-medium,-29.91477002558538,0.313995361328125,2.911809509726596,2.483229183449707,3.018867276687912,135.99917763157896,0.5020990659777425,0.0187040194869041,0.0267668310552835,0.0486373963473367,25,1.0,0,64939,sweep_s25_cfg1.0,2.7815135613773427
anxiolytic.study_calm.p1.g3,anxiolytic,study_calm,gentle low-key instrumental music for concentration,3,stable-audio-3-medium,-20.09530595602723,0.709930419921875,2.8091003497051346,3.0798617787186764,2.970134659190629,161.4990234375,1.4748769263698631,0.0700133293867111,0.0264258757233619,0.1203954075765061,25,1.0,0,2423,sweep_s25_cfg1.0,2.9842707751856787
anxiolytic.nature_calm.p0.g1,anxiolytic,nature_calm,gentle rain sounds with soft calming piano,1,stable-audio-3-medium,-45.358859993966135,0.22076416015625,2.990302896753116,2.979832644574444,4.555929815605226,112.34714673913044,3.1145840107960456,0.0140208695083856,0.1203159391880035,0.0872832759791659,25,1.0,0,67081,sweep_s25_cfg1.0,3.2991466303265176
anxiolytic.nature_calm.p0.g3,anxiolytic,nature_calm,gentle rain sounds with soft calming piano,3,stable-audio-3-medium,-23.436680500686347,0.547088623046875,2.609222940024426,3.377094588455245,3.462466746090616,61.5234375,0.4705357784646348,0.018925393000245,0.0207545906305313,0.049422746905145,25,1.0,0,11470,sweep_s25_cfg1.0,2.7778725399491355
anxiolytic.nature_calm.p1.g1,anxiolytic,nature_calm,peaceful forest ambience with quiet warm pads,1,stable-audio-3-medium,-42.479817373946005,0.086578369140625,3.8954311421456422,3.923924186046053,2.762309157807348,123.046875,5.988922119140625,0.0121769532561302,0.0660544410347938,0.2680828539182583,25,1.0,0,91315,sweep_s25_cfg1.0,4.066755436926969
anxiolytic.nature_calm.p1.g3,anxiolytic,nature_calm,peaceful forest ambience with quiet warm pads,3,stable-audio-3-medium,-36.86494742384725,0.137451171875,2.9346281817748223,3.205608144842325,4.191049708503112,123.046875,5.911516097990605,0.0184369478374719,0.0489935986697673,0.3450978366017308,25,1.0,0,90854,sweep_s25_cfg1.0,3.3488198049456863
controls.high_arousal.p0.g1,controls,high_arousal,intense energetic workout music with driving beat,1,stable-audio-3-medium,-16.080794352870143,1.0,5.451785814261148,6.2929626758949695,6.7193089345699,129.19921875,3.2841337378312603,0.1586352586746215,0.0598596669733524,0.1925607118613698,25,1.0,0,47863,sweep_s25_cfg1.0,5.421936914061819
controls.high_arousal.p0.g3,controls,high_arousal,intense energetic workout music with driving beat,3,stable-audio-3-medium,-15.565095654834892,1.0,4.5987813675537215,5.928272035850691,7.138574735004997,129.19921875,3.555555555555556,0.2039768397808075,0.0660363510251045,0.2507565102632759,25,1.0,0,68798,sweep_s25_cfg1.0,4.643280504990119
controls.high_arousal.p1.g1,controls,high_arousal,fast aggressive electronic dance music,1,stable-audio-3-medium,-18.104139599167187,0.879852294921875,6.516109427594132,5.942185030209384,6.732683045924013,112.34714673913044,5.72654121253406,0.1280743926763534,0.0483151637017726,0.221051127324464,25,1.0,0,98079,sweep_s25_cfg1.0,6.456925850928322
controls.high_arousal.p1.g3,controls,high_arousal,fast aggressive electronic dance music,3,stable-audio-3-medium,-19.830644802673834,0.83380126953125,6.295825156124644,5.65987413162879,6.039489540504432,129.19921875,6.467848557692308,0.128814235329628,0.0492669232189655,0.1302878991161738,25,1.0,0,38294,sweep_s25_cfg1.0,6.170227928347695
controls.high_arousal.p2.g1,controls,high_arousal,"epic dramatic action movie music, loud and powerful",1,stable-audio-3-medium,-13.620150411090616,1.0,4.413823097153803,4.830685572625941,4.155121676792008,123.046875,1.4529520295202951,0.2037743628025055,0.041431400924921,0.2670256873978759,25,1.0,0,29338,sweep_s25_cfg1.0,4.303966249914732
controls.high_arousal.p2.g3,controls,high_arousal,"epic dramatic action movie music, loud and powerful",3,stable-audio-3-medium,-12.742440720416472,1.0,5.213016211587881,5.379302524594084,4.675111367096334,99.38401442307692,4.5248437500000005,0.2187449634075164,0.0416986122727394,0.1864577718225267,25,1.0,0,6308,sweep_s25_cfg1.0,5.388571256947625
controls.high_arousal.p3.g1,controls,high_arousal,high energy upbeat party music,1,stable-audio-3-medium,-16.391137089500642,1.0,5.3548163172965015,5.176462914473039,4.816763387329849,117.45383522727272,3.033171622983871,0.1449551880359649,0.0290703475475311,0.1583615817773404,25,1.0,0,31181,sweep_s25_cfg1.0,5.359564627926199
controls.high_arousal.p3.g3,controls,high_arousal,high energy upbeat party music,3,stable-audio-3-medium,-15.479806817920698,1.0,6.37435838214682,6.19696156519667,5.551681808919715,129.19921875,2.90743670886076,0.1556429266929626,0.0276007503271102,0.1445686809733397,25,1.0,0,46993,sweep_s25_cfg1.0,6.541701185707575
controls.high_arousal.p4.g1,controls,high_arousal,fast exciting drum heavy music to get pumped up,1,stable-audio-3-medium,-22.902892504880068,0.6463623046875,5.269990023942097,5.218481677299681,8.48649689530882,143.5546875,5.699965533088235,0.0644080713391304,0.0404762923717498,0.2729921413631711,25,1.0,0,20492,sweep_s25_cfg1.0,5.270233018294734
controls.high_arousal.p4.g3,controls,high_arousal,fast exciting drum heavy music to get pumped up,3,stable-audio-3-medium,-23.770518696600742,0.933563232421875,5.082049971164764,5.516686935716393,7.802803949109941,80.74951171875,6.029760702746365,0.0573178641498088,0.0370375029742717,0.2178978753520279,25,1.0,0,33025,sweep_s25_cfg1.0,5.081488006688606
controls.high_arousal.p5.g1,controls,high_arousal,adrenaline pumping racing game music,1,stable-audio-3-medium,-15.687670214907598,0.940673828125,4.630923096083971,4.686626528361014,4.030708017906814,143.5546875,1.5849886632492114,0.1611167788505554,0.0444732569158077,0.214912096412472,25,1.0,0,74066,sweep_s25_cfg1.0,4.736136062245369
controls.high_arousal.p5.g3,controls,high_arousal,adrenaline pumping racing game music,3,stable-audio-3-medium,-15.085413890037684,1.0,5.03546577845975,5.324628242128455,5.025613980695049,117.45383522727272,3.1625438714902807,0.1842592358589172,0.0367709957063198,0.2083724007623842,25,1.0,0,30544,sweep_s25_cfg1.0,4.983914101357701
controls.high_arousal.p6.g1,controls,high_arousal,loud powerful rock music with heavy drums,1,stable-audio-3-medium,-16.12361659804596,1.0,6.380330254692848,6.297828946064142,6.248338447335071,151.99908088235293,3.227723319575472,0.1585477292537689,0.0318977832794189,0.1647763126672366,25,1.0,0,93606,sweep_s25_cfg1.0,6.624070577250954
controls.high_arousal.p6.g3,controls,high_arousal,loud powerful rock music with heavy drums,3,stable-audio-3-medium,-20.72151401190397,0.692718505859375,3.827699246320662,4.980704688637057,7.521560777524148,117.45383522727272,2.240599478221416,0.0754420310258865,0.028851930052042,0.4168667853808286,25,1.0,0,65343,sweep_s25_cfg1.0,4.545335550446794
controls.high_arousal.p7.g1,controls,high_arousal,explosive festival EDM with hard drops,1,stable-audio-3-medium,-16.73532969465812,1.0,5.543191019465217,5.616634376965982,7.110187195549727,129.19921875,4.466666666666667,0.1386605352163314,0.037183541804552,0.4051774339391659,25,1.0,0,53238,sweep_s25_cfg1.0,5.5394227259237185
controls.high_arousal.p7.g3,controls,high_arousal,explosive festival EDM with hard drops,3,stable-audio-3-medium,-14.132418520203425,1.0,6.2602919856494985,6.147168391428493,6.989986426714351,129.19921875,6.111111111111111,0.2305178642272949,0.0453163906931877,0.1195091878502529,25,1.0,0,218,sweep_s25_cfg1.0,6.0754806775675565
controls.high_arousal.p8.g1,controls,high_arousal,urgent intense chase scene music,1,stable-audio-3-medium,-24.889507406580453,0.62030029296875,4.680868819148038,4.981152733184694,4.428958992965124,151.99908088235293,4.595570027733756,0.0417859181761741,0.0385149493813514,0.2572377270749907,25,1.0,0,22026,sweep_s25_cfg1.0,4.678602370353464
controls.high_arousal.p8.g3,controls,high_arousal,urgent intense chase scene music,3,stable-audio-3-medium,-15.520699169911117,0.999969482421875,5.547214149971092,5.778849492431117,5.133939619062884,143.5546875,4.53094482421875,0.1822584718465805,0.0455745682120323,0.2186723787862172,25,1.0,0,26934,sweep_s25_cfg1.0,5.760641034642047
controls.high_arousal.p9.g1,controls,high_arousal,thunderous battle music with pounding percussion,1,stable-audio-3-medium,-16.037736782253205,1.0,4.212415846477661,5.00633817977489,4.408340424439236,129.19921875,2.696008162439288,0.1753470599651336,0.0599117875099182,0.2448015004581503,25,1.0,0,51382,sweep_s25_cfg1.0,4.602158826303458
controls.high_arousal.p9.g3,controls,high_arousal,thunderous battle music with pounding percussion,3,stable-audio-3-medium,-18.712007244270985,0.9052734375,4.918975437004543,4.270673558634282,4.525649389445926,95.703125,3.441540948275862,0.1295169740915298,0.0465511009097099,0.2770121553608087,25,1.0,0,41741,sweep_s25_cfg1.0,4.687865290234532
anxiolytic.sleep.p0.g0,anxiolytic,sleep,calm peaceful music for deep sleep,0,stable-audio-3-medium,-23.385231988287966,0.522674560546875,2.603887772415767,2.999876844352017,3.3222702182500568,161.4990234375,0.6306795894351465,0.038078885525465,0.0171897877007722,0.04553608814606,25,3.0,0,31544,sweep_s25_cfg3.0,2.5854995106915353
anxiolytic.sleep.p0.g2,anxiolytic,sleep,calm peaceful music for deep sleep,2,stable-audio-3-medium,-23.09531703577684,0.4276123046875,2.770692382334273,3.393456247200555,2.720699178580672,80.74951171875,1.0481770833333333,0.0632683783769607,0.0377823188900947,0.0685173756222749,25,3.0,0,58090,sweep_s25_cfg3.0,2.8277271389610315
anxiolytic.sleep.p1.g0,anxiolytic,sleep,soft soothing lullaby to help me fall asleep,0,stable-audio-3-medium,-21.422785598480356,0.761993408203125,3.505094145180151,3.287379162299294,2.588917532409077,57.421875,1.0559993003731345,0.0491358712315559,0.0266374684870243,0.0086146061779105,25,3.0,0,43532,sweep_s25_cfg3.0,3.5155684084070655
anxiolytic.sleep.p1.g2,anxiolytic,sleep,soft soothing lullaby to help me fall asleep,2,stable-audio-3-medium,-20.728736463364587,0.641387939453125,3.281506673345494,3.205390902154424,3.292616277148761,117.45383522727272,1.3436533418504573,0.0654771849513053,0.0342865884304046,0.0289588158606927,25,3.0,0,22249,sweep_s25_cfg3.0,3.300883087944753
anxiolytic.anxiety_relief.p0.g0,anxiolytic,anxiety_relief,calming music to relieve anxiety and stress,0,stable-audio-3-medium,-19.04825638905436,0.96453857421875,4.023249958929246,3.612166106066309,4.167543802876136,99.38401442307692,1.2107975296306506,0.1225584521889686,0.0445148833096027,0.1686867437896446,25,3.0,0,54310,sweep_s25_cfg3.0,3.808203654060006
anxiolytic.anxiety_relief.p0.g2,anxiolytic,anxiety_relief,calming music to relieve anxiety and stress,2,stable-audio-3-medium,-14.650748760068216,1.0,3.9208758088065423,4.056752057125333,4.567249673797926,103.359375,4.711111111111111,0.2362876534461975,0.025571709498763,0.0984607860451168,25,3.0,0,51925,sweep_s25_cfg3.0,3.7897495249329394
anxiolytic.anxiety_relief.p1.g0,anxiolytic,anxiety_relief,soothing music for panic and anxious thoughts,0,stable-audio-3-medium,-24.915492257928275,0.777374267578125,2.689980188843367,3.365177825334351,2.1386241660679084,117.45383522727272,1.5639905427631575,0.0412349700927734,0.0354366675019264,0.0399980179606433,25,3.0,0,82045,sweep_s25_cfg3.0,2.7867464608251518
anxiolytic.anxiety_relief.p1.g2,anxiolytic,anxiety_relief,soothing music for panic and anxious thoughts,2,stable-audio-3-medium,-24.849268291239408,0.493560791015625,4.283378716734735,4.379448740872677,4.074622547324834,123.046875,3.716158929989412,0.0520069003105163,0.0502520538866519,0.0779923659560899,25,3.0,0,254,sweep_s25_cfg3.0,4.234117931702885
anxiolytic.meditation.p0.g0,anxiolytic,meditation,slow meditation music with soft sustained tones,0,stable-audio-3-medium,-19.06581036942201,0.642852783203125,2.950087287905617,3.831965161709989,3.0382418957027726,129.19921875,2.513516154247004,0.1140026077628135,0.0426143780350685,0.0236261964620788,25,3.0,0,69446,sweep_s25_cfg3.0,3.012084489727539
anxiolytic.meditation.p0.g2,anxiolytic,meditation,slow meditation music with soft sustained tones,2,stable-audio-3-medium,-16.967216134995557,0.74615478515625,3.079790284993423,3.5830996215107582,3.328263869805828,129.19921875,6.552551336824697,0.1362087428569793,0.0300365947186946,0.0520297491758291,25,3.0,0,69856,sweep_s25_cfg3.0,3.1038127457985754
anxiolytic.meditation.p1.g0,anxiolytic,meditation,peaceful ambient music for mindfulness meditation,0,stable-audio-3-medium,-15.34801735371222,0.94598388671875,3.395653585598637,3.25594504417064,2.947678853715434,123.046875,1.178912796787709,0.1705410182476043,0.0410257615149021,0.1527796673984811,25,3.0,0,26067,sweep_s25_cfg3.0,3.772402036703111
anxiolytic.meditation.p1.g2,anxiolytic,meditation,peaceful ambient music for mindfulness meditation,2,stable-audio-3-medium,-15.93005748978981,0.868804931640625,3.238181265291344,3.903606210467028,3.76949044136018,107.666015625,4.160342854299363,0.1590864360332489,0.0517876744270324,0.1460644020921533,25,3.0,0,95865,sweep_s25_cfg3.0,4.008827261127665
anxiolytic.study_calm.p0.g0,anxiolytic,study_calm,soft calm background music for focused studying,0,stable-audio-3-medium,-19.88164616532218,0.72369384765625,3.548108541690631,3.4680065824115367,3.0110951264749906,135.99917763157896,1.6333946814903846,0.1039336025714874,0.0342884883284568,0.1300950354910232,25,3.0,0,70191,sweep_s25_cfg3.0,3.3284784831522813
anxiolytic.study_calm.p0.g2,anxiolytic,study_calm,soft calm background music for focused studying,2,stable-audio-3-medium,-18.338738910639112,0.8232421875,3.610018835360268,3.442607991259915,3.352668914998152,99.38401442307692,1.7495727539062502,0.1149205416440963,0.034018125385046,0.1409386106948693,25,3.0,0,92950,sweep_s25_cfg3.0,3.603361107870606
anxiolytic.study_calm.p1.g0,anxiolytic,study_calm,gentle low-key instrumental music for concentration,0,stable-audio-3-medium,-18.1444454106451,1.0,3.889335071326058,3.55482237683478,4.141997246830355,117.45383522727272,3.5246760670731705,0.1298570781946182,0.0442202500998973,0.0717791130522011,25,3.0,0,36971,sweep_s25_cfg3.0,3.6773985657313686
anxiolytic.study_calm.p1.g2,anxiolytic,study_calm,gentle low-key instrumental music for concentration,2,stable-audio-3-medium,-22.878964107723423,0.603057861328125,2.946108994669665,3.578805308424236,3.222760321609752,112.34714673913044,1.1183115560413357,0.0525929629802703,0.0317720025777816,0.0606013001463883,25,3.0,0,21188,sweep_s25_cfg3.0,2.994490239339305
anxiolytic.nature_calm.p0.g0,anxiolytic,nature_calm,gentle rain sounds with soft calming piano,0,stable-audio-3-medium,-20.376567231126835,0.945037841796875,3.500330805198926,3.4163352904439943,5.017912398693284,112.34714673913044,5.63884609741784,0.0372654944658279,0.0345764383673667,0.1420461391929228,25,3.0,0,8759,sweep_s25_cfg3.0,3.5968596583969044
anxiolytic.nature_calm.p0.g2,anxiolytic,nature_calm,gentle rain sounds with soft calming piano,2,stable-audio-3-medium,-29.707477420036053,0.629241943359375,4.383435562162083,3.9765628164649063,5.514578159160435,129.19921875,6.34328971593898,0.0192993227392435,0.0318277962505817,0.3067846267991879,25,3.0,0,959,sweep_s25_cfg3.0,4.475711353270922
anxiolytic.nature_calm.p1.g0,anxiolytic,nature_calm,peaceful forest ambience with quiet warm pads,0,stable-audio-3-medium,-35.08105173960708,0.106201171875,3.2549849936301496,3.320547780888615,6.609732941814409,123.046875,6.104077454890168,0.0155213773250579,0.0325453802943229,1.0839838408867335,25,3.0,0,76396,sweep_s25_cfg3.0,3.251202115375313
anxiolytic.nature_calm.p1.g2,anxiolytic,nature_calm,peaceful forest ambience with quiet warm pads,2,stable-audio-3-medium,-33.48584519550405,0.207794189453125,4.222890480936108,3.843314151729716,5.812189609556873,129.19921875,5.5780819841373885,0.0143779451027512,0.0321952477097511,1.1837668524582463,25,3.0,0,8312,sweep_s25_cfg3.0,4.392855848956955
controls.high_arousal.p0.g0,controls,high_arousal,intense energetic workout music with driving beat,0,stable-audio-3-medium,-16.309841383176945,0.86279296875,6.198998471304806,5.169642569776223,6.295771389383163,129.19921875,4.349459134615384,0.2088828682899475,0.0487125776708126,0.1058944174352208,25,3.0,0,59080,sweep_s25_cfg3.0,6.103907147614976
controls.high_arousal.p0.g2,controls,high_arousal,intense energetic workout music with driving beat,2,stable-audio-3-medium,-11.029014955321962,1.0,6.164264485692666,6.265613429599403,7.37270347411472,129.19921875,5.791766826923077,0.3545551896095276,0.0493575520813465,0.0728186205651931,25,3.0,0,82882,sweep_s25_cfg3.0,6.123611492232007
controls.high_arousal.p1.g0,controls,high_arousal,fast aggressive electronic dance music,0,stable-audio-3-medium,-16.734804253140595,1.0,5.900427208344626,5.660869586084621,5.625599180614806,86.1328125,4.529747596153846,0.1512597650289535,0.0714218989014625,0.1454368365819435,25,3.0,0,74416,sweep_s25_cfg3.0,5.797764048598365
controls.high_arousal.p1.g2,controls,high_arousal,fast aggressive electronic dance music,2,stable-audio-3-medium,-18.25546299595614,0.753631591796875,5.71120431144307,5.630628747349032,5.763583295156592,129.19921875,5.36920098873756,0.1410784721374511,0.0747726038098335,0.1322437169059904,25,3.0,0,59033,sweep_s25_cfg3.0,5.773259768233148
controls.high_arousal.p2.g0,controls,high_arousal,"epic dramatic action movie music, loud and powerful",0,stable-audio-3-medium,-14.440905213220406,0.9578857421875,5.415202254401333,4.700922228138482,4.657606724083244,123.046875,2.4399559096534653,0.190484344959259,0.0490852408111095,0.1243624423102195,25,3.0,0,96405,sweep_s25_cfg3.0,5.340340507845708
controls.high_arousal.p2.g2,controls,high_arousal,"epic dramatic action movie music, loud and powerful",2,stable-audio-3-medium,-11.337434069272556,1.0,4.169499276834962,3.654980652790726,4.396390409625743,99.38401442307692,3.005751413316583,0.2763120532035827,0.0451661981642246,0.0708196717934374,25,3.0,0,15900,sweep_s25_cfg3.0,4.314714526111972
controls.high_arousal.p3.g0,controls,high_arousal,high energy upbeat party music,0,stable-audio-3-medium,-17.824801922093396,0.83868408203125,5.33699535886887,5.214810747513674,6.156048649600432,117.45383522727272,3.9064660536504414,0.1364609897136688,0.0435613729059696,0.1178884794115034,25,3.0,0,37652,sweep_s25_cfg3.0,5.654050473905154
controls.high_arousal.p3.g2,controls,high_arousal,high energy upbeat party music,2,stable-audio-3-medium,-16.347808652824277,0.99920654296875,5.446517455405498,5.070314361364912,4.771603838291621,161.4990234375,2.9301510581487342,0.1660158783197403,0.0421407930552959,0.139715099249821,25,3.0,0,67249,sweep_s25_cfg3.0,5.307424847287527
controls.high_arousal.p4.g0,controls,high_arousal,fast exciting drum heavy music to get pumped up,0,stable-audio-3-medium,-16.783761933084087,0.999969482421875,5.156291968711916,5.656479571269175,5.999620046501329,99.38401442307692,5.249276695409751,0.1635265350341797,0.0606437809765338,0.0881497243354784,25,3.0,0,61298,sweep_s25_cfg3.0,5.164699067944989
controls.high_arousal.p4.g2,controls,high_arousal,fast exciting drum heavy music to get pumped up,2,stable-audio-3-medium,-21.34566044003362,0.679534912109375,5.23669437265563,5.424786524616625,6.418583532147891,129.19921875,6.284271623300209,0.0994221493601799,0.0561897233128547,0.1337568718303158,25,3.0,0,15925,sweep_s25_cfg3.0,5.221647694869182
controls.high_arousal.p5.g0,controls,high_arousal,adrenaline pumping racing game music,0,stable-audio-3-medium,-17.494717326332268,0.851226806640625,5.46677347316794,4.904870247549641,5.564537102318673,161.4990234375,3.37460645988806,0.155893012881279,0.0452455095946788,0.2433140409355282,25,3.0,0,75432,sweep_s25_cfg3.0,5.512955932265096
controls.high_arousal.p5.g2,controls,high_arousal,adrenaline pumping racing game music,2,stable-audio-3-medium,-13.703640685038993,1.0,4.801438662597722,5.109861460070827,4.753981152583789,99.38401442307692,1.9857708933717575,0.2150733768939972,0.0345772542059421,0.2012235903225937,25,3.0,0,35307,sweep_s25_cfg3.0,5.052904693168162
controls.high_arousal.p6.g0,controls,high_arousal,loud powerful rock music with heavy drums,0,stable-audio-3-medium,-12.212670832572163,1.0,5.624525716873472,5.5375747766641314,5.606268588434977,99.38401442307692,2.158942558746736,0.2553293108940124,0.0408149994909763,0.2416467322674139,25,3.0,0,25425,sweep_s25_cfg3.0,5.431672861103607
controls.high_arousal.p6.g2,controls,high_arousal,loud powerful rock music with heavy drums,2,stable-audio-3-medium,-15.097069512133528,1.0,6.14647497374832,6.235182832054765,6.112076767903122,99.38401442307692,3.1412072211945032,0.1822691261768341,0.0362350232899189,0.2343692149020079,25,3.0,0,31268,sweep_s25_cfg3.0,6.070380635388242
controls.high_arousal.p7.g0,controls,high_arousal,explosive festival EDM with hard drops,0,stable-audio-3-medium,-14.094552272896422,1.0,6.0264165923782,5.9911503220257885,6.208585830460997,123.046875,4.021328491784037,0.226738229393959,0.0431934632360935,0.1201247704151499,25,3.0,0,17720,sweep_s25_cfg3.0,5.909890200527446
controls.high_arousal.p7.g2,controls,high_arousal,explosive festival EDM with hard drops,2,stable-audio-3-medium,-14.486815863212728,0.999969482421875,6.114299092365133,5.966204934650038,6.155948376876686,129.19921875,5.0480769230769225,0.2185792773962021,0.0577853508293628,0.1008585062642092,25,3.0,0,78041,sweep_s25_cfg3.0,6.081090262403556
controls.high_arousal.p8.g0,controls,high_arousal,urgent intense chase scene music,0,stable-audio-3-medium,-22.797655741070788,0.772918701171875,5.471661105185243,5.408606502539549,5.53096402441366,103.359375,5.347491685144124,0.0691429153084755,0.0479311384260654,0.1862320736362203,25,3.0,0,24672,sweep_s25_cfg3.0,5.4231453794639215
controls.high_arousal.p8.g2,controls,high_arousal,urgent intense chase scene music,2,stable-audio-3-medium,-20.303776148576365,0.981170654296875,5.724497593270568,5.400096698456011,5.976746812800987,143.5546875,7.506777635261194,0.0896653234958648,0.0421186424791812,0.1925273721121581,25,3.0,0,9988,sweep_s25_cfg3.0,5.726953592908432
controls.high_arousal.p9.g0,controls,high_arousal,thunderous battle music with pounding percussion,0,stable-audio-3-medium,-21.11656642916186,0.760711669921875,5.384429952940187,5.001149312775682,4.964815735697438,107.666015625,3.692725080385852,0.0994781777262687,0.0584868565201759,0.2486670671945948,25,3.0,0,27116,sweep_s25_cfg3.0,5.09966521049104
controls.high_arousal.p9.g2,controls,high_arousal,thunderous battle music with pounding percussion,2,stable-audio-3-medium,-19.11451716850568,0.932098388671875,4.417703016852352,4.168567993626944,4.783182876709391,92.28515625,2.1487965303308822,0.1264422386884689,0.0516954772174358,0.2231842833802393,25,3.0,0,50838,sweep_s25_cfg3.0,4.2172844093411825
anxiolytic.sleep.p0.g1,anxiolytic,sleep,calm peaceful music for deep sleep,1,stable-audio-3-medium,-20.452677947338973,0.657958984375,2.900999364012182,3.355996195689045,2.8296589231698466,80.74951171875,1.1321347594637223,0.1018971800804138,0.0290060602128505,0.1189285954069485,25,3.0,0,2509,sweep_s25_cfg3.0,3.029371831348873
anxiolytic.sleep.p0.g3,anxiolytic,sleep,calm peaceful music for deep sleep,3,stable-audio-3-medium,-21.94700173256449,0.75457763671875,2.7311057112089627,3.817155129259744,3.1405898348608954,60.09265988372093,0.863145272943038,0.0658727586269378,0.0385443195700645,0.1203053427763891,25,3.0,0,2344,sweep_s25_cfg3.0,2.6083123640036816
anxiolytic.sleep.p1.g1,anxiolytic,sleep,soft soothing lullaby to help me fall asleep,1,stable-audio-3-medium,-20.11619052495912,0.70068359375,3.59150487971177,3.169512151366564,3.6822444424424536,117.45383522727272,1.9748683529005528,0.0796882882714271,0.0381539687514305,0.0189232529062451,25,3.0,0,84661,sweep_s25_cfg3.0,3.5811013405399565
anxiolytic.sleep.p1.g3,anxiolytic,sleep,soft soothing lullaby to help me fall asleep,3,stable-audio-3-medium,-16.998239036585762,0.84033203125,3.6376171936100974,2.8688671859750827,3.209538215578672,135.99917763157896,1.3929219412778366,0.0829320028424263,0.0294033717364072,0.0144538548328657,25,3.0,0,83244,sweep_s25_cfg3.0,3.5930154350357766
anxiolytic.anxiety_relief.p0.g1,anxiolytic,anxiety_relief,calming music to relieve anxiety and stress,1,stable-audio-3-medium,-19.446804221456677,0.622711181640625,2.4751846759763496,2.8754961164346677,2.415771515659351,123.046875,1.2076822916666667,0.1194704324007034,0.0169520117342472,0.0670161096131106,25,3.0,0,36515,sweep_s25_cfg3.0,2.6505698470267007
anxiolytic.anxiety_relief.p0.g3,anxiolytic,anxiety_relief,calming music to relieve anxiety and stress,3,stable-audio-3-medium,-17.187518372157882,0.6405029296875,2.798449110991204,2.8807104490597184,2.808402447335342,123.046875,4.500547178988327,0.145264521241188,0.0318650677800178,0.1238817377695096,25,3.0,0,90230,sweep_s25_cfg3.0,2.965097210843677
anxiolytic.anxiety_relief.p1.g1,anxiolytic,anxiety_relief,soothing music for panic and anxious thoughts,1,stable-audio-3-medium,-19.5903152112996,0.831695556640625,3.481092603317403,4.122597709967761,3.381332262929012,172.265625,2.0974639359449445,0.1000509038567543,0.0376757346093654,0.068850504740202,25,3.0,0,92823,sweep_s25_cfg3.0,3.4143600264317326
anxiolytic.anxiety_relief.p1.g3,anxiolytic,anxiety_relief,soothing music for panic and anxious thoughts,3,stable-audio-3-medium,-21.663884342435125,0.725830078125,2.915012431470829,3.360250198310495,3.2528029139137007,117.45383522727272,1.8045945993771235,0.0784659758210182,0.0583878010511398,0.1102608347046762,25,3.0,0,41395,sweep_s25_cfg3.0,3.12982672585606
anxiolytic.meditation.p0.g1,anxiolytic,meditation,slow meditation music with soft sustained tones,1,stable-audio-3-medium,-20.63784837955509,0.534942626953125,2.82736236625074,3.775761714601797,2.860093141186282,123.046875,2.324863649764151,0.090577594935894,0.0449012666940689,0.0945310303383836,25,3.0,0,46385,sweep_s25_cfg3.0,2.9555877691407995
anxiolytic.meditation.p0.g3,anxiolytic,meditation,slow meditation music with soft sustained tones,3,stable-audio-3-medium,-16.365685220035914,0.85394287109375,3.2415649617417897,2.9015601159403377,2.786175950932606,129.19921875,1.5582496230991083,0.1622044444084167,0.0345528423786163,0.1185796649495316,25,3.0,0,15510,sweep_s25_cfg3.0,3.2544485077288114
anxiolytic.meditation.p1.g1,anxiolytic,meditation,peaceful ambient music for mindfulness meditation,1,stable-audio-3-medium,-17.39617574200535,0.8682861328125,3.193862796355115,4.122363646787203,3.596714468799294,143.5546875,3.237905412066246,0.1346553713083267,0.0411951951682567,0.2167673982643542,25,3.0,0,7165,sweep_s25_cfg3.0,3.13667344453454
anxiolytic.meditation.p1.g3,anxiolytic,meditation,peaceful ambient music for mindfulness meditation,3,stable-audio-3-medium,-16.538175072644904,0.90447998046875,3.5127511800483675,3.2375198973228905,3.260265859667516,117.45383522727272,0.7444690446568885,0.1496170461177826,0.0414432324469089,0.2863112285510897,25,3.0,0,50091,sweep_s25_cfg3.0,3.507134613778123
anxiolytic.study_calm.p0.g1,anxiolytic,study_calm,soft calm background music for focused studying,1,stable-audio-3-medium,-21.72828825248938,0.709381103515625,3.4004478737514128,3.6658808079237857,3.197473248017713,95.703125,1.787662146226415,0.0801762863993644,0.0357348844408988,0.1315547742533448,25,3.0,0,42617,sweep_s25_cfg3.0,3.2577330690372137
anxiolytic.study_calm.p0.g3,anxiolytic,study_calm,soft calm background music for focused studying,3,stable-audio-3-medium,-17.928314037642924,0.8516845703125,4.145522261853605,3.1578574552117336,3.610375097021465,161.4990234375,1.962938890032949,0.1237958520650863,0.0331641621887683,0.1438027118400456,25,3.0,0,17283,sweep_s25_cfg3.0,4.084566686674977
anxiolytic.study_calm.p1.g1,anxiolytic,study_calm,gentle low-key instrumental music for concentration,1,stable-audio-3-medium,-20.547885984838395,0.7060546875,3.1380943711394096,3.202582880618065,2.9116065301779104,107.666015625,1.2582797856945975,0.0618244670331478,0.0275875367224216,0.1031829120969575,25,3.0,0,64939,sweep_s25_cfg3.0,3.0979812108837157
anxiolytic.study_calm.p1.g3,anxiolytic,study_calm,gentle low-key instrumental music for concentration,3,stable-audio-3-medium,-26.13779290983133,0.384765625,2.8642563153389027,3.0780612944472527,2.8371229583713973,103.359375,0.4116809944237918,0.0432508252561092,0.0245979465544223,0.118172811122698,25,3.0,0,2423,sweep_s25_cfg3.0,2.940615084432532
anxiolytic.nature_calm.p0.g1,anxiolytic,nature_calm,gentle rain sounds with soft calming piano,1,stable-audio-3-medium,-20.764071187263045,0.999969482421875,3.4597831813353577,3.6484604961139206,3.6594830989258416,129.19921875,5.51788330078125,0.0357488952577114,0.0451406463980674,0.1206307773586394,25,3.0,0,67081,sweep_s25_cfg3.0,3.6649950219834144
anxiolytic.nature_calm.p0.g3,anxiolytic,nature_calm,gentle rain sounds with soft calming piano,3,stable-audio-3-medium,-19.20109463632212,0.980987548828125,2.8490703200897403,3.258216420278514,4.588966697020383,123.046875,4.5873596482511925,0.0267725884914398,0.0301511362195014,0.0592767428004383,25,3.0,0,11470,sweep_s25_cfg3.0,3.2870332060721346
anxiolytic.nature_calm.p1.g1,anxiolytic,nature_calm,peaceful forest ambience with quiet warm pads,1,stable-audio-3-medium,-37.05300796556139,0.08502197265625,3.41384020196254,3.3490455816710445,5.634852372372748,117.45383522727272,5.8319091796875,0.0111047588288784,0.0315502136945724,0.8689781513126337,25,3.0,0,91315,sweep_s25_cfg3.0,3.395986347426166
anxiolytic.nature_calm.p1.g3,anxiolytic,nature_calm,peaceful forest ambience with quiet warm pads,3,stable-audio-3-medium,-29.889717485320464,0.25775146484375,4.521787884990087,4.445694335568124,6.3458885350963445,129.19921875,5.5294028901357,0.0249711275100708,0.0306798983365297,0.9926630917872572,25,3.0,0,90854,sweep_s25_cfg3.0,4.578653806738581
controls.high_arousal.p0.g1,controls,high_arousal,intense energetic workout music with driving beat,1,stable-audio-3-medium,-14.393175524962496,1.0,5.866886925864017,5.600189530599452,6.405626186182422,129.19921875,4.420163961721817,0.238431304693222,0.0781813785433769,0.1302254515496924,25,3.0,0,47863,sweep_s25_cfg3.0,5.698763333475895
controls.high_arousal.p0.g3,controls,high_arousal,intense energetic workout music with driving beat,3,stable-audio-3-medium,-13.83503691436272,1.0,4.945167489435037,6.068422406223304,7.1521167502567335,129.19921875,4.111111111111111,0.2538037002086639,0.0805248320102691,0.3484601473200872,25,3.0,0,68798,sweep_s25_cfg3.0,4.91974467660833
controls.high_arousal.p1.g1,controls,high_arousal,fast aggressive electronic dance music,1,stable-audio-3-medium,-14.366152631904123,1.0,5.742267581085089,5.715572441542186,7.17102791116748,129.19921875,5.088888888888889,0.2034994661808014,0.0552624352276325,0.404260783886413,25,3.0,0,98079,sweep_s25_cfg3.0,5.814089484700385
controls.high_arousal.p1.g3,controls,high_arousal,fast aggressive electronic dance music,3,stable-audio-3-medium,-19.913098202477023,0.7039794921875,5.969617211980757,6.02585652911947,6.247921555967578,86.1328125,5.972055288461538,0.1141464486718177,0.0528894513845443,0.0724107180868694,25,3.0,0,38294,sweep_s25_cfg3.0,6.144957561960927
controls.high_arousal.p2.g1,controls,high_arousal,"epic dramatic action movie music, loud and powerful",1,stable-audio-3-medium,-14.934396130589514,0.988037109375,4.554734626539343,3.653526068760884,4.104143860387937,135.99917763157896,1.0432094194312795,0.1676665246486663,0.043393574655056,0.2297100598523629,25,3.0,0,29338,sweep_s25_cfg3.0,4.569356177890305
controls.high_arousal.p2.g3,controls,high_arousal,"epic dramatic action movie music, loud and powerful",3,stable-audio-3-medium,-16.52776456480914,0.94403076171875,5.435535129031208,4.273898614507888,4.340999711520473,117.45383522727272,1.279945640297203,0.1345146894454956,0.0300381798297166,0.2379877478807903,25,3.0,0,6308,sweep_s25_cfg3.0,4.992557536075578
controls.high_arousal.p3.g1,controls,high_arousal,high energy upbeat party music,1,stable-audio-3-medium,-15.463359774492048,1.0,6.101327548988336,5.266573748246857,6.15724820743659,129.19921875,4.222222222222222,0.1793598979711532,0.0380049273371696,0.2451429686811195,25,3.0,0,31181,sweep_s25_cfg3.0,6.009713321232563
controls.high_arousal.p3.g3,controls,high_arousal,high energy upbeat party music,3,stable-audio-3-medium,-18.016230330824243,0.8370361328125,6.279611769985365,6.0930807720676485,6.0735633256923744,161.4990234375,4.4911791752710375,0.1078527346253395,0.0357687287032604,0.3119801201456975,25,3.0,0,46993,sweep_s25_cfg3.0,6.405261129933206
controls.high_arousal.p4.g1,controls,high_arousal,fast exciting drum heavy music to get pumped up,1,stable-audio-3-medium,-13.609841797130157,1.0,5.453876148621088,6.049824221989324,6.062104140217106,73.828125,5.003004807692308,0.2225954085588455,0.0794518440961837,0.071332998771385,25,3.0,0,20492,sweep_s25_cfg3.0,5.2760576427538375
controls.high_arousal.p4.g3,controls,high_arousal,fast exciting drum heavy music to get pumped up,3,stable-audio-3-medium,-16.823187700157693,0.954620361328125,5.634547561789202,6.168193675160165,6.380217650104553,161.4990234375,5.394586527122642,0.1246286183595657,0.0725608170032501,0.256474892108573,25,3.0,0,33025,sweep_s25_cfg3.0,5.6918917393460315
controls.high_arousal.p5.g1,controls,high_arousal,adrenaline pumping racing game music,1,stable-audio-3-medium,-15.610439616005742,1.0,5.217372164565126,4.944700150760395,4.619748378350268,107.666015625,3.1696875,0.1730091869831085,0.052493505179882,0.1960923427772108,25,3.0,0,74066,sweep_s25_cfg3.0,5.430107684891739
controls.high_arousal.p5.g3,controls,high_arousal,adrenaline pumping racing game music,3,stable-audio-3-medium,-15.1560897460511,1.0,5.483690378284291,5.50324686339964,5.032228562236001,112.34714673913044,4.070953824626866,0.1965166330337524,0.0434975177049636,0.2444237477274153,25,3.0,0,30544,sweep_s25_cfg3.0,5.261330573971934
controls.high_arousal.p6.g1,controls,high_arousal,loud powerful rock music with heavy drums,1,stable-audio-3-medium,-15.324389738597178,0.999969482421875,5.48238119796682,4.817038331351658,5.369269780217838,86.1328125,2.2584148656542054,0.1926922351121902,0.0391732864081859,0.1344340272912787,25,3.0,0,93606,sweep_s25_cfg3.0,5.563805334754296
controls.high_arousal.p6.g3,controls,high_arousal,loud powerful rock music with heavy drums,3,stable-audio-3-medium,-12.962716143900847,1.0,4.58910459057644,6.272437405368953,5.455682203763377,143.5546875,1.3258486805937328,0.2351884394884109,0.0341398119926452,0.2694528781082104,25,3.0,0,65343,sweep_s25_cfg3.0,4.892745726592601
controls.high_arousal.p7.g1,controls,high_arousal,explosive festival EDM with hard drops,1,stable-audio-3-medium,-13.944981984314014,1.0,5.636432183845862,6.186886479690856,6.702250263709395,129.19921875,6.084735576923077,0.2290003597736358,0.0582306087017059,0.1762403139281893,25,3.0,0,53238,sweep_s25_cfg3.0,5.714678906699936
controls.high_arousal.p7.g3,controls,high_arousal,explosive festival EDM with hard drops,3,stable-audio-3-medium,-14.154891156582613,0.999969482421875,5.918488754696311,6.239099276214661,6.409278073407814,129.19921875,4.933333333333334,0.2229993939399719,0.062422439455986,0.168574760358677,25,3.0,0,218,sweep_s25_cfg3.0,5.835811618462815
controls.high_arousal.p8.g1,controls,high_arousal,urgent intense chase scene music,1,stable-audio-3-medium,-17.547795930754123,0.999969482421875,5.695694347908895,5.202450442089642,4.956107151590026,99.38401442307692,3.321611120345745,0.1031362414360046,0.0414228811860084,0.2258783931740177,25,3.0,0,22026,sweep_s25_cfg3.0,5.309980877661417
controls.high_arousal.p8.g3,controls,high_arousal,urgent intense chase scene music,3,stable-audio-3-medium,-17.075822925222724,1.0,5.89947719374246,4.883698424399086,5.743654854933498,112.34714673913044,5.549678332896805,0.1577291935682296,0.0633035451173782,0.2095106334698612,25,3.0,0,26934,sweep_s25_cfg3.0,5.883489601428154
controls.high_arousal.p9.g1,controls,high_arousal,thunderous battle music with pounding percussion,1,stable-audio-3-medium,-15.092986125878369,1.0,4.595140887498344,4.81679135006778,3.718549188858948,103.359375,3.1229440789473686,0.1805107742547989,0.0466227494180202,0.2001639933031396,25,3.0,0,51382,sweep_s25_cfg3.0,4.46711109052013
controls.high_arousal.p9.g3,controls,high_arousal,thunderous battle music with pounding percussion,3,stable-audio-3-medium,-17.210371164751212,1.0,4.627467502161445,4.371910020803663,3.978117956376639,86.1328125,2.533333333333333,0.1592045724391937,0.0483528040349483,0.2428862346407303,25,3.0,0,41741,sweep_s25_cfg3.0,4.642294380493632
anxiolytic.sleep.p0.g0,anxiolytic,sleep,calm peaceful music for deep sleep,0,stable-audio-3-medium,-22.432348064401783,0.63531494140625,3.29480695179661,3.383199026057086,3.4191897099134025,80.74951171875,0.9420021557767808,0.0528754107654094,0.0222534295171499,0.0938195130942429,50,3.0,0,31544,sweep_s50_cfg3.0,3.2360238548649947
anxiolytic.sleep.p0.g2,anxiolytic,sleep,calm peaceful music for deep sleep,2,stable-audio-3-medium,-19.23242332246927,0.97509765625,3.8527843212331256,2.7799557226817577,3.311465488753722,80.74951171875,1.3777777777777778,0.1285443007946014,0.0403847284615039,0.1904161746423626,50,3.0,0,58090,sweep_s50_cfg3.0,3.6423500286801214
anxiolytic.sleep.p1.g0,anxiolytic,sleep,soft soothing lullaby to help me fall asleep,0,stable-audio-3-medium,-23.900586697492063,0.510955810546875,3.065544474726253,3.6395607788229456,2.9993389299355857,117.45383522727272,1.95234375,0.0492804795503616,0.0349713936448097,0.0183832666733803,50,3.0,0,43532,sweep_s50_cfg3.0,3.056492340338252
anxiolytic.sleep.p1.g2,anxiolytic,sleep,soft soothing lullaby to help me fall asleep,2,stable-audio-3-medium,-16.58976379250315,0.82684326171875,3.919791137569484,3.755883136737419,2.700169212851558,129.19921875,1.2943455430327868,0.0558701306581497,0.0365923345088958,0.0226652006670876,50,3.0,0,22249,sweep_s50_cfg3.0,3.977832341504432
anxiolytic.anxiety_relief.p0.g0,anxiolytic,anxiety_relief,calming music to relieve anxiety and stress,0,stable-audio-3-medium,-16.401483937329026,0.976409912109375,3.6383943641200074,4.618284163653048,4.570615335257943,135.99917763157896,1.9171798656351795,0.1925171464681625,0.0294614750891923,0.2083340689612862,50,3.0,0,54310,sweep_s50_cfg3.0,3.780859008137928
anxiolytic.anxiety_relief.p0.g2,anxiolytic,anxiety_relief,calming music to relieve anxiety and stress,2,stable-audio-3-medium,-19.117134363184785,1.0,2.8740009991980235,3.093347636660328,3.271869811236924,161.4990234375,0.8389559659090909,0.0664957240223884,0.0421513989567756,0.0446978042693346,50,3.0,0,51925,sweep_s50_cfg3.0,2.9945423509981075
anxiolytic.anxiety_relief.p1.g0,anxiolytic,anxiety_relief,soothing music for panic and anxious thoughts,0,stable-audio-3-medium,-17.62873276172861,0.81640625,3.553675310944805,3.0867156296584155,3.326646223521061,117.45383522727272,1.1333333333333333,0.1275234222412109,0.0371734611690044,0.1986120500016314,50,3.0,0,82045,sweep_s50_cfg3.0,3.7581035405086793
anxiolytic.anxiety_relief.p1.g2,anxiolytic,anxiety_relief,soothing music for panic and anxious thoughts,2,stable-audio-3-medium,-18.24781664316324,1.0,3.804896631439496,3.043611126802156,3.375507204630524,64.599609375,1.1917453709983723,0.1163340881466865,0.0706647187471389,0.065681522414313,50,3.0,0,254,sweep_s50_cfg3.0,3.4388625134189867
anxiolytic.meditation.p0.g0,anxiolytic,meditation,slow meditation music with soft sustained tones,0,stable-audio-3-medium,-17.92976587880081,0.741973876953125,3.247295210622158,3.866413052656616,3.634317685664173,117.45383522727272,1.9718349934658324,0.1259165108203888,0.0313405282795429,0.151985113176284,50,3.0,0,69446,sweep_s50_cfg3.0,3.3146819388705095
anxiolytic.meditation.p0.g2,anxiolytic,meditation,slow meditation music with soft sustained tones,2,stable-audio-3-medium,-12.365877601180507,1.0,3.401238158091024,3.072640367835366,2.986967767871805,107.666015625,4.754410503066589,0.4021564126014709,0.0263166408985853,0.0495902234120733,50,3.0,0,69856,sweep_s50_cfg3.0,3.6827747002811195
anxiolytic.meditation.p1.g0,anxiolytic,meditation,peaceful ambient music for mindfulness meditation,0,stable-audio-3-medium,-13.543080965017763,1.0,3.9019902689142216,4.062040625407675,3.1687517191011167,103.359375,2.989473920276618,0.2797191739082336,0.0268540158867836,0.2169928786677044,50,3.0,0,26067,sweep_s50_cfg3.0,3.7711120964848455
anxiolytic.meditation.p1.g2,anxiolytic,meditation,peaceful ambient music for mindfulness meditation,2,stable-audio-3-medium,-17.944390817791383,0.999969482421875,3.476998254744582,4.33725349216954,3.975469952820223,129.19921875,1.9111111111111112,0.1268152147531509,0.0447769351303577,0.094202824199051,50,3.0,0,95865,sweep_s50_cfg3.0,3.9188310994101334
anxiolytic.study_calm.p0.g0,anxiolytic,study_calm,soft calm background music for focused studying,0,stable-audio-3-medium,-15.54270813391672,1.0,3.863921646413496,3.4482357854499077,3.855749679523274,129.19921875,1.9691471389187736,0.1705557852983474,0.035623699426651,0.1486800975305808,50,3.0,0,70191,sweep_s50_cfg3.0,3.7444528607237566
anxiolytic.study_calm.p0.g2,anxiolytic,study_calm,soft calm background music for focused studying,2,stable-audio-3-medium,-16.388408688301023,0.999969482421875,3.976189419434932,3.0449352581838007,3.690087778418537,129.19921875,1.46484375,0.1506108939647674,0.0439428687095642,0.0963620756162266,50,3.0,0,92950,sweep_s50_cfg3.0,3.683049202966046
anxiolytic.study_calm.p1.g0,anxiolytic,study_calm,gentle low-key instrumental music for concentration,0,stable-audio-3-medium,-20.29307138695264,0.7781982421875,3.2773574185049084,3.500643004878961,3.0957248503765458,89.10290948275862,1.1633280996758508,0.089271068572998,0.0355283021926879,0.0610169529872589,50,3.0,0,36971,sweep_s50_cfg3.0,3.267535771164277
anxiolytic.study_calm.p1.g2,anxiolytic,study_calm,gentle low-key instrumental music for concentration,2,stable-audio-3-medium,-23.722176159580822,0.7913818359375,2.972732266361535,3.3141739853799104,3.2338260948449853,143.5546875,1.2760416666666667,0.0611451715230941,0.0259107798337936,0.0978705933646543,50,3.0,0,21188,sweep_s50_cfg3.0,3.0589195141499976
anxiolytic.nature_calm.p0.g0,anxiolytic,nature_calm,gentle rain sounds with soft calming piano,0,stable-audio-3-medium,-25.68275637357971,0.793060302734375,2.4057354746259385,3.063191590563899,3.274778386756417,123.046875,0.2444444444444444,0.0306928120553493,0.0277247913181781,0.1695427964197454,50,3.0,0,8759,sweep_s50_cfg3.0,2.4444286666206736
anxiolytic.nature_calm.p0.g2,anxiolytic,nature_calm,gentle rain sounds with soft calming piano,2,stable-audio-3-medium,-26.63999498828552,0.93658447265625,5.288890156386065,4.60381650782948,5.68342573931205,117.45383522727272,7.226819354944766,0.0301977973431348,0.0452387258410453,0.2011469251954567,50,3.0,0,959,sweep_s50_cfg3.0,5.330647291840869
anxiolytic.nature_calm.p1.g0,anxiolytic,nature_calm,peaceful forest ambience with quiet warm pads,0,stable-audio-3-medium,-25.937975781531414,0.321044921875,4.31349373777405,3.717294415384701,6.037598465274754,123.046875,6.040888247282608,0.0348332673311233,0.0404394045472145,0.7490065514913083,50,3.0,0,76396,sweep_s50_cfg3.0,4.486058725699493
anxiolytic.nature_calm.p1.g2,anxiolytic,nature_calm,peaceful forest ambience with quiet warm pads,2,stable-audio-3-medium,-28.93695712650214,0.29510498046875,4.590762825137051,4.310178155234709,5.903423072657041,117.45383522727272,4.6399998365585775,0.0267069451510906,0.0366460792720317,0.9037574593318138,50,3.0,0,8312,sweep_s50_cfg3.0,4.375782963143708
controls.high_arousal.p0.g0,controls,high_arousal,intense energetic workout music with driving beat,0,stable-audio-3-medium,-12.630841184630304,1.0,6.015214524915127,5.735721679389853,6.698161847641914,129.19921875,4.009320247123431,0.2832813858985901,0.0646567046642303,0.1518458153105508,50,3.0,0,59080,sweep_s50_cfg3.0,5.992711569545618
controls.high_arousal.p0.g2,controls,high_arousal,intense energetic workout music with driving beat,2,stable-audio-3-medium,-16.727151349396618,0.8861083984375,5.369529964090791,5.760741024523587,7.161529372202976,129.19921875,4.649214311079546,0.1891501545906067,0.0673750191926956,0.081747104175457,50,3.0,0,82882,sweep_s50_cfg3.0,5.511598458410754
controls.high_arousal.p1.g0,controls,high_arousal,fast aggressive electronic dance music,0,stable-audio-3-medium,-18.037583599754672,0.968963623046875,5.501034788972486,5.5431862134139775,5.584860457280628,129.19921875,3.100067565380632,0.1016802117228508,0.044351253658533,0.2626916761232189,50,3.0,0,74416,sweep_s50_cfg3.0,5.699780671767632
controls.high_arousal.p1.g2,controls,high_arousal,fast aggressive electronic dance music,2,stable-audio-3-medium,-16.147181587616593,0.969512939453125,5.617727655512124,6.207548524850918,7.169006010775868,129.19921875,5.318509615384615,0.2022935003042221,0.0698946565389633,0.1111023026322878,50,3.0,0,59033,sweep_s50_cfg3.0,5.604770548412708
controls.high_arousal.p2.g0,controls,high_arousal,"epic dramatic action movie music, loud and powerful",0,stable-audio-3-medium,-14.7305090064192,1.0,5.477665692942884,5.110391737072084,4.847420875629763,123.046875,2.1008003048780486,0.172050729393959,0.0331071019172668,0.1404001704692452,50,3.0,0,96405,sweep_s50_cfg3.0,5.386814236161488
controls.high_arousal.p2.g2,controls,high_arousal,"epic dramatic action movie music, loud and powerful",2,stable-audio-3-medium,-16.390651534474863,0.93902587890625,4.41752977569526,4.796124827443234,4.210974561440903,86.1328125,1.874542236328125,0.1490244269371032,0.0334213636815547,0.1692460599167236,50,3.0,0,15900,sweep_s50_cfg3.0,4.527239850893666
controls.high_arousal.p3.g0,controls,high_arousal,high energy upbeat party music,0,stable-audio-3-medium,-16.843372130670897,0.9715576171875,5.049769877731577,4.561082889483449,5.165445139763663,161.4990234375,3.004632994186047,0.1662865281105041,0.052138365805149,0.099473880265802,50,3.0,0,37652,sweep_s50_cfg3.0,5.092570429243219
controls.high_arousal.p3.g2,controls,high_arousal,high energy upbeat party music,2,stable-audio-3-medium,-15.799700859786393,0.952850341796875,5.188320801229766,4.800998477831608,4.752822431120371,99.38401442307692,3.356412914691943,0.1642281413078308,0.0374309346079826,0.1059221993558597,50,3.0,0,67249,sweep_s50_cfg3.0,5.034161256705628
controls.high_arousal.p4.g0,controls,high_arousal,fast exciting drum heavy music to get pumped up,0,stable-audio-3-medium,-15.68156674920838,0.999969482421875,5.929354201337939,4.919392444935591,5.88979785188589,112.34714673913044,4.125048802706924,0.1761501729488372,0.0479524731636047,0.197618850662328,50,3.0,0,61298,sweep_s50_cfg3.0,5.893705885850078
controls.high_arousal.p4.g2,controls,high_arousal,fast exciting drum heavy music to get pumped up,2,stable-audio-3-medium,-17.58862152784848,0.96142578125,5.711224507307669,5.767354742240538,6.579880301319108,143.5546875,6.039663461538462,0.1558339744806289,0.0641051530838012,0.1535210123274908,50,3.0,0,15925,sweep_s50_cfg3.0,5.632164719247544
controls.high_arousal.p5.g0,controls,high_arousal,adrenaline pumping racing game music,0,stable-audio-3-medium,-13.854417658763184,1.0,6.075313928755411,5.952503490901205,5.013627859176997,123.046875,2.7518470447284344,0.209631398320198,0.0406680591404438,0.1657492568885001,50,3.0,0,75432,sweep_s50_cfg3.0,5.69463110728713
controls.high_arousal.p5.g2,controls,high_arousal,adrenaline pumping racing game music,2,stable-audio-3-medium,-14.208639222485289,1.0,5.343528996076199,5.252655578646005,4.792166646403602,123.046875,4.074464439085624,0.2139464914798736,0.0508782789111137,0.2129196666318513,50,3.0,0,35307,sweep_s50_cfg3.0,5.198458211503384
controls.high_arousal.p6.g0,controls,high_arousal,loud powerful rock music with heavy drums,0,stable-audio-3-medium,-13.474812693510591,1.0,5.930773018336122,5.098193242607438,4.945327274456787,117.45383522727272,3.059739332932692,0.2082369327545166,0.0314933881163597,0.1344955643590101,50,3.0,0,25425,sweep_s50_cfg3.0,6.253937539983393
controls.high_arousal.p6.g2,controls,high_arousal,loud powerful rock music with heavy drums,2,stable-audio-3-medium,-12.12344987836801,1.0,5.043244507493713,6.245741616687223,4.52696676982487,123.046875,1.42310443187974,0.2953085601329803,0.0333320088684558,0.1409964249445503,50,3.0,0,31268,sweep_s50_cfg3.0,5.267917966648385
controls.high_arousal.p7.g0,controls,high_arousal,explosive festival EDM with hard drops,0,stable-audio-3-medium,-14.862795034802216,1.0,5.331962893946952,5.606750874929909,6.676634146219477,103.359375,5.228365384615384,0.2022668272256851,0.0445316806435585,0.2030698535294523,50,3.0,0,17720,sweep_s50_cfg3.0,5.3683159817989345
controls.high_arousal.p7.g2,controls,high_arousal,explosive festival EDM with hard drops,2,stable-audio-3-medium,-13.843501941124307,1.0,6.090971126642362,5.897507387509406,6.609692523963588,129.19921875,5.205829326923077,0.2268819063901901,0.0446348078548908,0.1410056174344082,50,3.0,0,78041,sweep_s50_cfg3.0,5.770028650638642
controls.high_arousal.p8.g0,controls,high_arousal,urgent intense chase scene music,0,stable-audio-3-medium,-18.34663789177456,1.0,4.548466270458812,4.69637893006986,4.0616053795230025,135.99917763157896,2.874159520154832,0.114420548081398,0.0400864705443382,0.2248749723216009,50,3.0,0,24672,sweep_s50_cfg3.0,4.696589056728678
controls.high_arousal.p8.g2,controls,high_arousal,urgent intense chase scene music,2,stable-audio-3-medium,-19.434448451046176,1.0,5.093823538415579,5.324310960588009,4.934381903112967,107.666015625,4.422222222222223,0.117291621863842,0.0525682680308818,0.1349830220260801,50,3.0,0,9988,sweep_s50_cfg3.0,5.313305062006644
controls.high_arousal.p9.g0,controls,high_arousal,thunderous battle music with pounding percussion,0,stable-audio-3-medium,-16.86282551751214,0.973541259765625,5.713855539231466,5.131183848951384,5.793247663683677,112.34714673913044,4.258560107655502,0.1467470377683639,0.0462613105773925,0.3224271203401025,50,3.0,0,27116,sweep_s50_cfg3.0,5.511551606654811
controls.high_arousal.p9.g2,controls,high_arousal,thunderous battle music with pounding percussion,2,stable-audio-3-medium,-14.615560829692484,1.0,4.381577532814763,4.668948397617022,3.839214706925209,143.5546875,1.8118552791262137,0.1856930702924728,0.0535154975950717,0.250042431443532,50,3.0,0,50838,sweep_s50_cfg3.0,4.59811537968921
anxiolytic.sleep.p0.g1,anxiolytic,sleep,calm peaceful music for deep sleep,1,stable-audio-3-medium,-21.160124119643957,0.773223876953125,2.678354061628631,3.2460657482129447,2.909520301570826,123.046875,0.7669031719532554,0.0855410993099212,0.0347238630056381,0.1437525134523547,50,3.0,0,2509,sweep_s50_cfg3.0,3.1394423760195878
anxiolytic.sleep.p0.g3,anxiolytic,sleep,calm peaceful music for deep sleep,3,stable-audio-3-medium,-22.295724256830265,0.578643798828125,2.7721507985924467,3.0403071750996244,2.9907776695428794,69.83741554054055,1.013869382022472,0.0448627099394798,0.0318540781736373,0.016402244006588,50,3.0,0,2344,sweep_s50_cfg3.0,2.7638637648031485
anxiolytic.sleep.p1.g1,anxiolytic,sleep,soft soothing lullaby to help me fall asleep,1,stable-audio-3-medium,-19.66328569399433,0.614654541015625,3.5765174770456336,3.363524341190119,2.884085437816929,117.45383522727272,1.851542870603015,0.0660158395767211,0.0377206951379776,0.01632504093554,50,3.0,0,84661,sweep_s50_cfg3.0,3.7587453910762356
anxiolytic.sleep.p1.g3,anxiolytic,sleep,soft soothing lullaby to help me fall asleep,3,stable-audio-3-medium,-21.67697048610793,0.626953125,3.3814988727128275,3.928091159699541,3.4260128860687744,117.45383522727272,1.76859375,0.0793016776442527,0.0537393949925899,0.1093422791974893,50,3.0,0,83244,sweep_s50_cfg3.0,3.344239160642612
anxiolytic.anxiety_relief.p0.g1,anxiolytic,anxiety_relief,calming music to relieve anxiety and stress,1,stable-audio-3-medium,-16.87175227469238,0.999969482421875,3.03589202903401,3.7873368842166126,3.069960613985568,112.34714673913044,1.846362540192926,0.195559486746788,0.0411167182028293,0.1363306310630742,50,3.0,0,36515,sweep_s50_cfg3.0,3.6248939687240744
anxiolytic.anxiety_relief.p0.g3,anxiolytic,anxiety_relief,calming music to relieve anxiety and stress,3,stable-audio-3-medium,-16.744137689507788,0.97589111328125,3.3987044345246797,4.036376519018332,3.973729566077469,143.5546875,1.7608070698466782,0.172405257821083,0.0301360990852117,0.2166008432371854,50,3.0,0,90230,sweep_s50_cfg3.0,3.5375244042872835
anxiolytic.anxiety_relief.p1.g1,anxiolytic,anxiety_relief,soothing music for panic and anxious thoughts,1,stable-audio-3-medium,-21.85565550457133,0.775909423828125,3.341685069502505,3.1032805753723145,3.1949087879810483,117.45383522727272,1.3538490853658536,0.0794879645109176,0.0271297320723533,0.1529435735821569,50,3.0,0,92823,sweep_s50_cfg3.0,3.18493837271642
anxiolytic.anxiety_relief.p1.g3,anxiolytic,anxiety_relief,soothing music for panic and anxious thoughts,3,stable-audio-3-medium,-22.4914273596862,0.73455810546875,3.1515225573277856,3.3799524592026158,3.613238234276072,112.34714673913044,1.0486949573863638,0.0457383058965206,0.0304372049868106,0.0509368283504808,50,3.0,0,41395,sweep_s50_cfg3.0,3.276474141194373
anxiolytic.meditation.p0.g1,anxiolytic,meditation,slow meditation music with soft sustained tones,1,stable-audio-3-medium,-14.095259551420645,1.0,3.3832184570959773,3.593095630225911,3.878372639028525,117.45383522727272,1.569510111816676,0.2566063404083252,0.0297947563230991,0.204138624978348,50,3.0,0,46385,sweep_s50_cfg3.0,3.9091915783235955
anxiolytic.meditation.p0.g3,anxiolytic,meditation,slow meditation music with soft sustained tones,3,stable-audio-3-medium,-15.577442688095282,0.822723388671875,3.4174608407828004,3.032273863223857,2.5832457296579854,123.046875,1.1572111268440464,0.1682170033454895,0.0310308132320642,0.1360727121570846,50,3.0,0,15510,sweep_s50_cfg3.0,3.4104315423067435
anxiolytic.meditation.p1.g1,anxiolytic,meditation,peaceful ambient music for mindfulness meditation,1,stable-audio-3-medium,-15.76062472345216,0.8155517578125,4.092366168069884,4.132966247923159,4.37227302312512,117.45383522727272,2.677468881717598,0.16942098736763,0.0417259223759174,0.1358911252685179,50,3.0,0,7165,sweep_s50_cfg3.0,4.160264330862765
anxiolytic.meditation.p1.g3,anxiolytic,meditation,peaceful ambient music for mindfulness meditation,3,stable-audio-3-medium,-16.81376444466387,0.999969482421875,3.759396020486621,3.754732860168379,3.735421517428589,86.1328125,2.577777777777778,0.1858383268117904,0.0370478741824626,0.1342689316926074,50,3.0,0,50091,sweep_s50_cfg3.0,3.9202721327935928
anxiolytic.study_calm.p0.g1,anxiolytic,study_calm,soft calm background music for focused studying,1,stable-audio-3-medium,-16.594762616576794,0.948272705078125,3.743326751708397,3.247548790494899,3.94506347331074,172.265625,2.0444444444444443,0.1491396576166153,0.0518848523497581,0.157849909951109,50,3.0,0,42617,sweep_s50_cfg3.0,3.6283700591799373
anxiolytic.study_calm.p0.g3,anxiolytic,study_calm,soft calm background music for focused studying,3,stable-audio-3-medium,-16.752148397499642,0.89117431640625,4.214480296578157,3.633101673670124,3.7439765371699183,151.99908088235293,2.099636426592798,0.1456698179244995,0.0405380316078662,0.1113564665101163,50,3.0,0,17283,sweep_s50_cfg3.0,3.8262008328863155
anxiolytic.study_calm.p1.g1,anxiolytic,study_calm,gentle low-key instrumental music for concentration,1,stable-audio-3-medium,-21.28675699433094,0.714996337890625,2.9474211017873064,3.109499137048514,2.8339661068554776,89.10290948275862,0.7555509868421053,0.0585675723850727,0.0196895897388458,0.1051535365217164,50,3.0,0,64939,sweep_s50_cfg3.0,2.9077544588899107
anxiolytic.study_calm.p1.g3,anxiolytic,study_calm,gentle low-key instrumental music for concentration,3,stable-audio-3-medium,-20.721914399871917,0.809661865234375,2.956329046660595,2.9374022872443946,3.10745667522405,123.046875,1.2356037265258215,0.0658671557903289,0.0383771769702434,0.0567953076637052,50,3.0,0,2423,sweep_s50_cfg3.0,3.171285104091961
anxiolytic.nature_calm.p0.g1,anxiolytic,nature_calm,gentle rain sounds with soft calming piano,1,stable-audio-3-medium,-21.886743649811656,0.85906982421875,3.0444872387736743,3.446084898548732,4.3979464470317104,135.99917763157896,3.116499246198217,0.0310346707701683,0.0350170023739337,0.1270482408866018,50,3.0,0,67081,sweep_s50_cfg3.0,3.4195100105657117
anxiolytic.nature_calm.p0.g3,anxiolytic,nature_calm,gentle rain sounds with soft calming piano,3,stable-audio-3-medium,-19.66391627839392,1.0,3.594046032321042,3.668046774036433,4.970829741615419,129.19921875,6.385169615085537,0.0659536197781562,0.0401550717651844,0.1467137011324215,50,3.0,0,11470,sweep_s50_cfg3.0,3.6504019678578543
anxiolytic.nature_calm.p1.g1,anxiolytic,nature_calm,peaceful forest ambience with quiet warm pads,1,stable-audio-3-medium,-28.79274854464452,0.33782958984375,4.44268086623387,4.35321024954919,5.512524745385606,123.046875,1.7757025541492693,0.0247224811464548,0.0356268361210823,1.0243353832216493,50,3.0,0,91315,sweep_s50_cfg3.0,4.400693066427389
anxiolytic.nature_calm.p1.g3,anxiolytic,nature_calm,peaceful forest ambience with quiet warm pads,3,stable-audio-3-medium,-35.93550083732587,0.132232666015625,4.435088275637974,3.827182514341023,6.213113759933697,123.046875,5.329889441906005,0.0116109084337949,0.03245859593153,1.0726640352274155,50,3.0,0,90854,sweep_s50_cfg3.0,4.362874444551655
controls.high_arousal.p0.g1,controls,high_arousal,intense energetic workout music with driving beat,1,stable-audio-3-medium,-14.745994941679603,1.0,6.676192633863547,6.075546327177261,7.034877608492538,129.19921875,5.0480769230769225,0.2356045842170715,0.048482522368431,0.1625453398922019,50,3.0,0,47863,sweep_s50_cfg3.0,6.561702153244715
controls.high_arousal.p0.g3,controls,high_arousal,intense energetic workout music with driving beat,3,stable-audio-3-medium,-11.05246198445727,1.0,6.299982788815554,6.159679671489207,6.290574241777492,129.19921875,3.0008165487207403,0.3457631766796112,0.0582250952720642,0.0970057044814413,50,3.0,0,68798,sweep_s50_cfg3.0,5.966577656936366
controls.high_arousal.p1.g1,controls,high_arousal,fast aggressive electronic dance music,1,stable-audio-3-medium,-17.76809004922325,0.714599609375,4.810916633515455,5.560669022219667,6.194902895728084,129.19921875,6.062199519230769,0.1654244512319564,0.0699189826846122,0.0440971257829716,50,3.0,0,98079,sweep_s50_cfg3.0,5.264835867712855
controls.high_arousal.p1.g3,controls,high_arousal,fast aggressive electronic dance music,3,stable-audio-3-medium,-17.170166135853815,0.9136962890625,5.639594382845947,5.533358293123587,7.341551180772544,129.19921875,8.52308982329843,0.1741445362567901,0.0844779759645462,0.1001966330798872,50,3.0,0,38294,sweep_s50_cfg3.0,5.754061714416965
controls.high_arousal.p2.g1,controls,high_arousal,"epic dramatic action movie music, loud and powerful",1,stable-audio-3-medium,-12.118236503608678,1.0,4.693199480050132,3.960492105547493,4.30111888684085,117.45383522727272,1.4673789041373717,0.2240392714738845,0.0426432229578495,0.1222632330077354,50,3.0,0,29338,sweep_s50_cfg3.0,4.411985350751669
controls.high_arousal.p2.g3,controls,high_arousal,"epic dramatic action movie music, loud and powerful",3,stable-audio-3-medium,-17.84280485522972,0.909820556640625,4.364138987949549,4.590141212459345,4.316010459459811,143.5546875,2.240448880057804,0.130788505077362,0.0350723378360271,0.1334032238484529,50,3.0,0,6308,sweep_s50_cfg3.0,4.6940715718929935
controls.high_arousal.p3.g1,controls,high_arousal,high energy upbeat party music,1,stable-audio-3-medium,-17.284700420782247,0.953948974609375,5.148060175641395,5.111127096232494,5.121736467769685,99.38401442307692,3.7920106132075473,0.1518863886594772,0.0550394691526889,0.1397589798537878,50,3.0,0,31181,sweep_s50_cfg3.0,5.2337548886940315
controls.high_arousal.p3.g3,controls,high_arousal,high energy upbeat party music,3,stable-audio-3-medium,-16.345642350480283,0.971649169921875,5.093945386833785,4.609229468098802,5.034871654260773,161.4990234375,3.4716333805321398,0.1862281113862991,0.0421637892723083,0.1653734932586005,50,3.0,0,46993,sweep_s50_cfg3.0,4.839424244661466
controls.high_arousal.p4.g1,controls,high_arousal,fast exciting drum heavy music to get pumped up,1,stable-audio-3-medium,-16.47456070559468,0.999969482421875,5.620242736236781,5.8728204773472,6.730428778383939,107.666015625,5.335058233394834,0.1743999570608139,0.0766634717583656,0.1292559034947024,50,3.0,0,20492,sweep_s50_cfg3.0,5.456944152493132
controls.high_arousal.p4.g3,controls,high_arousal,fast exciting drum heavy music to get pumped up,3,stable-audio-3-medium,-15.629183094604029,1.0,5.9137287845071125,5.926988348570657,5.348165298130412,143.5546875,3.764389308012487,0.1793485879898071,0.0780403017997741,0.0884425156042141,50,3.0,0,33025,sweep_s50_cfg3.0,5.792206718268517
controls.high_arousal.p5.g1,controls,high_arousal,adrenaline pumping racing game music,1,stable-audio-3-medium,-15.958928066872971,1.0,4.821430461911315,4.864223912813735,4.835317563782122,95.703125,2.510076565029681,0.1591719388961792,0.0433776341378688,0.1557147691592524,50,3.0,0,74066,sweep_s50_cfg3.0,4.73283130707572
controls.high_arousal.p5.g3,controls,high_arousal,adrenaline pumping racing game music,3,stable-audio-3-medium,-12.53823008442074,0.999969482421875,3.958334736620846,4.8585791997501815,4.387101899436105,89.10290948275862,1.3847719051446945,0.2699019610881805,0.0358062088489532,0.1448105584766342,50,3.0,0,30544,sweep_s50_cfg3.0,3.954253660910614
controls.high_arousal.p6.g1,controls,high_arousal,loud powerful rock music with heavy drums,1,stable-audio-3-medium,-14.145282490078332,1.0,5.411494139607249,5.692117831865378,4.690526028743381,129.19921875,1.9514465332031248,0.1843106150627136,0.0332703813910484,0.1628814957827075,50,3.0,0,93606,sweep_s50_cfg3.0,5.4228990902700716
controls.high_arousal.p6.g3,controls,high_arousal,loud powerful rock music with heavy drums,3,stable-audio-3-medium,-12.254443571311052,1.0,5.470041608708753,5.408115106452355,4.958854992971592,123.046875,3.5588348260983262,0.2725682258605957,0.0347192771732807,0.1600859893329023,50,3.0,0,65343,sweep_s50_cfg3.0,5.104952791336872
controls.high_arousal.p7.g1,controls,high_arousal,explosive festival EDM with hard drops,1,stable-audio-3-medium,-16.16828804385436,0.98309326171875,6.045537480106523,5.493438265541096,5.544946178118781,129.19921875,4.266666666666667,0.1874669641256332,0.0623849965631961,0.1948001418034053,50,3.0,0,53238,sweep_s50_cfg3.0,5.770299526302921
controls.high_arousal.p7.g3,controls,high_arousal,explosive festival EDM with hard drops,3,stable-audio-3-medium,-13.261907287715037,1.0,6.004598103831523,5.904767371553033,6.301143669716901,123.046875,6.3702392578125,0.2337170541286468,0.0508231110870838,0.156000407228794,50,3.0,0,218,sweep_s50_cfg3.0,6.047004401860151
controls.high_arousal.p8.g1,controls,high_arousal,urgent intense chase scene music,1,stable-audio-3-medium,-20.017814664305867,1.0,4.947448810001042,4.923059190385403,4.793739919836196,161.4990234375,4.962956886106624,0.1097894683480262,0.0489507168531417,0.1713145641413636,50,3.0,0,22026,sweep_s50_cfg3.0,5.096961533413674
controls.high_arousal.p8.g3,controls,high_arousal,urgent intense chase scene music,3,stable-audio-3-medium,-20.25975344089058,0.989501953125,6.262574058894665,5.516520493955176,5.272189794117774,112.34714673913044,5.6436476209048365,0.1086459979414939,0.0552022047340869,0.1618012226001715,50,3.0,0,26934,sweep_s50_cfg3.0,5.784744058519445
controls.high_arousal.p9.g1,controls,high_arousal,thunderous battle music with pounding percussion,1,stable-audio-3-medium,-15.184699574226586,1.0,5.603374194857374,5.18481930158371,4.918930201221183,92.28515625,5.38330078125,0.1965068280696869,0.0568446107208728,0.2123129092717489,50,3.0,0,51382,sweep_s50_cfg3.0,5.225902018602339
controls.high_arousal.p9.g3,controls,high_arousal,thunderous battle music with pounding percussion,3,stable-audio-3-medium,-20.212122377481712,0.800140380859375,5.177091308330037,5.117350250242116,5.358552778020362,95.703125,4.852225825471698,0.1063036173582077,0.0508200339972972,0.2040987279966542,50,3.0,0,41741,sweep_s50_cfg3.0,5.199628844766762
anxiolytic.sleep.p0.g0,anxiolytic,sleep,calm peaceful music for deep sleep,0,stable-audio-3-medium,-19.31476051154508,0.850067138671875,2.73573710841269,4.031926347033605,4.028893354284849,123.046875,3.715906733960177,0.1141821816563606,0.0739284306764602,0.2704075231530271,50,6.0,0,31544,sweep_s50_cfg6.0,2.9733041627456562
anxiolytic.sleep.p0.g2,anxiolytic,sleep,calm peaceful music for deep sleep,2,stable-audio-3-medium,-15.453887517102464,1.0,3.356678653216728,3.328565343137808,2.94399389129771,117.45383522727272,0.5819784628378378,0.1533425897359848,0.0335374698042869,0.0519304037446165,50,6.0,0,58090,sweep_s50_cfg6.0,3.124425359588687
anxiolytic.sleep.p1.g0,anxiolytic,sleep,soft soothing lullaby to help me fall asleep,0,stable-audio-3-medium,-17.10766402471622,0.889495849609375,3.035573490334255,3.73329193026524,1.840906749884209,112.34714673913044,1.3319507087628866,0.0726598054170608,0.0394025407731533,0.0312244377737446,50,6.0,0,43532,sweep_s50_cfg6.0,3.2443436847104032
anxiolytic.sleep.p1.g2,anxiolytic,sleep,soft soothing lullaby to help me fall asleep,2,stable-audio-3-medium,-12.848032970162214,1.0,3.7643789282216864,3.347633618632249,1.514852476633587,80.74951171875,0.7468162933526012,0.1152969002723693,0.0281759016215801,0.0144226543655446,50,6.0,0,22249,sweep_s50_cfg6.0,3.7404641342486555
anxiolytic.anxiety_relief.p0.g0,anxiolytic,anxiety_relief,calming music to relieve anxiety and stress,0,stable-audio-3-medium,-15.459048266856565,1.0,3.937248817686291,4.155115871615727,4.514873756764505,123.046875,2.6045465848806364,0.1957321614027023,0.0625707432627677,0.1262701015395736,50,6.0,0,54310,sweep_s50_cfg6.0,4.160629450858741
anxiolytic.anxiety_relief.p0.g2,anxiolytic,anxiety_relief,calming music to relieve anxiety and stress,2,stable-audio-3-medium,-19.130133771143885,1.0,3.566708182644724,4.062527069503729,4.145581965078211,129.19921875,2.2334071339706654,0.0885777324438095,0.0627303794026374,0.0700974736526497,50,6.0,0,51925,sweep_s50_cfg6.0,3.529097950176839
anxiolytic.anxiety_relief.p1.g0,anxiolytic,anxiety_relief,soothing music for panic and anxious thoughts,0,stable-audio-3-medium,-14.063037275121262,0.97943115234375,3.646804291559244,3.672954812009983,4.25080588011987,117.45383522727272,1.398699417234154,0.1931898891925811,0.0394005104899406,0.0551039049306425,50,6.0,0,82045,sweep_s50_cfg6.0,3.9697478820198837
anxiolytic.anxiety_relief.p1.g2,anxiolytic,anxiety_relief,soothing music for panic and anxious thoughts,2,stable-audio-3-medium,-16.03488950601121,1.0,3.8938696192214977,4.066451934988756,3.4172448807489246,161.4990234375,1.2879250557450157,0.1429192721843719,0.0513875633478164,0.1147511319715623,50,6.0,0,254,sweep_s50_cfg6.0,3.8421538866083957
anxiolytic.meditation.p0.g0,anxiolytic,meditation,slow meditation music with soft sustained tones,0,stable-audio-3-medium,-13.202745176470083,1.0,3.688763022672776,4.093037182835318,3.677454625676432,135.99917763157896,2.237809020413574,0.2130080163478851,0.0463202111423015,0.1225844668420101,50,6.0,0,69446,sweep_s50_cfg6.0,3.8227671281721536
anxiolytic.meditation.p0.g2,anxiolytic,meditation,slow meditation music with soft sustained tones,2,stable-audio-3-medium,-16.031956398691364,0.844512939453125,3.678397804250449,3.574544904595898,3.570485386272361,129.19921875,2.534637451171875,0.1537250578403473,0.0406242869794368,0.0560937001936353,50,6.0,0,69856,sweep_s50_cfg6.0,3.51383257023042
anxiolytic.meditation.p1.g0,anxiolytic,meditation,peaceful ambient music for mindfulness meditation,0,stable-audio-3-medium,-12.929313975495049,1.0,3.8775797741231135,3.5966747728296298,3.639360736788556,123.046875,2.5754741127145087,0.2355245649814605,0.0407050848007202,0.1385357767401313,50,6.0,0,26067,sweep_s50_cfg6.0,4.1097069605481
anxiolytic.meditation.p1.g2,anxiolytic,meditation,peaceful ambient music for mindfulness meditation,2,stable-audio-3-medium,-15.079950561234533,1.0,4.138770432991284,4.364635666554037,4.638958548689948,135.99917763157896,5.666666666666667,0.1912354528903961,0.0364480130374431,0.1861665274769261,50,6.0,0,95865,sweep_s50_cfg6.0,4.220253244194335
anxiolytic.study_calm.p0.g0,anxiolytic,study_calm,soft calm background music for focused studying,0,stable-audio-3-medium,-14.44291182273338,1.0,4.135227440138687,3.691480554248474,3.446398385651335,92.28515625,2.115069063479624,0.200368657708168,0.0293266233056783,0.1255988378719995,50,6.0,0,70191,sweep_s50_cfg6.0,4.024703772084576
anxiolytic.study_calm.p0.g2,anxiolytic,study_calm,soft calm background music for focused studying,2,stable-audio-3-medium,-14.937648848040714,1.0,3.689021619782929,3.0564256399302403,3.232958722096643,151.99908088235293,1.378480736964378,0.146238625049591,0.0364558510482311,0.0817917185568849,50,6.0,0,92950,sweep_s50_cfg6.0,3.6125786072786696
anxiolytic.study_calm.p1.g0,anxiolytic,study_calm,gentle low-key instrumental music for concentration,0,stable-audio-3-medium,-11.005119969703784,1.0,4.109683975041577,4.925706393177261,4.333866517945989,99.38401442307692,2.6666666666666665,0.2624834477901459,0.0408092252910137,0.0916773298135214,50,6.0,0,36971,sweep_s50_cfg6.0,4.547214534209682
anxiolytic.study_calm.p1.g2,anxiolytic,study_calm,gentle low-key instrumental music for concentration,2,stable-audio-3-medium,-11.872435520682462,1.0,4.599410678569495,4.185482508553492,3.2727340351168905,172.265625,2.329172863710114,0.2514218688011169,0.0332149937748909,0.0681115643328689,50,6.0,0,21188,sweep_s50_cfg6.0,4.564168522458233
anxiolytic.nature_calm.p0.g0,anxiolytic,nature_calm,gentle rain sounds with soft calming piano,0,stable-audio-3-medium,-18.98264403911832,0.999969482421875,3.6402092120818006,3.3733723556522346,2.244605470029576,135.99917763157896,1.3002871225923998,0.0441350303590297,0.0400460325181484,0.0942033737123191,50,6.0,0,8759,sweep_s50_cfg6.0,3.7649367024898526
anxiolytic.nature_calm.p0.g2,anxiolytic,nature_calm,gentle rain sounds with soft calming piano,2,stable-audio-3-medium,-18.011001414494817,0.993560791015625,4.2492435222391975,3.6201349437614816,2.4964115209546778,151.99908088235293,1.2285187202852617,0.0575825273990631,0.0585267581045627,0.062894998063903,50,6.0,0,959,sweep_s50_cfg6.0,4.126004826459059
anxiolytic.nature_calm.p1.g0,anxiolytic,nature_calm,peaceful forest ambience with quiet warm pads,0,stable-audio-3-medium,-26.697643070626523,0.37408447265625,4.720433059319333,4.158591872316512,6.900855444126137,117.45383522727272,5.935577234455959,0.0338435396552085,0.0311103984713554,0.8141803728068047,50,6.0,0,76396,sweep_s50_cfg6.0,4.5017863416057695
anxiolytic.nature_calm.p1.g2,anxiolytic,nature_calm,peaceful forest ambience with quiet warm pads,2,stable-audio-3-medium,-22.938144950231685,0.6326904296875,4.42316018868513,4.492442986953559,6.551387996618667,129.19921875,6.989835569371727,0.0525528490543365,0.033239547163248,0.6072147976090037,50,6.0,0,8312,sweep_s50_cfg6.0,4.2781286477520455
controls.high_arousal.p0.g0,controls,high_arousal,intense energetic workout music with driving beat,0,stable-audio-3-medium,-10.93949098245859,1.0,5.340116101937078,6.700511600859121,6.892716188884553,129.19921875,3.851650349764644,0.3982083201408386,0.069356732070446,0.1081491195144666,50,6.0,0,59080,sweep_s50_cfg6.0,5.234992868360118
controls.high_arousal.p0.g2,controls,high_arousal,intense energetic workout music with driving beat,2,stable-audio-3-medium,-14.366043065534548,0.998046875,6.2631373870496425,5.697958173538448,5.900720598009499,129.19921875,2.931221367801047,0.2410428524017334,0.066279336810112,0.0683994880953034,50,6.0,0,82882,sweep_s50_cfg6.0,6.053499268116515
controls.high_arousal.p1.g0,controls,high_arousal,fast aggressive electronic dance music,0,stable-audio-3-medium,-15.962206700680277,0.999176025390625,5.2728691913411465,6.12866160861479,6.292181927100178,123.046875,5.222222222222222,0.1900698244571685,0.0746137276291847,0.1219220926401549,50,6.0,0,74416,sweep_s50_cfg6.0,5.3613411695680115
controls.high_arousal.p1.g2,controls,high_arousal,fast aggressive electronic dance music,2,stable-audio-3-medium,-12.192119267417144,1.0,5.0943847273424,5.342127425541703,5.749342619205858,117.45383522727272,3.986795976072176,0.2583958804607391,0.0564878806471824,0.1021793957104033,50,6.0,0,59033,sweep_s50_cfg6.0,5.338728481019731
controls.high_arousal.p2.g0,controls,high_arousal,"epic dramatic action movie music, loud and powerful",0,stable-audio-3-medium,-12.160620537016756,1.0,5.176197372396492,5.207674140444257,4.135410324635695,112.34714673913044,0.381118639380531,0.2583003640174866,0.0400759913027286,0.1105505499681981,50,6.0,0,96405,sweep_s50_cfg6.0,5.041750848395536
controls.high_arousal.p2.g2,controls,high_arousal,"epic dramatic action movie music, loud and powerful",2,stable-audio-3-medium,-10.32290107114992,1.0,4.221635049226279,4.7465149099589015,4.13745595015572,117.45383522727272,1.045865235429034,0.281293660402298,0.0558666214346885,0.1707679294878114,50,6.0,0,15900,sweep_s50_cfg6.0,4.3786688475116105
controls.high_arousal.p3.g0,controls,high_arousal,high energy upbeat party music,0,stable-audio-3-medium,-13.692139568483656,1.0,5.963018764202752,6.122806735919138,6.270307702757913,143.5546875,3.809203466441207,0.171626403927803,0.0408757776021957,0.1811364167982618,50,6.0,0,37652,sweep_s50_cfg6.0,6.264061919624689
controls.high_arousal.p3.g2,controls,high_arousal,high energy upbeat party music,2,stable-audio-3-medium,-12.700900888043176,1.0,5.990417739379473,6.276969651940046,6.505662524471391,107.666015625,4.238641036184211,0.2498642206192016,0.0542666614055633,0.1449929989155658,50,6.0,0,67249,sweep_s50_cfg6.0,6.17092057991295
controls.high_arousal.p4.g0,controls,high_arousal,fast exciting drum heavy music to get pumped up,0,stable-audio-3-medium,-13.494185630026346,1.0,5.834056083430633,5.8924685783631725,6.27832111191282,129.19921875,4.487023478403141,0.2428327649831771,0.058009810745716,0.0873316720467827,50,6.0,0,61298,sweep_s50_cfg6.0,5.865288324867919
controls.high_arousal.p4.g2,controls,high_arousal,fast exciting drum heavy music to get pumped up,2,stable-audio-3-medium,-9.192910268056616,1.0,5.210895044350031,5.348722521646749,7.373496528314038,92.28515625,5.531670485569423,0.442501038312912,0.0739048197865486,0.1150207032759395,50,6.0,0,15925,sweep_s50_cfg6.0,5.178493208328606
controls.high_arousal.p5.g0,controls,high_arousal,adrenaline pumping racing game music,0,stable-audio-3-medium,-15.022862194299812,0.962890625,5.049839211704154,4.973469910027162,5.4831658900014695,117.45383522727272,6.488888888888889,0.2202689796686172,0.0480383560061454,0.1596459745777104,50,6.0,0,75432,sweep_s50_cfg6.0,5.372732344860194
controls.high_arousal.p5.g2,controls,high_arousal,adrenaline pumping racing game music,2,stable-audio-3-medium,-13.392399641438056,1.0,4.160508540979394,5.040937524333019,4.820214657782253,89.10290948275862,1.4324159112595418,0.2297855764627456,0.0560823716223239,0.1207363134039967,50,6.0,0,35307,sweep_s50_cfg6.0,3.976913174996846
controls.high_arousal.p6.g0,controls,high_arousal,loud powerful rock music with heavy drums,0,stable-audio-3-medium,-11.259146865374744,1.0,4.421038608485008,5.343714405117046,5.16172293015843,123.046875,2.041168212890625,0.3015006482601166,0.0448445230722427,0.1737298928153621,50,6.0,0,25425,sweep_s50_cfg6.0,4.5824068296899165
controls.high_arousal.p6.g2,controls,high_arousal,loud powerful rock music with heavy drums,2,stable-audio-3-medium,-10.458350432343272,1.0,5.122829717190908,5.246629224458444,5.11591938542208,123.046875,1.8559250876168225,0.3099335730075836,0.0347963385283947,0.2433630489568627,50,6.0,0,31268,sweep_s50_cfg6.0,4.91225350481338
controls.high_arousal.p7.g0,controls,high_arousal,explosive festival EDM with hard drops,0,stable-audio-3-medium,-12.455434646849074,1.0,5.243456611823077,5.1979687260755885,5.473127400346582,129.19921875,2.844444444444445,0.2337073385715484,0.0482258088886737,0.1761989018027643,50,6.0,0,17720,sweep_s50_cfg6.0,5.426221814321751
controls.high_arousal.p7.g2,controls,high_arousal,explosive festival EDM with hard drops,2,stable-audio-3-medium,-11.507070596551351,1.0,5.151781811913047,5.716513688420644,7.360050022462115,123.046875,4.355555555555555,0.3127004206180572,0.046728566288948,0.1563707348557376,50,6.0,0,78041,sweep_s50_cfg6.0,5.213429985858561
controls.high_arousal.p8.g0,controls,high_arousal,urgent intense chase scene music,0,stable-audio-3-medium,-17.464988331198402,1.0,4.374744762841468,4.711632650416052,4.068591328076825,117.45383522727272,2.495263881437768,0.1274064481258392,0.0400459356606006,0.1722305984970584,50,6.0,0,24672,sweep_s50_cfg6.0,4.771153548800164
controls.high_arousal.p8.g2,controls,high_arousal,urgent intense chase scene music,2,stable-audio-3-medium,-16.8583645043446,0.876495361328125,4.737138207721607,4.947866236827467,4.014196058351386,112.34714673913044,3.011636800699301,0.1259305030107498,0.0659296810626983,0.1528061584297105,50,6.0,0,9988,sweep_s50_cfg6.0,4.824155211077401
controls.high_arousal.p9.g0,controls,high_arousal,thunderous battle music with pounding percussion,0,stable-audio-3-medium,-12.697904981943427,1.0,5.16752139286684,3.374217491458312,3.661267024899512,117.45383522727272,0.9988432949029128,0.1892546117305755,0.0407377146184444,0.2488977268139516,50,6.0,0,27116,sweep_s50_cfg6.0,4.886529217915411
controls.high_arousal.p9.g2,controls,high_arousal,thunderous battle music with pounding percussion,2,stable-audio-3-medium,-11.09852993272758,1.0,3.908278719094122,4.048038759322069,4.494245958132009,123.046875,2.359803082191781,0.2980554103851318,0.0458723008632659,0.2865599140696191,50,6.0,0,50838,sweep_s50_cfg6.0,4.280888652885115
anxiolytic.sleep.p0.g1,anxiolytic,sleep,calm peaceful music for deep sleep,1,stable-audio-3-medium,-17.445675906835213,0.999969482421875,2.7124135908010825,3.178849339198893,2.740983891855444,80.74951171875,0.846233155204461,0.1210797280073165,0.0309552364051342,0.058062215153281,50,6.0,0,2509,sweep_s50_cfg6.0,2.9226127704075084
anxiolytic.sleep.p0.g3,anxiolytic,sleep,calm peaceful music for deep sleep,3,stable-audio-3-medium,-16.067141768923005,1.0,2.731901046628756,3.0107165486384018,2.4517768831907905,123.046875,0.4510814326074972,0.0789747834205627,0.031969740986824,0.0085630520929256,50,6.0,0,2344,sweep_s50_cfg6.0,2.8495199819472092
anxiolytic.sleep.p1.g1,anxiolytic,sleep,soft soothing lullaby to help me fall asleep,1,stable-audio-3-medium,-13.88380781540378,1.0,4.224705454581869,3.944490568577444,3.2284361708286005,117.45383522727272,1.995089107428115,0.1409140974283218,0.0556153692305088,0.0538723045582421,50,6.0,0,84661,sweep_s50_cfg6.0,4.056417758022768
anxiolytic.sleep.p1.g3,anxiolytic,sleep,soft soothing lullaby to help me fall asleep,3,stable-audio-3-medium,-18.55857342463792,0.950531005859375,3.399767948647324,3.10929323114359,3.36127607721308,123.046875,1.7333333333333334,0.1106726080179214,0.0759147778153419,0.1638797294729598,50,6.0,0,83244,sweep_s50_cfg6.0,3.4589704424461587
anxiolytic.anxiety_relief.p0.g1,anxiolytic,anxiety_relief,calming music to relieve anxiety and stress,1,stable-audio-3-medium,-12.903229886111037,0.999969482421875,3.4225268722487177,3.863749533731818,4.624131176322159,129.19921875,0.5365803595612134,0.2141828685998916,0.0303973723202943,0.0358215393719361,50,6.0,0,36515,sweep_s50_cfg6.0,3.653154002870545
anxiolytic.anxiety_relief.p0.g3,anxiolytic,anxiety_relief,calming music to relieve anxiety and stress,3,stable-audio-3-medium,-15.209699820573189,1.0,3.606991106953165,3.72920981707866,4.426092844969089,107.666015625,1.9732735534361132,0.2256013303995132,0.036606341600418,0.0652888900162162,50,6.0,0,90230,sweep_s50_cfg6.0,3.543486442006268
anxiolytic.anxiety_relief.p1.g1,anxiolytic,anxiety_relief,soothing music for panic and anxious thoughts,1,stable-audio-3-medium,-15.526039701990088,1.0,4.538611356649136,3.76005339783267,4.00737894054047,86.1328125,2.795067903037383,0.1657719016075134,0.0522458814084529,0.1339160772002171,50,6.0,0,92823,sweep_s50_cfg6.0,4.584120422165405
anxiolytic.anxiety_relief.p1.g3,anxiolytic,anxiety_relief,soothing music for panic and anxious thoughts,3,stable-audio-3-medium,-18.30243082985001,0.999969482421875,3.737215817893708,3.258990725080254,3.7774414253454487,112.34714673913044,1.1412947032179557,0.0800118222832679,0.0499513670802116,0.0810950139451929,50,6.0,0,41395,sweep_s50_cfg6.0,4.062676686052649
anxiolytic.meditation.p0.g1,anxiolytic,meditation,slow meditation music with soft sustained tones,1,stable-audio-3-medium,-15.000753889715575,0.937347412109375,3.698312377874472,4.061134011835496,3.896474800273461,117.45383522727272,2.5608411213065616,0.1608425974845886,0.0610020160675048,0.0182300586243032,50,6.0,0,46385,sweep_s50_cfg6.0,3.868645403694341
anxiolytic.meditation.p0.g3,anxiolytic,meditation,slow meditation music with soft sustained tones,3,stable-audio-3-medium,-13.476172614092064,0.999969482421875,3.4709475094444957,3.369785106838384,3.748473523493904,123.046875,6.139539704734651,0.2514145076274872,0.0315128341317176,0.0755996495316941,50,6.0,0,15510,sweep_s50_cfg6.0,3.7401527818065134
anxiolytic.meditation.p1.g1,anxiolytic,meditation,peaceful ambient music for mindfulness meditation,1,stable-audio-3-medium,-13.015221902021366,1.0,3.887610282726797,3.63282233765768,3.94478842409372,117.45383522727272,4.28623000592417,0.2551465034484863,0.0291093327105045,0.1012425506298119,50,6.0,0,7165,sweep_s50_cfg6.0,3.8696449068944423
anxiolytic.meditation.p1.g3,anxiolytic,meditation,peaceful ambient music for mindfulness meditation,3,stable-audio-3-medium,-14.035614090793224,1.0,4.000375510472017,4.30824925051155,4.086608130191953,117.45383522727272,2.8516337819343067,0.2022047340869903,0.037647321820259,0.1059966386725352,50,6.0,0,50091,sweep_s50_cfg6.0,4.022143907337485
anxiolytic.study_calm.p0.g1,anxiolytic,study_calm,soft calm background music for focused studying,1,stable-audio-3-medium,-15.870781092093392,0.98095703125,3.807313843485493,4.098485185467214,3.8033232385457296,117.45383522727272,3.427528025242401,0.1445734947919845,0.0402211733162403,0.2288193453314046,50,6.0,0,42617,sweep_s50_cfg6.0,3.60122059124812
anxiolytic.study_calm.p0.g3,anxiolytic,study_calm,soft calm background music for focused studying,3,stable-audio-3-medium,-14.961151399365866,1.0,4.228963484072567,3.651911769507225,3.466150216665416,99.38401442307692,2.333333333333333,0.2140519022941589,0.0352710932493209,0.0642739530702576,50,6.0,0,17283,sweep_s50_cfg6.0,3.7603851469834177
anxiolytic.study_calm.p1.g1,anxiolytic,study_calm,gentle low-key instrumental music for concentration,1,stable-audio-3-medium,-22.25413211303946,0.68585205078125,3.064556931400578,3.4525978947836964,2.789798743774289,135.99917763157896,0.9100138668779716,0.0688529089093208,0.0276073236018419,0.0408011845467715,50,6.0,0,64939,sweep_s50_cfg6.0,2.8271706089683084
anxiolytic.study_calm.p1.g3,anxiolytic,study_calm,gentle low-key instrumental music for concentration,3,stable-audio-3-medium,-16.25872205203136,1.0,4.891404028334691,4.876170719169659,5.273915624201134,117.45383522727272,4.864495628238342,0.1817299127578735,0.0559482052922248,0.0921927053521934,50,6.0,0,2423,sweep_s50_cfg6.0,5.187861191954637
anxiolytic.nature_calm.p0.g1,anxiolytic,nature_calm,gentle rain sounds with soft calming piano,1,stable-audio-3-medium,-21.32091763873282,1.0,4.599588202011606,5.457063078614316,5.310543361642071,129.19921875,6.814162451044386,0.0809110701084137,0.0545973777770996,0.2626266168259396,50,6.0,0,67081,sweep_s50_cfg6.0,4.2726983100246345
anxiolytic.nature_calm.p0.g3,anxiolytic,nature_calm,gentle rain sounds with soft calming piano,3,stable-audio-3-medium,-18.68258717142937,1.0,4.826837570755039,5.461220094943422,4.964725892094008,129.19921875,6.142700577978057,0.0796042829751968,0.0588633045554161,0.1665104330110735,50,6.0,0,11470,sweep_s50_cfg6.0,4.494646669195627
anxiolytic.nature_calm.p1.g1,anxiolytic,nature_calm,peaceful forest ambience with quiet warm pads,1,stable-audio-3-medium,-16.004193001230803,0.999969482421875,4.613346989407318,4.906132449986736,6.227012266884018,129.19921875,3.140729521904512,0.110818050801754,0.034375324845314,0.9938076153958127,50,6.0,0,91315,sweep_s50_cfg6.0,4.794101791331572
anxiolytic.nature_calm.p1.g3,anxiolytic,nature_calm,peaceful forest ambience with quiet warm pads,3,stable-audio-3-medium,-17.725237914670625,0.96710205078125,4.6939885232029495,4.870503110186779,6.132215136956106,123.046875,3.172603595219436,0.0990812927484512,0.0338870324194431,0.8888593976046266,50,6.0,0,90854,sweep_s50_cfg6.0,5.057391315496993
controls.high_arousal.p0.g1,controls,high_arousal,intense energetic workout music with driving beat,1,stable-audio-3-medium,-10.128518879145773,1.0,5.577802894167212,5.656710336394535,6.783372835051973,129.19921875,6.084735576923077,0.4024337828159332,0.0642989128828048,0.0947184001250687,50,6.0,0,47863,sweep_s50_cfg6.0,5.586258107327594
controls.high_arousal.p0.g3,controls,high_arousal,intense energetic workout music with driving beat,3,stable-audio-3-medium,-10.670330390946033,1.0,5.758751997096871,6.028195323909516,6.6734334619271,143.5546875,5.022222222222222,0.3456911146640777,0.0759724155068397,0.1093048435342266,50,6.0,0,68798,sweep_s50_cfg6.0,5.7785463494288125
controls.high_arousal.p1.g1,controls,high_arousal,fast aggressive electronic dance music,1,stable-audio-3-medium,-17.85740856358332,0.886749267578125,5.73638054389703,6.096212058536097,6.072550818720358,107.666015625,5.466666666666667,0.1218706890940666,0.0716549232602119,0.0517277814777704,50,6.0,0,98079,sweep_s50_cfg6.0,5.8837204466981605
controls.high_arousal.p1.g3,controls,high_arousal,fast aggressive electronic dance music,3,stable-audio-3-medium,-17.101866864388793,1.0,4.68723232979527,5.280634742587261,6.0665457642034895,129.19921875,3.5606971153846154,0.1684227883815765,0.0753434970974922,0.0984403092984335,50,6.0,0,38294,sweep_s50_cfg6.0,5.059928213682165
controls.high_arousal.p2.g1,controls,high_arousal,"epic dramatic action movie music, loud and powerful",1,stable-audio-3-medium,-10.458603885944772,1.0,5.921992013084738,5.936397309756852,4.498053301155185,117.45383522727272,1.798377403846154,0.2781197130680084,0.0397952608764171,0.1537156113768748,50,6.0,0,29338,sweep_s50_cfg6.0,5.731119732987958
controls.high_arousal.p2.g3,controls,high_arousal,"epic dramatic action movie music, loud and powerful",3,stable-audio-3-medium,-11.633371168555447,1.0,4.477299105190211,4.702237532170701,3.919341557490315,117.45383522727272,1.7843863731802911,0.2039549052715301,0.0381175130605697,0.1530782140056109,50,6.0,0,6308,sweep_s50_cfg6.0,4.369934595005783
controls.high_arousal.p3.g1,controls,high_arousal,high energy upbeat party music,1,stable-audio-3-medium,-11.582505675026574,1.0,6.47745982825366,6.324633689022978,6.089968815667267,135.99917763157896,4.792656494905956,0.221303179860115,0.0387089252471923,0.1626468035323076,50,6.0,0,31181,sweep_s50_cfg6.0,6.310460738557017
controls.high_arousal.p3.g3,controls,high_arousal,high energy upbeat party music,3,stable-audio-3-medium,-17.90579927355793,0.99945068359375,5.268887792837225,5.063839474354672,5.990024668120064,129.19921875,5.455671939632885,0.1472262293100357,0.072927288711071,0.1067182145308505,50,6.0,0,46993,sweep_s50_cfg6.0,5.207318245587599
controls.high_arousal.p4.g1,controls,high_arousal,fast exciting drum heavy music to get pumped up,1,stable-audio-3-medium,-10.609073386461649,1.0,5.179379455063324,5.337497474689379,5.886552819371059,161.4990234375,2.2203947368421053,0.1883738040924072,0.0413103923201561,0.2148511292285962,50,6.0,0,20492,sweep_s50_cfg6.0,5.075168718656342
controls.high_arousal.p4.g3,controls,high_arousal,fast exciting drum heavy music to get pumped up,3,stable-audio-3-medium,-12.35325108196927,1.0,6.03448999522162,6.141221319642952,7.080865344303488,107.666015625,4.747830538221529,0.2604001462459564,0.0661256909370422,0.0986554043595834,50,6.0,0,33025,sweep_s50_cfg6.0,5.832937980486075
controls.high_arousal.p5.g1,controls,high_arousal,adrenaline pumping racing game music,1,stable-audio-3-medium,-15.73163252189859,1.0,5.341152772287425,5.032154371405422,5.053794123687481,117.45383522727272,4.732818603515625,0.1831257343292236,0.0626115053892135,0.1553936441165416,50,6.0,0,74066,sweep_s50_cfg6.0,5.285841110389255
controls.high_arousal.p5.g3,controls,high_arousal,adrenaline pumping racing game music,3,stable-audio-3-medium,-15.477287016168054,1.0,3.6989136749796,4.077724737021919,3.043179981856889,123.046875,0.6529383459388765,0.1679413914680481,0.0343096107244491,0.1084058893914506,50,6.0,0,30544,sweep_s50_cfg6.0,3.664974209786217
controls.high_arousal.p6.g1,controls,high_arousal,loud powerful rock music with heavy drums,1,stable-audio-3-medium,-10.214675826456473,1.0,5.046847557945847,5.519633602560367,5.260388583042538,92.28515625,1.8116326377795529,0.2586206197738647,0.032707642763853,0.188601917593822,50,6.0,0,93606,sweep_s50_cfg6.0,4.853490768343713
controls.high_arousal.p6.g3,controls,high_arousal,loud powerful rock music with heavy drums,3,stable-audio-3-medium,-11.28204235216344,1.0,5.375413119420833,5.54717677330119,5.7431191447377214,123.046875,2.2888888888888888,0.2829391062259674,0.0395751111209392,0.131542733221844,50,6.0,0,65343,sweep_s50_cfg6.0,5.269920116897304
controls.high_arousal.p7.g1,controls,high_arousal,explosive festival EDM with hard drops,1,stable-audio-3-medium,-11.389834343127273,1.0,5.186829655458864,6.246419784403277,6.135089156175003,129.19921875,4.0790264423076925,0.3121206760406494,0.0427538007497787,0.1712612530345416,50,6.0,0,53238,sweep_s50_cfg6.0,5.092649956086073
controls.high_arousal.p7.g3,controls,high_arousal,explosive festival EDM with hard drops,3,stable-audio-3-medium,-12.840435839606403,1.0,5.7052781437806095,5.292455348031217,5.8129197962114425,129.19921875,4.311111111111111,0.2606572806835174,0.0447436235845088,0.144064744285328,50,6.0,0,218,sweep_s50_cfg6.0,5.64658498559197
controls.high_arousal.p8.g1,controls,high_arousal,urgent intense chase scene music,1,stable-audio-3-medium,-17.663064405796174,1.0,4.177016441428738,4.750492582410075,3.962517349291928,123.046875,2.5386994656133828,0.1333445608615875,0.0415856130421161,0.1867349388680698,50,6.0,0,22026,sweep_s50_cfg6.0,4.2951566149565155
controls.high_arousal.p8.g3,controls,high_arousal,urgent intense chase scene music,3,stable-audio-3-medium,-16.209147660932924,1.0,4.568814507022768,4.247730107756845,4.005415697947835,135.99917763157896,1.011164287620064,0.1309826523065567,0.0268856771290302,0.2391271406412601,50,6.0,0,26934,sweep_s50_cfg6.0,4.708777119190327
controls.high_arousal.p9.g1,controls,high_arousal,thunderous battle music with pounding percussion,1,stable-audio-3-medium,-11.4058381886607,1.0,4.969302837905445,5.06152134942602,4.8413858728066135,107.666015625,4.805496977948991,0.373648464679718,0.0535972416400909,0.1990677058740491,50,6.0,0,51382,sweep_s50_cfg6.0,4.990763198111626
controls.high_arousal.p9.g3,controls,high_arousal,thunderous battle music with pounding percussion,3,stable-audio-3-medium,-16.20942798395461,1.0,4.0326044586411625,4.270050461330757,3.2306112410332277,123.046875,1.2659820116247995,0.1221407055854797,0.0446605682373046,0.1127901515550738,50,6.0,0,41741,sweep_s50_cfg6.0,4.230958562110383
