clip_id,prompt_id,group,category,prompt,seed,clip_seed,num_inference_steps,cfg_scale,duration_s,lufs_in,proxy_arousal_deploy,proxy_valence_deploy,proxy_arousal_foldmean,proxy_arousal_lufs23_deploy,proxy_arousal_lufs23_foldmean,aux_arousal,aux_arousal_lufs23,clap_similarity,tempo_bpm,onset_density,spectral_flux_mean,roughness,rms_mean,spectral_centroid_mean,mode_majorness
anxiolytic.sleep.p0.g0,anxiolytic.sleep.p0,anxiolytic,sleep,calm peaceful music for deep sleep,0,31544,8,1.0,45.0,-31.393068494188828,3.003756623657849,2.8769223420469823,3.246581384283265,3.010906731772607,3.086070508057198,3.173081225277217,3.1750623421117035,0.3357634541014924,143.5546875,0.5874745868310598,0.0344209149479866,0.1223519728385984,0.0186392664909362,532.9737526306109,0.0919680455622851
anxiolytic.sleep.p0.g2,anxiolytic.sleep.p0,anxiolytic,sleep,calm peaceful music for deep sleep,0,58090,8,1.0,45.0,-27.569173099563415,3.290951592451658,3.142010949204542,3.4854557846080176,3.3157266763654887,3.4703312855518673,3.3454924811871454,3.391403279434985,0.3251968514764877,60.09265988372093,0.6682320926966292,0.0357377417385578,0.0581659339494905,0.0313284210860729,726.8417800460483,0.2551818866177308
anxiolytic.sleep.p0.g4,anxiolytic.sleep.p0,anxiolytic,sleep,calm peaceful music for deep sleep,0,66674,8,1.0,45.0,-31.833760697390375,3.432701476220317,2.693730468296402,3.293376109863231,2.951438506964391,2.9583727213101225,2.914868145929459,2.957114864696722,0.3196696337841053,86.1328125,0.8444444444444444,0.0368896387517452,0.0422944155241194,0.0159218497574329,923.23676971114,-0.1960159321176565
anxiolytic.sleep.p0.g6,anxiolytic.sleep.p0,anxiolytic,sleep,calm peaceful music for deep sleep,0,61054,8,1.0,45.0,-23.63362751764737,2.861448699118116,3.431320362137265,3.0028588296360472,2.940680782197227,3.0606420061059807,2.373523364268028,2.364732880035485,0.3697559233782604,123.046875,0.4810609208776595,0.0454782173037529,0.0675128492809035,0.0512064807116985,457.3603871697025,0.1941096357345958
anxiolytic.sleep.p0.g8,anxiolytic.sleep.p0,anxiolytic,sleep,calm peaceful music for deep sleep,0,57134,8,1.0,45.0,-27.390029689743372,3.0998281483857024,3.202615639619881,3.2601950047500425,2.81750354909666,3.057501607792176,3.5525354679209604,3.587804847371157,0.3884232636382185,123.046875,6.51500146713615,0.0414912067353725,0.076367628244319,0.0417707823216915,437.41257340074014,0.2672308750837359
anxiolytic.sleep.p0.g10,anxiolytic.sleep.p0,anxiolytic,sleep,calm peaceful music for deep sleep,0,58039,8,1.0,45.0,-27.33327685293505,3.5103666659020023,2.842754584287578,3.2302886490277745,3.1182062614786465,3.0624492744955933,3.236903748017493,3.281118387660662,0.3290695748531805,123.046875,0.7303383992067833,0.0433068424463272,0.0265233799592934,0.0225559026002883,1136.79766204171,0.2373046730706051
anxiolytic.sleep.p1.g0,anxiolytic.sleep.p1,anxiolytic,sleep,soft soothing lullaby to help me fall asleep,0,43532,8,1.0,45.0,-20.988215660438645,3.7644228541078126,3.264267514701946,3.816104775893914,3.627270955323843,3.603441490480736,3.81449205124137,3.791072741382112,0.3311173018482192,135.99917763157896,1.249595207253886,0.030852448195219,0.017468390353411,0.0582295581698417,1173.3819007710806,0.3181453146039906
anxiolytic.sleep.p1.g2,anxiolytic.sleep.p1,anxiolytic,sleep,soft soothing lullaby to help me fall asleep,0,22249,8,1.0,45.0,-24.698463993599933,3.444511150987654,3.741791107296632,3.416312487285416,3.651325927578128,3.535987492302092,1.5311588300146086,1.5545027581282809,0.3399594625387125,89.10290948275862,1.6670866935483872,0.036882109940052,0.0183345380976913,0.040312260389328,1467.131446414994,0.1541832880349528
anxiolytic.sleep.p1.g4,anxiolytic.sleep.p1,anxiolytic,sleep,soft soothing lullaby to help me fall asleep,0,38613,8,1.0,45.0,-24.416092004699752,2.7502856169924192,3.3071792823261514,3.132910982331863,2.828625666471712,3.171137915987576,2.676160495682186,2.6906089989774125,0.4198257918927962,117.45383522727272,1.781216802407932,0.0358396507799625,0.021830382103848,0.047391626983881,1026.522637075396,-0.0009477426020841
anxiolytic.sleep.p1.g6,anxiolytic.sleep.p1,anxiolytic,sleep,soft soothing lullaby to help me fall asleep,0,39438,8,1.0,45.0,-20.625980157214077,2.7077621387125634,3.149382007774917,2.8145346795941384,2.697159513459217,2.82058501875771,1.7310849571796694,1.7074238488439382,0.3571329922164258,112.34714673913044,0.9244621236910994,0.036478403955698,0.0292732138668106,0.0767745226621627,805.5684228411421,0.0438780418318698
anxiolytic.sleep.p1.g8,anxiolytic.sleep.p1,anxiolytic,sleep,soft soothing lullaby to help me fall asleep,0,15189,8,1.0,45.0,-23.354993297450555,3.443873434375993,3.114904455695886,3.3473683211119294,3.393514183789547,3.387319399851207,2.9171226485173074,2.921513933593649,0.3641743873396251,58.72691761363637,0.938216076647184,0.0295078419148921,0.0113077531202229,0.0565564706921577,942.615399742794,0.2835948268059763
anxiolytic.sleep.p1.g10,anxiolytic.sleep.p1,anxiolytic,sleep,soft soothing lullaby to help me fall asleep,0,37375,8,1.0,45.0,-27.648356220876632,3.048985026802239,2.9220510197638703,3.0911795940106677,3.11918938329466,3.098228908374541,1.84385207785478,1.870664813413831,0.3626735206791965,99.38401442307692,1.1553849125460285,0.032866820693016,0.0291994830585786,0.0332722812891006,967.1605676268616,0.1912489648416148
anxiolytic.sleep.p2.g0,anxiolytic.sleep.p2,anxiolytic,sleep,"gentle ambient sleep music, very slow and quiet",0,94877,8,1.0,45.0,-27.569234903932145,2.955603164281216,3.48947830961372,3.095422361113079,2.984415723063691,3.1484639656027205,3.250264323862618,3.272234667061253,0.3391174478855996,83.35433467741936,0.8489382159030368,0.0562086999416351,0.0488216766793289,0.022774102166295,1009.9848697707404,0.0853513331944431
anxiolytic.sleep.p2.g2,anxiolytic.sleep.p2,anxiolytic,sleep,"gentle ambient sleep music, very slow and quiet",0,35643,8,1.0,45.0,-21.75271042995171,2.6771225876683755,3.4156141272845284,2.8545216058313367,2.592515871565237,2.8198463740515,1.9265847288185909,1.927775648491287,0.3245098378405156,60.09265988372093,0.5442831753554502,0.0296003576368093,0.0047614503062567,0.0502111986279487,846.1580889514494,-0.0089061397825391
anxiolytic.sleep.p2.g4,anxiolytic.sleep.p2,anxiolytic,sleep,"gentle ambient sleep music, very slow and quiet",0,86157,8,1.0,45.0,-28.46878153270894,3.362501659790413,2.4951164215313884,3.1579331585533703,3.1073324120281773,3.025624674072417,2.2255984191443634,2.2446589570329376,0.2944963746998039,123.046875,0.3354081483644859,0.0275011472404003,0.0961177546146351,0.0404029861092567,274.5392511556292,0.1382950322805809
anxiolytic.sleep.p2.g6,anxiolytic.sleep.p2,anxiolytic,sleep,"gentle ambient sleep music, very slow and quiet",0,77708,8,1.0,45.0,-24.540148069005166,2.3996197729046584,3.221890701122296,2.840327434213388,2.411551644715616,2.775665959096439,2.928364949933802,2.93010555793,0.3491188492334847,117.45383522727272,0.4244096051607883,0.0357246026396751,0.0613555285659674,0.055993128567934,456.54470269094674,0.3324074086888549
anxiolytic.sleep.p2.g8,anxiolytic.sleep.p2,anxiolytic,sleep,"gentle ambient sleep music, very slow and quiet",0,73999,8,1.0,45.0,-28.47419338922502,3.236771440892512,2.8122283605470546,3.0861045875677684,2.862605789761706,2.8722431775682806,2.755568528890663,2.7853221274074857,0.3933637074687576,80.74951171875,0.5218795277924131,0.0335374288260936,0.0786209217508121,0.0363507531583309,381.1655025832558,0.1517270374918499
anxiolytic.sleep.p2.g10,anxiolytic.sleep.p2,anxiolytic,sleep,"gentle ambient sleep music, very slow and quiet",0,44298,8,1.0,45.0,-37.90770270958956,3.1748266059211496,2.6940785839428547,3.1831854844225616,2.504421276403611,2.7890520387512012,1.201416087286045,1.224150312278177,0.3075114554085567,123.046875,0.4264000618811881,0.0685201287269592,0.0559435671562986,0.0079766409471631,708.8301364285396,0.1406923390766041
anxiolytic.sleep.p3.g0,anxiolytic.sleep.p3,anxiolytic,sleep,relaxing bedtime music with warm soft tones,0,17551,8,1.0,45.0,-25.266045985367743,3.296322877621148,3.5101147693105044,3.332669630571318,3.448194830913424,3.282765473474798,3.363957291372925,3.3904003544786168,0.3557425859878541,78.30255681818181,1.2027138157894737,0.0302230063825845,0.0354179869678142,0.0422566905617713,1247.2908160019847,0.1906757356697644
anxiolytic.sleep.p3.g2,anxiolytic.sleep.p3,anxiolytic,sleep,relaxing bedtime music with warm soft tones,0,36863,8,1.0,45.0,-19.905599461617157,3.741478096783778,3.4942682528230318,3.541919349255668,3.531564812550717,3.469680862005609,3.6214601937541127,3.5690465047181936,0.5100798017741373,95.703125,1.43169822386059,0.0347354114055633,0.1246871292531715,0.1027792692184448,900.897066930997,0.3397767464540364
anxiolytic.sleep.p3.g4,anxiolytic.sleep.p3,anxiolytic,sleep,relaxing bedtime music with warm soft tones,0,44511,8,1.0,45.0,-23.82496158961805,3.532012378993981,3.896243575721945,3.165578376378639,3.1762898125199723,3.0753512177678806,3.8144665345550046,3.830795720055234,0.4183442740448814,143.5546875,2.364520172574627,0.0450694151222705,0.0412889917683992,0.0629091337323188,853.9610173711268,0.2610347741674126
anxiolytic.sleep.p3.g6,anxiolytic.sleep.p3,anxiolytic,sleep,relaxing bedtime music with warm soft tones,0,3189,8,1.0,45.0,-24.236679615106976,3.613534998092675,3.637871705317362,3.208684373796063,3.647449636344585,3.27637630344883,4.005422030049703,4.024638005387461,0.3849163510426805,64.599609375,1.488938089313777,0.043402574956417,0.045302723168254,0.0530192367732524,1215.0319852890177,0.2305274654349494
anxiolytic.sleep.p3.g8,anxiolytic.sleep.p3,anxiolytic,sleep,relaxing bedtime music with warm soft tones,0,82818,8,1.0,45.0,-25.324760132857215,3.585828254379845,3.459477729087747,3.514921531562135,3.491917768706571,3.551074549271019,3.819756608114604,3.856750355061883,0.4107890263483037,172.265625,2.454925437703583,0.0371855422854423,0.0208767496060771,0.043947909027338,1192.2764198223924,0.3999493163411292
anxiolytic.sleep.p3.g10,anxiolytic.sleep.p3,anxiolytic,sleep,relaxing bedtime music with warm soft tones,0,92714,8,1.0,45.0,-21.062755154432804,3.2303753009912906,4.588885990997572,3.011224635897223,3.212523190411929,2.922195728307619,4.101710300371084,4.055929707779492,0.4279777913555685,86.1328125,3.488888888888889,0.0434805788099765,0.1127497860326908,0.0915440246462822,1102.5110884113342,0.2857005201144512
anxiolytic.sleep.p4.g0,anxiolytic.sleep.p4,anxiolytic,sleep,quiet dreamy music for sleeping through the night,0,17563,8,1.0,45.0,-22.860252319690694,2.96321833583388,3.427266283983568,3.1556453403103544,2.952814311110349,3.102218330602525,2.929217498674165,2.9223696916877118,0.4838351006437894,123.046875,0.7508765994094488,0.0405780188739299,0.1785694737712521,0.0705848708748817,469.8297214503696,0.2127293712641879
anxiolytic.sleep.p4.g2,anxiolytic.sleep.p4,anxiolytic,sleep,quiet dreamy music for sleeping through the night,0,47976,8,1.0,45.0,-21.515839007690094,3.2185240953764307,3.9304122239011736,3.2396819380323976,3.3037030324898864,3.2380579955386635,3.4336936579323893,3.405277587765044,0.3581083413357698,129.19921875,2.241874349297241,0.0375077463686466,0.1354515329935272,0.0849949941039085,603.4406145618943,-0.2814906793012116
anxiolytic.sleep.p4.g4,anxiolytic.sleep.p4,anxiolytic,sleep,quiet dreamy music for sleeping through the night,0,98322,8,1.0,45.0,-24.385238413036785,3.3020215330340967,3.441379074456289,3.2773847601805484,3.308207012011525,3.372114648184801,2.818166908632743,2.8460949355266854,0.3673775113352501,89.10290948275862,0.984222996448425,0.0941727682948112,0.0601184865970244,0.0484736040234565,862.0064299727984,0.1109232411690073
anxiolytic.sleep.p4.g6,anxiolytic.sleep.p4,anxiolytic,sleep,quiet dreamy music for sleeping through the night,0,23715,8,1.0,45.0,-28.257326595215076,2.503325036931101,3.3039019966668213,2.6475120110181236,2.227067072313803,2.4983554292579253,2.4057638159333794,2.4333307348891933,0.1146357505367238,123.046875,0.7408760231687014,0.0520476661622524,0.2105081567176061,0.0273219626396894,524.4396963040767,-0.2583271848423518
anxiolytic.sleep.p4.g8,anxiolytic.sleep.p4,anxiolytic,sleep,quiet dreamy music for sleeping through the night,0,72671,8,1.0,45.0,-30.10771185678883,2.984782481665019,2.4401537708948315,2.9204155365159283,2.732232183726373,2.8388163081838895,2.749793699015057,2.75004642048872,0.4831719393666815,117.45383522727272,0.4415875438478143,0.0282236617058515,0.1804850068860114,0.0251529943197965,531.9165666860372,0.1015939807197915
anxiolytic.sleep.p4.g10,anxiolytic.sleep.p4,anxiolytic,sleep,quiet dreamy music for sleeping through the night,0,99895,8,1.0,45.0,-29.15158858914796,2.8414809024053764,2.84789171184828,2.878983390011612,3.258744900209946,3.2023727347781756,3.168818633478251,3.3566946637437933,0.2857634422305634,117.45383522727272,1.990848748007439,0.0588920004665851,0.0286063871816605,0.0276089068502187,737.8500937232474,-0.0284497098164578
anxiolytic.sleep.p5.g0,anxiolytic.sleep.p5,anxiolytic,sleep,slow hushed music to drift off to sleep,0,2453,8,1.0,45.0,-33.416664340086726,3.1705900980621555,2.9853543594686016,3.2675480892599813,3.264803371985668,3.372630015625629,3.081919755291578,3.140355019071289,0.3303147348813837,117.45383522727272,1.1174469706798131,0.0418931022286415,0.1040586892217222,0.0188520364463329,530.6159055809886,0.1130587139566772
anxiolytic.sleep.p5.g2,anxiolytic.sleep.p5,anxiolytic,sleep,slow hushed music to drift off to sleep,0,61851,8,1.0,45.0,-27.10580274942419,3.236813895875548,2.551629218150924,3.47416077214256,3.457862350056992,3.7396530158033308,3.525944336099508,3.5655874148607385,0.284630890247995,117.45383522727272,1.224637144549763,0.0312844775617122,0.1048504654877881,0.0308698676526546,676.7343764044757,0.2881327317901535
anxiolytic.sleep.p5.g4,anxiolytic.sleep.p5,anxiolytic,sleep,slow hushed music to drift off to sleep,0,74950,8,1.0,45.0,-20.72816455782093,3.194181019136018,3.475815871593673,3.478961970653837,3.011262733529833,3.3088386236101295,3.3168900880309407,3.307941415648037,0.2616058585411895,123.046875,0.7979738384334644,0.0582720302045345,0.0398598019607472,0.0559746958315372,1642.1995990200644,0.0154758557311343
anxiolytic.sleep.p5.g6,anxiolytic.sleep.p5,anxiolytic,sleep,slow hushed music to drift off to sleep,0,79723,8,1.0,45.0,-30.34053933337559,2.5308355244716214,2.6347922232418517,2.870157024898922,2.39139424599789,2.70202866369785,3.209798471136188,3.2181420838631687,0.3339597480509778,117.45383522727272,0.8155658206207259,0.0338745340704917,0.1301459801262375,0.0179878752678632,646.9132018334308,0.032964647846967
anxiolytic.sleep.p5.g8,anxiolytic.sleep.p5,anxiolytic,sleep,slow hushed music to drift off to sleep,0,87206,8,1.0,45.0,-23.681559928513547,3.3822267599874083,3.2701048927566827,3.362962056563444,3.401858241692303,3.39665932501211,3.1114369461483253,3.118895889725581,0.2293768969864663,135.99917763157896,1.1671112804878048,0.0293861497193574,0.137109672079346,0.0525049157440662,479.38722080287886,0.1721974561220578
anxiolytic.sleep.p5.g10,anxiolytic.sleep.p5,anxiolytic,sleep,slow hushed music to drift off to sleep,0,43978,8,1.0,45.0,-28.98500307072121,2.9128554959235613,2.7869766987556246,3.1182886267292607,2.631966343121906,2.8536978636840074,3.044781214172164,3.033695568943376,0.3622260007947002,129.19921875,0.6052576013513513,0.0310783218592405,0.1432807112286311,0.0228459779173135,447.3601986745697,0.1308287401642087
anxiolytic.sleep.p6.g0,anxiolytic.sleep.p6,anxiolytic,sleep,tender nighttime music for restful sleep,0,82954,8,1.0,45.0,-20.784092467545147,4.0641737562484455,3.823313393223748,3.8929480561417216,3.739692330202853,3.7495642522043036,3.317867604062542,3.269911059121386,0.3027938962285372,86.1328125,1.4874157312699257,0.043303232640028,0.0239506675283743,0.0582446940243244,2053.8038508207023,0.1108751460497474
anxiolytic.sleep.p6.g2,anxiolytic.sleep.p6,anxiolytic,sleep,tender nighttime music for restful sleep,0,65549,8,1.0,45.0,-23.711384522981163,3.2581588395871672,3.3477476478702344,3.3127062490873533,3.1115157169379883,3.2509442776736295,3.434819901933876,3.4346291677705425,0.2700988212565967,117.45383522727272,0.8641307110900216,0.0444952584803104,0.0535128768581307,0.0349503755569458,920.114751829285,0.2204427442157437
anxiolytic.sleep.p6.g4,anxiolytic.sleep.p6,anxiolytic,sleep,tender nighttime music for restful sleep,0,24467,8,1.0,45.0,-24.76454600118737,3.0465409324465,3.549593506257897,3.0517640770406604,3.315890352800531,3.2150737854809024,3.794818073195178,3.8260178072017794,0.3312506869848503,80.74951171875,0.9111111111111112,0.0488330721855163,0.0503171057310496,0.0489561222493648,894.8750662869659,0.2362883405555242
anxiolytic.sleep.p6.g6,anxiolytic.sleep.p6,anxiolytic,sleep,tender nighttime music for restful sleep,0,20228,8,1.0,45.0,-30.092998036138795,3.279014581941749,2.654487769952219,3.440175529582432,3.328784206036694,3.4589541559354244,3.1249813457116424,3.129028439359283,0.2848296502161415,117.45383522727272,0.733145850494234,0.0357787869870662,0.0408544880064929,0.015102656558156,1308.9814965710616,-0.2338722661777382
anxiolytic.sleep.p6.g8,anxiolytic.sleep.p6,anxiolytic,sleep,tender nighttime music for restful sleep,0,98003,8,1.0,45.0,-30.799041090775457,3.3843844388403777,3.2660668655185967,3.3213514814096166,3.770715151316113,3.670895961814118,3.283776219334866,3.371833068013578,0.311833697950959,107.666015625,1.7803485576923077,0.0445482358336448,0.0421676109988893,0.0224464926868677,1787.1421240204234,0.085103636531353
anxiolytic.sleep.p6.g10,anxiolytic.sleep.p6,anxiolytic,sleep,tender nighttime music for restful sleep,0,69441,8,1.0,45.0,-27.708235542908145,3.4085895152792336,2.945860887986679,3.1840220208095698,3.023139739310641,2.9880938505587826,3.3049446470847044,3.3763307604395987,0.3179965205586805,86.1328125,1.6666666666666667,0.0353021100163459,0.0903470869606464,0.0395773909986019,758.4240649708466,0.3370291138032008
anxiolytic.sleep.p7.g0,anxiolytic.sleep.p7,anxiolytic,sleep,soft slow instrumental for winding down at bedtime,0,76262,8,1.0,45.0,-22.54939986178655,3.9277216601380993,3.238795512593532,3.8911992899489034,3.92784127249816,3.905697195253734,3.572322955106186,3.567801678237445,0.4730474646129358,86.1328125,1.4666666666666666,0.0313125029206275,0.0154685339228074,0.0545641556382179,1396.806807090244,0.3240761975067173
anxiolytic.sleep.p7.g2,anxiolytic.sleep.p7,anxiolytic,sleep,soft slow instrumental for winding down at bedtime,0,81922,8,1.0,45.0,-25.65438162764338,3.4319975769530218,3.2956140611447657,3.5450318887928978,3.6287370483665855,3.6421902340599894,3.657675406470146,3.69728382555744,0.4762028450972224,83.35433467741936,1.7446944962686568,0.0364700742065906,0.0328426212201121,0.0422870442271232,1217.9583797535552,0.0997111198947111
anxiolytic.sleep.p7.g4,anxiolytic.sleep.p7,anxiolytic,sleep,soft slow instrumental for winding down at bedtime,0,42515,8,1.0,45.0,-19.65747406005139,3.550917773494824,3.6683478661587774,3.409902978815114,2.9615895336604634,3.0801053288867544,3.921100449622246,3.863436138253863,0.404031812740652,172.265625,2.9363458806818183,0.0324342548847198,0.0916753027631471,0.1092007309198379,998.2281677052802,0.2646936249911557
anxiolytic.sleep.p7.g6,anxiolytic.sleep.p7,anxiolytic,sleep,soft slow instrumental for winding down at bedtime,0,51613,8,1.0,45.0,-19.32702947816533,3.738666139010389,3.660461247438073,3.6537995059664943,2.785592854133585,3.090036365543677,3.912308814649004,3.794287518319508,0.2657727596486254,86.1328125,3.0444444444444443,0.041016049683094,0.1184634386331323,0.1230221539735794,1008.8048682852416,0.1488447469518287
anxiolytic.sleep.p7.g8,anxiolytic.sleep.p7,anxiolytic,sleep,soft slow instrumental for winding down at bedtime,0,89321,8,1.0,45.0,-21.16252460920984,4.328595827859628,4.430466322511179,4.24362457504404,4.035047839874723,4.184622107362032,4.519537790938481,4.456816143069249,0.3788197930839335,86.1328125,2.0,0.0315035842359066,0.131103140486809,0.0926197618246078,1796.801747072574,0.1724291416633556
anxiolytic.sleep.p7.g10,anxiolytic.sleep.p7,anxiolytic,sleep,soft slow instrumental for winding down at bedtime,0,67205,8,1.0,45.0,-17.531738395802353,3.916903875612646,3.8958907646000354,3.622019496428458,3.3997561706611936,3.2582515323822947,3.680571778173573,3.52381184100006,0.4409294124008674,86.1328125,2.497261300738008,0.0362550280988216,0.1324329635336468,0.133420318365097,790.8094195948686,0.2854524183644426
anxiolytic.sleep.p8.g0,anxiolytic.sleep.p8,anxiolytic,sleep,tranquil sleep sounds with gentle melody,0,57928,8,1.0,45.0,-26.51671194786489,3.502391241883692,3.103902512127989,3.4076386314952614,3.590029587895074,3.4711431979781344,2.560363841480888,2.589852278208117,0.2849492171476948,89.10290948275862,0.936226222826087,0.0339286290109157,0.0184799750203521,0.0241672992706298,1452.653066016048,0.1177579623000959
anxiolytic.sleep.p8.g2,anxiolytic.sleep.p8,anxiolytic,sleep,tranquil sleep sounds with gentle melody,0,69800,8,1.0,45.0,-23.88946438489392,3.367002995989932,3.4120497275946127,3.4529951302863564,3.3713187338391286,3.4743635567971802,2.028785001999609,2.0418100127789915,0.2317773697442663,60.09265988372093,1.0010270047778926,0.0309375785291194,0.021049852092153,0.0315295457839965,1555.5918642112667,0.2326353125551254
anxiolytic.sleep.p8.g4,anxiolytic.sleep.p8,anxiolytic,sleep,tranquil sleep sounds with gentle melody,0,4759,8,1.0,45.0,-29.869216862538785,3.854996245388061,3.919650689939018,3.802169226464522,4.033902559532754,3.806260688732242,2.547918433703942,2.637424913544705,0.2563985736427855,161.4990234375,2.304248595505618,0.0856658443808555,0.2106570569971522,0.0274966545403003,1885.7630037148087,-0.2527778582024924
anxiolytic.sleep.p8.g6,anxiolytic.sleep.p8,anxiolytic,sleep,tranquil sleep sounds with gentle melody,0,20896,8,1.0,45.0,-23.7542094927706,2.699440688963432,3.318993954491433,2.773399608079356,2.748126352445517,2.7918705578640974,3.422628184025583,3.4332609565182324,0.1482457456444856,89.10290948275862,1.0465159469096672,0.0345961861312389,0.0920771882373888,0.0519971847534179,535.4993994537675,0.2581166035124318
anxiolytic.sleep.p8.g8,anxiolytic.sleep.p8,anxiolytic,sleep,tranquil sleep sounds with gentle melody,0,60226,8,1.0,45.0,-29.160421005414424,5.099262149558747,3.800018014098277,4.769855614122122,4.474432759450642,4.302749633959162,4.501240852342698,4.589602886232179,0.0716397165535739,123.046875,2.786225948131623,0.0533050410449504,0.0346748621811985,0.02930648624897,2534.38661212462,0.172247565382804
anxiolytic.sleep.p8.g10,anxiolytic.sleep.p8,anxiolytic,sleep,tranquil sleep sounds with gentle melody,0,48908,8,1.0,45.0,-26.84848671654004,3.1513780591289864,3.5928024172765927,3.0684828974949285,3.1023277319930465,2.9305246183446245,3.302346780697192,3.3613365432467424,0.3061966296948714,80.74951171875,1.0248231703099058,0.0345376245677471,0.0589064962498467,0.0452522933483123,1155.4802217306385,0.2745764326673364
anxiolytic.sleep.p9.g0,anxiolytic.sleep.p9,anxiolytic,sleep,delicate quiet music to help a baby sleep,0,39536,8,1.0,45.0,-23.928185626021,3.374152523275187,3.3573258538123976,3.4268459432693006,3.4082152450413346,3.5419837829535474,3.657168322714493,3.671868011508888,0.2264865471533974,80.74951171875,1.297036217233687,0.0416388288140296,0.0152456160782147,0.0397158302366733,1365.0887971611726,0.3228133449955325
anxiolytic.sleep.p9.g2,anxiolytic.sleep.p9,anxiolytic,sleep,delicate quiet music to help a baby sleep,0,87078,8,1.0,45.0,-25.786206421057983,3.676937141383223,3.3036212725827028,3.665933374365939,3.668491308439076,3.687797692492764,3.3695050100869226,3.399387035207609,0.2255179283747933,60.09265988372093,0.8222222222222222,0.0330319292843341,0.0342626657384005,0.0255846884101629,1470.880890387077,0.1091952698870722
anxiolytic.sleep.p9.g4,anxiolytic.sleep.p9,anxiolytic,sleep,delicate quiet music to help a baby sleep,0,78153,8,1.0,45.0,-20.020749395040145,3.637247134434082,3.265432599407049,3.590240895364589,3.4559011188076405,3.3076886339700287,2.850011643489429,2.806787216713207,0.2174600360603109,60.09265988372093,1.0197442008535242,0.0296103749424219,0.0172373659719894,0.069366954267025,1312.62767571613,0.1850077382475811
anxiolytic.sleep.p9.g6,anxiolytic.sleep.p9,anxiolytic,sleep,delicate quiet music to help a baby sleep,0,29853,8,1.0,45.0,-27.39250453826446,2.6685221870743883,2.8439800254266765,2.789156468488278,2.501124135590671,2.7280302623546953,2.65960295342263,2.667431176443261,0.2445435518289084,123.046875,0.6323331803880441,0.0347722172737121,0.0148622397306867,0.0239777155220508,995.5892526901134,-0.2376557038263307
anxiolytic.sleep.p9.g8,anxiolytic.sleep.p9,anxiolytic,sleep,delicate quiet music to help a baby sleep,0,25196,8,1.0,45.0,-17.68181224660241,4.260472559730284,2.787184308694833,4.256475152213154,3.662362323903044,3.6775175210745226,3.683380253278465,3.5951063580511726,0.1997324494350847,66.25600961538461,1.1627245731868714,0.0363355241715908,0.0200715672774852,0.0950989425182342,928.2391047945212,0.232437446750983
anxiolytic.sleep.p9.g10,anxiolytic.sleep.p9,anxiolytic,sleep,delicate quiet music to help a baby sleep,0,85362,8,1.0,45.0,-28.808225137590203,3.724246553248629,2.999376826326242,3.42196615258812,3.7238709496443487,3.475009901650265,2.927380457664433,2.971796517776518,0.2509285358618887,64.599609375,0.9192402614727856,0.0285783931612968,0.0254327728131965,0.0219215173274278,1058.717208770543,0.2073981057267379
anxiolytic.anxiety_relief.p0.g0,anxiolytic.anxiety_relief.p0,anxiolytic,anxiety_relief,calming music to relieve anxiety and stress,0,54310,8,1.0,45.0,-25.016269237980637,2.709029225386567,3.43205014610197,2.8349020614541693,2.639966855098358,2.791806524227586,3.309821263063093,3.333598067143531,0.3265799372005923,129.19921875,6.059955940628476,0.0420421659946441,0.0985502326417464,0.0552393682301044,992.4631742600913,-0.2343447028808474
anxiolytic.anxiety_relief.p0.g2,anxiolytic.anxiety_relief.p0,anxiolytic,anxiety_relief,calming music to relieve anxiety and stress,0,51925,8,1.0,45.0,-22.990989182776342,2.962379070897716,3.4291591065552525,2.9323823235955326,2.980999321053547,2.9181751494053563,3.029765059972279,3.029445909352768,0.273594352161798,151.99908088235293,2.081971839353612,0.0406867116689682,0.154426677620829,0.0718703866004943,610.0972389996299,-0.1689842806125648
anxiolytic.anxiety_relief.p0.g4,anxiolytic.anxiety_relief.p0,anxiolytic,anxiety_relief,calming music to relieve anxiety and stress,0,79352,8,1.0,45.0,-24.440897316889306,2.769925916184095,3.240155586410312,2.5706534343650924,2.7362047576405986,2.707355338718915,2.99256852000169,2.9895493118755967,0.2304814432320624,143.5546875,0.6586626838235294,0.0293903443962335,0.0688449564913037,0.0373924896121025,480.0177740645884,-0.0925530509515248
anxiolytic.anxiety_relief.p0.g6,anxiolytic.anxiety_relief.p0,anxiolytic,anxiety_relief,calming music to relieve anxiety and stress,0,12762,8,1.0,45.0,-21.434906031056265,3.358016936245827,3.622313686180212,3.275714287369675,3.199961078015764,3.2533757781310806,3.5842283376085304,3.5676449515869084,0.4027402281000373,123.046875,3.970002948113207,0.0318151116371154,0.1675415624328154,0.0872720032930374,978.1248861245195,-0.1281947652399938
anxiolytic.anxiety_relief.p0.g8,anxiolytic.anxiety_relief.p0,anxiolytic,anxiety_relief,calming music to relieve anxiety and stress,0,36540,8,1.0,45.0,-19.95527867995162,3.3136676831477225,3.3829075475481005,3.1263274786254036,3.0371314154203195,2.981217486863853,2.765725772633325,2.722906395995395,0.4014496442505382,103.359375,0.7384173637997787,0.0382937639951705,0.1533226880099974,0.1090723350644111,752.6091361783834,-0.1992469944225194
anxiolytic.anxiety_relief.p0.g10,anxiolytic.anxiety_relief.p0,anxiolytic,anxiety_relief,calming music to relieve anxiety and stress,0,74059,8,1.0,45.0,-22.04176005748955,2.319520312010346,3.14670903258782,2.459078316514159,2.299008783798144,2.4797803252993034,3.1777365686055203,3.2026638727083503,0.0684212378081415,117.45383522727272,0.0798265176088971,0.0854653790593147,0.1084453851033652,0.0290914978832006,825.3271112231615,0.0819901564942924
anxiolytic.anxiety_relief.p1.g0,anxiolytic.anxiety_relief.p1,anxiolytic,anxiety_relief,soothing music for panic and anxious thoughts,0,82045,8,1.0,45.0,-18.78692553634702,3.325014146072465,3.137454056223355,3.1812240586365603,3.279253448973146,3.1680592905468736,2.7960880084943227,2.7866737780713526,0.319859583049609,117.45383522727272,1.3937348300970875,0.0315133854746818,0.1287074450662662,0.1010307073593139,623.9183532088568,-0.2164231077433406
anxiolytic.anxiety_relief.p1.g2,anxiolytic.anxiety_relief.p1,anxiolytic,anxiety_relief,soothing music for panic and anxious thoughts,0,254,8,1.0,45.0,-27.165629556852476,3.519768625620383,3.84670615050986,3.477224227440817,3.3482554562499702,3.4035929962822493,3.279635790548779,3.327346515558508,0.2185917326762898,117.45383522727272,2.8330029539800994,0.0395392663776874,0.0865172341989032,0.0393067486584186,667.7346264835443,0.1983948917764327
anxiolytic.anxiety_relief.p1.g4,anxiolytic.anxiety_relief.p1,anxiolytic,anxiety_relief,soothing music for panic and anxious thoughts,0,42303,8,1.0,45.0,-22.08166500859439,3.21734085646596,3.8239618804033775,3.025703321392577,3.187632312600687,2.9439689848840302,3.592075075955504,3.575824029620688,0.1296122746132458,172.265625,2.537464198036006,0.0499680563807487,0.1700465865233401,0.0774431526660919,803.6678303021389,-0.2252187940945995
anxiolytic.anxiety_relief.p1.g6,anxiolytic.anxiety_relief.p1,anxiolytic,anxiety_relief,soothing music for panic and anxious thoughts,0,11910,8,1.0,45.0,-18.444551593486228,3.823032930269987,3.4051361100689133,3.9379196489652655,3.3692486289653854,3.0873862063712303,3.394868256054086,3.373743928053803,0.3300544222804165,117.45383522727272,2.9608154296875,0.0364894792437553,0.1530074980110498,0.1447797417640686,1002.3541334722336,-0.2248855009488195
anxiolytic.anxiety_relief.p1.g8,anxiolytic.anxiety_relief.p1,anxiolytic,anxiety_relief,soothing music for panic and anxious thoughts,0,62996,8,1.0,45.0,-20.3813713870604,3.034861719358644,3.3408999260911325,2.9532572958101535,2.514717499367323,2.669685115217427,2.884985203900801,2.858406164756092,0.212266129774147,123.046875,1.020761321952596,0.0468264855444431,0.2020862693190777,0.0808859020471572,528.8423411177284,-0.2570257818406726
anxiolytic.anxiety_relief.p1.g10,anxiolytic.anxiety_relief.p1,anxiolytic,anxiety_relief,soothing music for panic and anxious thoughts,0,98231,8,1.0,45.0,-16.591368319725976,3.9849987892469736,3.29954849558072,3.9974967777774344,3.557881745932238,3.4336533694515112,3.180646720242053,3.092186218350578,0.3553699847482371,129.19921875,0.7891123854802887,0.0331515930593013,0.1509121975251525,0.1597313433885574,1080.7113920211668,0.0013144432556722
anxiolytic.anxiety_relief.p2.g0,anxiolytic.anxiety_relief.p2,anxiolytic,anxiety_relief,peaceful music to calm my nerves,0,45768,8,1.0,45.0,-20.34036939375471,3.7617914284328657,4.156488977180037,3.6230317777817427,3.641530184712661,3.497931289241617,3.9349107334795006,3.8828663411426656,0.3765278083211613,86.1328125,3.913095064252336,0.0350218601524829,0.1487583826544244,0.1265664249658584,674.9679810150716,0.1844581055524673
anxiolytic.anxiety_relief.p2.g2,anxiolytic.anxiety_relief.p2,anxiolytic,anxiety_relief,peaceful music to calm my nerves,0,83655,8,1.0,45.0,-21.933727236229764,3.816184598241056,3.98894230957312,3.672737477889013,3.654926266951147,3.572823925610051,3.7945487477849063,3.778728760307235,0.3199903365749986,86.1328125,3.9354556074766354,0.0386070273816585,0.1703963962573345,0.0839476957917213,878.6921952995901,-0.2072192481102782
anxiolytic.anxiety_relief.p2.g4,anxiolytic.anxiety_relief.p2,anxiolytic,anxiety_relief,peaceful music to calm my nerves,0,22254,8,1.0,45.0,-25.37664596514097,3.64181059716869,3.628825829112763,3.3288503009134116,3.213974632517385,3.169095047269143,3.1078115331761103,3.1371540483780525,0.2677859086441466,161.4990234375,2.230053330317372,0.0498132482171058,0.1068052488000061,0.0529751703143119,668.0186728376102,0.2853923449634041
anxiolytic.anxiety_relief.p2.g6,anxiolytic.anxiety_relief.p2,anxiolytic,anxiety_relief,peaceful music to calm my nerves,0,33798,8,1.0,45.0,-18.70785817572065,4.080064967461783,4.610821077798257,3.989002311894379,3.867520991315359,3.660227964449659,4.416674876780222,4.313687903172093,0.3792392535732194,112.34714673913044,5.266666666666667,0.0418219231069088,0.2232971145002219,0.1255697906017303,814.9574629335116,0.2763330239192016
anxiolytic.anxiety_relief.p2.g8,anxiolytic.anxiety_relief.p2,anxiolytic,anxiety_relief,peaceful music to calm my nerves,0,41374,8,1.0,45.0,-18.928211635490737,3.2845398736082814,3.313037311280449,3.1309214979171838,2.8996083618606487,2.701514301887965,2.989652999802252,2.947717943376321,0.289443432995316,99.38401442307692,1.2197457107843137,0.0455243550240993,0.1724115414426,0.1014838516712188,749.22523510144,0.1687095736338104
anxiolytic.anxiety_relief.p2.g10,anxiolytic.anxiety_relief.p2,anxiolytic,anxiety_relief,peaceful music to calm my nerves,0,23103,8,1.0,45.0,-17.62133164139519,3.400900750753079,2.767432006929498,3.324360476381263,2.953548682945441,3.0098509631680264,2.83387476489093,2.783337739623265,0.132673561440355,117.45383522727272,0.3215756928489374,0.0386862345039844,0.1789147695715234,0.1255410462617874,768.44238426416,0.3996990123566839
anxiolytic.anxiety_relief.p3.g0,anxiolytic.anxiety_relief.p3,anxiolytic,anxiety_relief,gentle reassuring music for stress relief,0,49927,8,1.0,45.0,-18.70037954086869,3.896774581736552,3.642155361520697,3.8698744106195484,3.2525364338906533,3.4512988330305765,4.373523797916743,4.232436440527671,0.210982516196984,172.265625,3.2595621111975115,0.0351716764271259,0.0689335989277249,0.1205180138349533,1344.6575016878646,0.3463142595163749
anxiolytic.anxiety_relief.p3.g2,anxiolytic.anxiety_relief.p3,anxiolytic,anxiety_relief,gentle reassuring music for stress relief,0,23903,8,1.0,45.0,-21.0855997619195,2.713048531350033,3.3787623256229584,3.031993468492709,2.507314950367357,2.906384418829331,3.151270226938572,3.147242512746085,0.3527319427777612,129.19921875,0.4904042119565217,0.0325889475643634,0.0704121713147741,0.0629531741142273,478.5166781229776,0.3003432183686279
anxiolytic.anxiety_relief.p3.g4,anxiolytic.anxiety_relief.p3,anxiolytic,anxiety_relief,gentle reassuring music for stress relief,0,94119,8,1.0,45.0,-22.86295199091169,4.250426208225357,3.3011105127730134,3.7834640173642313,4.198164167826592,3.7346705961318434,3.710266421243298,3.707876543893059,0.1939018780379739,86.1328125,1.7532253066283925,0.0506268702447414,0.1175466380222859,0.0656258687376976,644.6321142165004,0.1033214479227424
anxiolytic.anxiety_relief.p3.g6,anxiolytic.anxiety_relief.p3,anxiolytic,anxiety_relief,gentle reassuring music for stress relief,0,65886,8,1.0,45.0,-28.26129186607665,3.234348098228116,3.2419781232002487,3.2739852174058477,3.1006454430912838,3.4018620038951575,3.6730701904964898,3.745584027070554,0.1957248745391536,86.1328125,2.511111111111111,0.0377547815442085,0.0711990664626148,0.0363864675164222,575.6900495200966,0.3632066901942513
anxiolytic.anxiety_relief.p3.g8,anxiolytic.anxiety_relief.p3,anxiolytic,anxiety_relief,gentle reassuring music for stress relief,0,23150,8,1.0,45.0,-28.918609460607023,3.3682503690074204,2.8768827626029263,3.1763712975660807,3.7197914098359215,3.413982683933933,3.2423926743167457,3.348872018278433,0.1981880364820335,86.1328125,1.8666666666666667,0.0535006783902645,0.0841648141116391,0.0309056229889392,605.2932604771912,0.084276777219555
anxiolytic.anxiety_relief.p3.g10,anxiolytic.anxiety_relief.p3,anxiolytic,anxiety_relief,gentle reassuring music for stress relief,0,60930,8,1.0,45.0,-17.036794204873768,3.586464900068598,3.391811812759212,3.627987043616168,2.9920128980427743,3.0576382265682067,0.9608090617780038,0.8826445003008687,0.2281607983214912,86.1328125,1.0834382581457482,0.0422909781336784,0.0469812921683816,0.0745682194828987,1218.270605827679,-0.0241635057054172
anxiolytic.anxiety_relief.p4.g0,anxiolytic.anxiety_relief.p4,anxiolytic,anxiety_relief,tranquil music to ease tension and worry,0,47733,8,1.0,45.0,-16.459872606875113,4.073465591383175,3.452369736706933,3.9964679058732755,3.601667805922499,3.5044853470070336,3.715029758428263,3.6117126971932274,0.358692062578575,75.99954044117646,1.199621344011142,0.0328925773501396,0.1796870921268931,0.1460600197315216,1314.3982048263206,0.356581485526013
anxiolytic.anxiety_relief.p4.g2,anxiolytic.anxiety_relief.p4,anxiolytic,anxiety_relief,tranquil music to ease tension and worry,0,3660,8,1.0,45.0,-23.142355721337285,2.7114426824831623,3.621750687793172,2.9051069758567802,2.719968697882011,2.906792734604337,3.744718045187782,3.751743266955676,0.3523504046463338,123.046875,6.349677072555613,0.0451426990330219,0.103427016130837,0.0734949558973312,802.9893386623125,-0.1199692202651286
anxiolytic.anxiety_relief.p4.g4,anxiolytic.anxiety_relief.p4,anxiolytic,anxiety_relief,tranquil music to ease tension and worry,0,74589,8,1.0,45.0,-20.020849678611643,3.1833089392898635,3.5144631147188985,3.28380818094234,3.219790527926174,3.261730691813672,3.486898210539841,3.476619341088753,0.3210704216768595,129.19921875,6.9075414279869065,0.0301500894129276,0.1435200409062725,0.0927482470870018,631.0553354574853,-0.0858510439868753
anxiolytic.anxiety_relief.p4.g6,anxiolytic.anxiety_relief.p4,anxiolytic,anxiety_relief,tranquil music to ease tension and worry,0,42416,8,1.0,45.0,-19.177115434599745,3.2742358957151367,3.6130481862193538,3.7513753595285393,2.890246867318896,3.1307306417361924,3.395124283693547,3.3109263375724343,0.3823130354821019,123.046875,2.8232679003224077,0.0401075929403305,0.1997507208851559,0.1088069751858711,1105.958386442821,-0.2420246382207033
anxiolytic.anxiety_relief.p4.g8,anxiolytic.anxiety_relief.p4,anxiolytic,anxiety_relief,tranquil music to ease tension and worry,0,75838,8,1.0,45.0,-21.695029585929696,3.8859384544534943,4.319532103481476,3.911810278479515,3.5464748001227635,3.7532531807794163,4.454733073844373,4.420902868309713,0.4014967915273185,86.1328125,4.2319589956647405,0.0447830520570278,0.1127805289298764,0.0882529094815254,1604.5754514072958,-0.0767673854054959
anxiolytic.anxiety_relief.p4.g10,anxiolytic.anxiety_relief.p4,anxiolytic,anxiety_relief,tranquil music to ease tension and worry,0,55651,8,1.0,45.0,-20.790802820507064,3.162411994503552,3.6134373685061543,3.2997019406621866,3.2534582301428374,3.3085105261735874,2.512542959756741,2.4562463690152176,0.2536627202872614,129.19921875,2.987914465962441,0.0747809782624244,0.0165292343479154,0.0830069258809089,688.3917353091579,-0.0109753157291617
anxiolytic.anxiety_relief.p5.g0,anxiolytic.anxiety_relief.p5,anxiolytic,anxiety_relief,comforting slow music for when I feel overwhelmed,0,20282,8,1.0,45.0,-23.902475564052644,3.372045962780537,3.656554120912825,3.4487059619625455,3.407270424705566,3.5613333584527274,3.509529508071754,3.5171891320059485,0.3494524176741836,112.34714673913044,1.4544854881266491,0.030421020463109,0.1278625625927587,0.0494097769260406,599.3512468556725,0.2753735264394548
anxiolytic.anxiety_relief.p5.g2,anxiolytic.anxiety_relief.p5,anxiolytic,anxiety_relief,comforting slow music for when I feel overwhelmed,0,85409,8,1.0,45.0,-19.53146030404795,4.552611952811295,3.2001685508977333,4.256653731454678,4.117664671515412,3.8618649744392948,3.868925383297991,3.790347899277005,0.3599710377414063,129.19921875,1.929701914206642,0.0301808882504701,0.1196257550497942,0.0992188230156898,910.5852480667944,0.3031178232356859
anxiolytic.anxiety_relief.p5.g4,anxiolytic.anxiety_relief.p5,anxiolytic,anxiety_relief,comforting slow music for when I feel overwhelmed,0,40259,8,1.0,45.0,-23.345899718039373,3.8176273571426935,3.160679681754717,3.6333908485828146,3.6651517845365817,3.4846638326137387,3.1418003095954887,3.145008384930742,0.3619439814014178,129.19921875,1.5968174979247372,0.0255799368023872,0.1148976292224358,0.0579640828073024,615.0028801326549,-0.2030729599839948
anxiolytic.anxiety_relief.p5.g6,anxiolytic.anxiety_relief.p5,anxiolytic,anxiety_relief,comforting slow music for when I feel overwhelmed,0,20817,8,1.0,45.0,-17.833141645154367,4.2173617849574905,3.87717814444972,4.237452976589422,3.252355241649854,3.457483976050939,3.61472932661371,3.519281971958549,0.320349045713158,86.1328125,2.621855622886133,0.0351778455078601,0.1483214920134121,0.1186930015683174,697.7671602225763,0.254161248253666
anxiolytic.anxiety_relief.p5.g8,anxiolytic.anxiety_relief.p5,anxiolytic,anxiety_relief,comforting slow music for when I feel overwhelmed,0,35734,8,1.0,45.0,-23.4006311342794,3.290999306887405,2.9584938669629155,3.2916524929406186,3.2851920884021832,3.3532987491902686,3.4801336242390377,3.484450140536284,0.3477109187595973,129.19921875,1.2044957948548811,0.0266417525708675,0.0824306733712209,0.0415549948811531,775.525258250245,0.0426015035415424
anxiolytic.anxiety_relief.p5.g10,anxiolytic.anxiety_relief.p5,anxiolytic,anxiety_relief,comforting slow music for when I feel overwhelmed,0,27979,8,1.0,45.0,-22.423153786472295,3.121681779898086,3.303656795142103,2.8961177558350046,2.837828375217542,2.859141148089913,3.065576644250326,3.063437543724927,0.3206160852454328,123.046875,0.9549092294900222,0.0311546847224235,0.0691340075509003,0.0493299476802349,686.2921184257975,-0.0797362949441244
anxiolytic.anxiety_relief.p6.g0,anxiolytic.anxiety_relief.p6,anxiolytic,anxiety_relief,soft grounding music to slow my racing heart,0,70056,8,1.0,45.0,-20.92370422152715,3.6161592078246967,3.645688641546823,3.4019453860134186,3.4215760969304183,3.2740471271447307,3.798804432944552,3.7668330056080976,0.3210981783040086,135.99917763157896,1.100663998776509,0.0284940786659717,0.2586609962362505,0.0946020260453224,1243.7832965103016,0.3221316689798713
anxiolytic.anxiety_relief.p6.g2,anxiolytic.anxiety_relief.p6,anxiolytic,anxiety_relief,soft grounding music to slow my racing heart,0,6406,8,1.0,45.0,-26.31692684156327,3.612212967103317,3.3612220113614284,3.476889270123819,3.298187891778546,3.270119432784482,3.20005441228765,3.2134954386998023,0.2147057054279944,129.19921875,2.847365702479339,0.0292042344808578,0.1151803620789336,0.0460907891392707,513.4101467894498,0.2127377170251659
anxiolytic.anxiety_relief.p6.g4,anxiolytic.anxiety_relief.p6,anxiolytic,anxiety_relief,soft grounding music to slow my racing heart,0,42957,8,1.0,45.0,-18.3339054221494,4.5361965590293565,4.21976983940115,4.454003640319861,4.112359590929646,4.015669724258617,4.502077415872817,4.307658679984024,0.2591077384741839,135.99917763157896,2.0795681850084224,0.03705270960927,0.1591608013505968,0.1205015331506729,1369.9279654727427,0.2167338935382108
anxiolytic.anxiety_relief.p6.g6,anxiolytic.anxiety_relief.p6,anxiolytic,anxiety_relief,soft grounding music to slow my racing heart,0,59593,8,1.0,45.0,-17.51694616208557,4.32235400566665,4.011392476494878,4.25248542623818,3.624315957285632,3.3437577998124453,4.141658602905522,4.010062445628027,0.3195128437661805,135.99917763157896,1.7294767215780542,0.0312269460409879,0.1634157161532925,0.1350383013486862,1217.6570153437506,0.3237122851032439
anxiolytic.anxiety_relief.p6.g8,anxiolytic.anxiety_relief.p6,anxiolytic,anxiety_relief,soft grounding music to slow my racing heart,0,22485,8,1.0,45.0,-15.212503588700224,4.972250405059214,4.165500477136918,5.159693349308194,3.054129288327733,3.306773154631005,4.698974311498571,4.357138642624124,0.2289776203726764,86.1328125,4.488888888888889,0.0409042686223983,0.1485876123891301,0.1782693564891815,1116.0810686586751,0.3114144894267545
anxiolytic.anxiety_relief.p6.g10,anxiolytic.anxiety_relief.p6,anxiolytic,anxiety_relief,soft grounding music to slow my racing heart,0,19108,8,1.0,45.0,-16.622684256475164,4.501935494375651,4.147056740858168,4.427498083413754,3.603152100335155,3.4062285490314084,4.243560065926663,4.054016386267136,0.2757899460418828,117.45383522727272,3.962471658123029,0.0417891070246696,0.1198839829181057,0.144238069653511,1059.889434032438,0.220879122402118
anxiolytic.anxiety_relief.p7.g0,anxiolytic.anxiety_relief.p7,anxiolytic,anxiety_relief,warm gentle music to feel safe and relaxed,0,5983,8,1.0,45.0,-19.323682940377065,3.5735302319962723,4.01165432365137,3.6347143126530144,3.2303472385778025,3.2742959593570715,4.166224589417773,4.058770741547709,0.1760305760530648,117.45383522727272,3.5409645288307527,0.0450672693550586,0.1278859822011029,0.1127671375870704,1006.7937903122104,0.3104935399571638
anxiolytic.anxiety_relief.p7.g2,anxiolytic.anxiety_relief.p7,anxiolytic,anxiety_relief,warm gentle music to feel safe and relaxed,0,18518,8,1.0,45.0,-19.910954588564135,3.259258178868908,3.8599555851601273,3.5929485806803614,3.200082578128069,3.40698806613497,4.04172235183878,3.9988288298452064,0.4045149679907182,151.99908088235293,3.8052437954781695,0.0408792458474636,0.0993235013074731,0.1043799296021461,1004.7140578046768,0.3099282614321417
anxiolytic.anxiety_relief.p7.g4,anxiolytic.anxiety_relief.p7,anxiolytic,anxiety_relief,warm gentle music to feel safe and relaxed,0,73803,8,1.0,45.0,-21.367545230410723,3.2062860076595454,3.5132168701495137,2.860048032137966,3.166289571587745,2.817763012029414,3.608101532899664,3.58123475370208,0.4083369966238285,86.1328125,2.088888888888889,0.0336296111345291,0.0958887822115155,0.0818282216787338,683.2456920985654,0.3904149591038524
anxiolytic.anxiety_relief.p7.g6,anxiolytic.anxiety_relief.p7,anxiolytic,anxiety_relief,warm gentle music to feel safe and relaxed,0,50416,8,1.0,45.0,-19.22360437069667,2.901080756238892,3.0900618985985986,3.0014144159274023,2.5746413534605512,2.6256315183943877,3.3058255665275977,3.2446195753362472,0.4346728916589855,89.10290948275862,2.126736111111111,0.0368518196046352,0.1097118063996603,0.1003933474421501,1067.0393586993644,-0.1093705499088185
anxiolytic.anxiety_relief.p7.g8,anxiolytic.anxiety_relief.p7,anxiolytic,anxiety_relief,warm gentle music to feel safe and relaxed,0,11259,8,1.0,45.0,-22.968377535166915,3.119185034484085,3.266287496705195,3.31750806922757,3.1137443307458685,3.321556029472538,3.50038909189235,3.512376085153384,0.3097374138118903,123.046875,6.038411458333333,0.0423830635845661,0.1235290003984122,0.0712091624736785,310.6427782566351,0.2524490700394033
anxiolytic.anxiety_relief.p7.g10,anxiolytic.anxiety_relief.p7,anxiolytic,anxiety_relief,warm gentle music to feel safe and relaxed,0,26478,8,1.0,45.0,-25.8565135060197,3.14153891572054,2.927213759897412,3.0539276451878363,2.768931699301434,2.9108593123058606,2.9364847173394337,2.971435709818941,0.4183213706601698,123.046875,0.8888888888888888,0.0363793857395648,0.173266750187527,0.0514813289046287,634.14248612538,0.3227525584494292
anxiolytic.anxiety_relief.p8.g0,anxiolytic.anxiety_relief.p8,anxiolytic,anxiety_relief,quiet consoling music for a stressful day,0,96386,8,1.0,45.0,-17.624490842966196,4.191424957315064,3.859413545591292,4.075561151208303,3.7236624905942417,3.5149334151219684,3.600402454073273,3.4948691164794,0.3863249647524063,123.046875,1.756415932865466,0.0343056060373783,0.0898867125270436,0.1379214823246002,1036.5014760882218,0.1245682847726822
anxiolytic.anxiety_relief.p8.g2,anxiolytic.anxiety_relief.p8,anxiolytic,anxiety_relief,quiet consoling music for a stressful day,0,91881,8,1.0,45.0,-21.826848867532835,3.1190812137542294,3.608204514749488,3.1212350804027182,3.3136745034721784,3.105501548712236,3.3644566672982696,3.35195596329505,0.3490739669333385,123.046875,2.2387145799839225,0.0286737047135829,0.2408873283642833,0.0793820470571518,1146.4691781073416,0.0997335224354198
anxiolytic.anxiety_relief.p8.g4,anxiolytic.anxiety_relief.p8,anxiolytic,anxiety_relief,quiet consoling music for a stressful day,0,58942,8,1.0,45.0,-25.59032393537861,3.448325252487868,3.649726115145284,3.136875546776293,3.560583212489018,3.1546270770519573,3.090918130662269,3.087198703209177,0.4884904604426271,129.19921875,0.675460130475933,0.0380822718143463,0.0836215278696219,0.0345064289867877,1440.693953604352,0.2468151854837474
anxiolytic.anxiety_relief.p8.g6,anxiolytic.anxiety_relief.p8,anxiolytic,anxiety_relief,quiet consoling music for a stressful day,0,69687,8,1.0,45.0,-29.622104382285887,3.5389518822004047,2.623539538536173,3.492240026394974,3.326509479763228,3.244802527217707,2.724702689607935,2.7849826450245003,0.3836127744422448,123.046875,1.2753149914578588,0.0399606712162494,0.139056601620046,0.0344184599816799,529.9831183933464,0.1448012568890651
anxiolytic.anxiety_relief.p8.g8,anxiolytic.anxiety_relief.p8,anxiolytic,anxiety_relief,quiet consoling music for a stressful day,0,16127,8,1.0,45.0,-25.27177651155942,3.779225460136,3.977142643914573,3.5203705344039733,3.7321614047940046,3.6405933530074477,4.3411017899603,4.33579641367667,0.3414077362823406,123.046875,5.9655117874267445,0.0380085371434688,0.0619487481281672,0.0449411831796169,1663.1998459569097,0.2743364885848823
anxiolytic.anxiety_relief.p8.g10,anxiolytic.anxiety_relief.p8,anxiolytic,anxiety_relief,quiet consoling music for a stressful day,0,35821,8,1.0,45.0,-20.529364389415296,3.25208529753916,3.4641988894596345,3.362542673250478,3.347087842045894,3.271507366828955,3.4402794909658865,3.3989709292918877,0.3597222181372094,123.046875,1.3181274736147757,0.0395535342395305,0.0606706070427634,0.0897947177290916,1116.0933992286864,0.3774809791851662
anxiolytic.anxiety_relief.p9.g0,anxiolytic.anxiety_relief.p9,anxiolytic,anxiety_relief,serene music that helps anxiety melt away,0,27352,8,1.0,45.0,-45.47997510857826,3.01530217464613,2.3866461358967093,3.0202755412968063,3.1133211425333287,2.9623205411369007,2.937742354644375,2.963299818336622,0.2440639135781101,80.74951171875,0.5555555555555556,0.0330558791756629,0.0458375578887502,0.0029445851687341,1094.9266213892315,-0.1447671659304132
anxiolytic.anxiety_relief.p9.g2,anxiolytic.anxiety_relief.p9,anxiolytic,anxiety_relief,serene music that helps anxiety melt away,0,52812,8,1.0,45.0,-25.48506813310689,2.403528550210557,3.3922069716350203,2.6739233439351713,2.4698948933938527,2.677216443962927,2.779055084133851,2.772254251264397,0.3009593483776295,117.45383522727272,0.9771956037277147,0.0355868600308895,0.1194621370407058,0.0330673083662986,599.5208307600949,0.0207300865965536
anxiolytic.anxiety_relief.p9.g4,anxiolytic.anxiety_relief.p9,anxiolytic,anxiety_relief,serene music that helps anxiety melt away,0,68249,8,1.0,45.0,-33.55000461585037,3.0642545178369525,2.823547416286051,3.0264969413871325,2.7954851788499875,2.7089622366365314,3.434086546156122,3.466553446441337,0.3591598864778457,123.046875,5.757298519736842,0.0422568097710609,0.0784456737419789,0.0199812911450862,1191.9689636477403,-0.0330097475989081
anxiolytic.anxiety_relief.p9.g6,anxiolytic.anxiety_relief.p9,anxiolytic,anxiety_relief,serene music that helps anxiety melt away,0,36567,8,1.0,45.0,-18.26342452061788,3.9278557110527945,3.977900937285945,4.254529375222829,3.3227897668869995,3.7608980779584362,3.925513455761591,3.899113047876423,0.3516454306689381,123.046875,5.492460562299893,0.0372080020606517,0.1394889222047917,0.1118473559617996,1261.458393429607,0.1074262374006719
anxiolytic.anxiety_relief.p9.g8,anxiolytic.anxiety_relief.p9,anxiolytic,anxiety_relief,serene music that helps anxiety melt away,0,96077,8,1.0,45.0,-35.95245770911227,3.4843381586359308,2.7789497493607542,3.282171377304658,3.229643528767859,3.1528131682662877,3.134432526708299,3.2039800264947087,0.2629366216414365,129.19921875,1.1013851285229646,0.0463672615587711,0.0952141830057406,0.0121148088946938,735.1446168610717,0.1729946458286805
anxiolytic.anxiety_relief.p9.g10,anxiolytic.anxiety_relief.p9,anxiolytic,anxiety_relief,serene music that helps anxiety melt away,0,38425,8,1.0,45.0,-25.194876410235125,3.746695201344064,3.7582203524709423,3.607986232536441,3.715380144281085,3.522835432051216,3.561859139238199,3.570423054311469,0.3870620723668441,172.265625,3.4335403616173124,0.0430962555110454,0.1165339021850296,0.0567236579954624,968.6787194913336,-0.1433753560020833
anxiolytic.meditation.p0.g0,anxiolytic.meditation.p0,anxiolytic,meditation,slow meditation music with soft sustained tones,0,69446,8,1.0,45.0,-18.384473471744023,3.1561461729531914,3.853177248981729,3.1802246396402944,2.8503772423005143,3.068292688283818,3.036975391193317,2.973657765189974,0.2479083535576336,129.19921875,2.217818083289543,0.0364373065531253,0.1614750087898451,0.1208819895982742,444.8076289262852,0.2520940761507573
anxiolytic.meditation.p0.g2,anxiolytic.meditation.p0,anxiolytic,meditation,slow meditation music with soft sustained tones,0,69856,8,1.0,45.0,-19.12280153759615,3.585788295296485,3.8938423040505423,3.583221334996142,3.463913527184498,3.457916751711621,3.959058198690648,3.884368501033429,0.2735264568542286,123.046875,6.289844156055094,0.0427490845322608,0.1769963053445256,0.1127950921654701,509.4233182225804,0.3987477140972607
anxiolytic.meditation.p0.g4,anxiolytic.meditation.p0,anxiolytic,meditation,slow meditation music with soft sustained tones,0,12420,8,1.0,45.0,-28.498636080833823,3.113406710642103,2.9057869860281333,3.1454332009894292,2.621074983019619,2.8683204838933345,3.2268013071421158,3.220523909201881,0.441807842789412,129.19921875,5.8704773225395925,0.0607685074210166,0.048888301701994,0.0257139299064874,485.6044783802543,-0.3629355029514362
anxiolytic.meditation.p0.g6,anxiolytic.meditation.p0,anxiolytic,meditation,slow meditation music with soft sustained tones,0,81826,8,1.0,45.0,-22.577816411378983,2.5952353458532103,3.165327043527532,2.6703222634399943,2.6123589958493976,2.658213326416664,2.2110781381147224,2.199220348417664,0.4205897242882386,103.359375,0.326054810725552,0.0571721903979778,0.042987028279928,0.064540721476078,585.4338798068338,0.0502881384272149
anxiolytic.meditation.p0.g8,anxiolytic.meditation.p0,anxiolytic,meditation,slow meditation music with soft sustained tones,0,56599,8,1.0,45.0,-19.453513225712275,3.138778117095548,3.5464256582110587,3.2201444258056804,3.0705683869598563,2.9995584850785004,3.9363432629290354,3.86655156321897,0.2417109616114401,123.046875,6.8414592588852985,0.0573655441403389,0.1252629815371776,0.1002913266420364,636.6346265730967,-0.2865114756374369
anxiolytic.meditation.p0.g10,anxiolytic.meditation.p0,anxiolytic,meditation,slow meditation music with soft sustained tones,0,96003,8,1.0,45.0,-20.61669528670842,3.023589847426101,2.998790042045274,3.108722925862709,2.9230073892695088,3.098108949083396,3.226930251488571,3.1494457498791606,0.2218610526654531,112.34714673913044,7.151660612350804,0.0774504616856575,0.076687561078574,0.0960469916462898,395.5925054983096,-0.2924542014381404
anxiolytic.meditation.p1.g0,anxiolytic.meditation.p1,anxiolytic,meditation,peaceful ambient music for mindfulness meditation,0,26067,8,1.0,45.0,-18.436958160681595,3.152411928703895,3.6202685867429008,3.335534363511658,2.95624872530019,3.1584384846360933,3.262333992921058,3.173294393394756,0.3014661250357844,123.046875,2.1555555555555554,0.0403092615306377,0.1666816910811897,0.1285625994205474,656.3219218357823,0.3392563497284707
anxiolytic.meditation.p1.g2,anxiolytic.meditation.p1,anxiolytic,meditation,peaceful ambient music for mindfulness meditation,0,95865,8,1.0,45.0,-18.05849112403943,3.649919191584402,4.145192709957835,3.669581627221965,3.1981370732538004,3.183619394078144,3.6544741399048433,3.604566006207769,0.3732322077137476,129.19921875,5.248187321362538,0.0415158793330192,0.3071737021761631,0.1149524897336959,826.0370498672386,-0.0490159093942114
anxiolytic.meditation.p1.g4,anxiolytic.meditation.p1,anxiolytic,meditation,peaceful ambient music for mindfulness meditation,0,3255,8,1.0,45.0,-17.15996946202117,3.36725314647744,4.162691727741253,3.3365178497081573,2.923153083109418,2.9212350511099463,3.297148183323344,3.175189433019873,0.0907085889093131,123.046875,1.3553182650569724,0.0576998554170131,0.1253194550095121,0.1312059611082077,760.8376382972003,0.0186019452117279
anxiolytic.meditation.p1.g6,anxiolytic.meditation.p1,anxiolytic,meditation,peaceful ambient music for mindfulness meditation,0,13752,8,1.0,45.0,-20.01599434990939,3.7601377760541466,3.5622327488948264,3.662462339939843,3.785974448738833,3.6694669548628425,3.480691196005308,3.4343117637065914,0.371401957581691,123.046875,5.323832440163072,0.0474980026483535,0.0283446620266105,0.0997757613658905,697.0115867396239,0.0355731061959541
anxiolytic.meditation.p1.g8,anxiolytic.meditation.p1,anxiolytic,meditation,peaceful ambient music for mindfulness meditation,0,63716,8,1.0,45.0,-21.672794605463327,2.5527588201406,3.5243888725694354,2.8399538528065493,2.507114071049678,2.8453417445495335,3.1033223692284766,3.092670167681232,0.3775277060981895,129.19921875,4.603570951362908,0.0334038510918617,0.1031063230514705,0.0853927955031395,348.7084344628714,0.0728635738983316
anxiolytic.meditation.p1.g10,anxiolytic.meditation.p1,anxiolytic,meditation,peaceful ambient music for mindfulness meditation,0,26632,8,1.0,45.0,-18.305671389219004,3.3038198067997144,3.583293992334584,3.243587791852339,3.277326859613905,3.179741901207135,3.696275478189853,3.638658024542524,0.177258870097627,123.046875,6.984967417061611,0.0414623655378818,0.2011038018156286,0.1151177510619163,682.300663431916,-0.0712437344224852
anxiolytic.meditation.p2.g0,anxiolytic.meditation.p2,anxiolytic,meditation,"serene meditative soundscape, gentle and warm",0,68909,8,1.0,45.0,-20.393048831259744,3.211619129321222,3.744655107328621,3.2486806380454185,3.2767617715428563,3.278686784681818,4.156019114150861,4.123120697374097,0.4090132356972177,123.046875,7.415858264218009,0.0443373471498489,0.1663328382173168,0.0933606028556823,693.2980008675175,-0.0394089887016284
anxiolytic.meditation.p2.g2,anxiolytic.meditation.p2,anxiolytic,meditation,"serene meditative soundscape, gentle and warm",0,35295,8,1.0,45.0,-21.01408514611076,3.342741069446631,4.030945356295799,3.2525073273483676,2.979284966696042,3.064878450945676,3.399840176606173,3.347276604219417,0.3997076626246776,123.046875,4.639362588411317,0.0635956600308418,0.0812795791442255,0.0866898670792579,534.9500388490591,0.2325411145998116
anxiolytic.meditation.p2.g4,anxiolytic.meditation.p2,anxiolytic,meditation,"serene meditative soundscape, gentle and warm",0,91156,8,1.0,45.0,-27.336161587447528,3.564950275342453,2.893303387271131,3.290471809147315,3.161641287728248,3.093104884284707,2.8644258999458234,2.8939697266139435,0.3622620831994067,129.19921875,0.9387772479564032,0.0347271673381328,0.1474475284279527,0.0415502302348613,420.321537297642,0.2403169647680897
anxiolytic.meditation.p2.g6,anxiolytic.meditation.p2,anxiolytic,meditation,"serene meditative soundscape, gentle and warm",0,50717,8,1.0,45.0,-19.993757524206988,2.764312867044367,3.585106110676331,3.1134054303661856,2.4722191856491325,3.0027426247226936,3.7436030437457593,3.6763916851248206,0.4247509490027911,123.046875,6.563162611066236,0.0431140176951885,0.2390932376757745,0.1078999042510986,406.8345275092978,0.2533507715459898
anxiolytic.meditation.p2.g8,anxiolytic.meditation.p2,anxiolytic,meditation,"serene meditative soundscape, gentle and warm",0,11748,8,1.0,45.0,-21.07142053390422,3.520929993586903,3.534867311816918,3.470707898148376,3.56507990214275,3.488159570167793,3.729676069839157,3.705685223976009,0.4187873001679131,123.046875,6.901059591822688,0.0432388633489608,0.139548371121325,0.0929451361298561,709.8400894649549,-0.2009485856973502
anxiolytic.meditation.p2.g10,anxiolytic.meditation.p2,anxiolytic,meditation,"serene meditative soundscape, gentle and warm",0,96,8,1.0,45.0,-22.940808764976904,2.78296686350018,3.100333993109328,2.853337449756672,2.7870343032514517,2.851256142088075,2.7571158480116864,2.7569533691346253,0.3528338071155805,123.046875,0.8026220547124601,0.0281488168984651,0.1463584061724291,0.0654455497860908,377.7914401457604,0.3280292655002816
anxiolytic.meditation.p3.g0,anxiolytic.meditation.p3,anxiolytic,meditation,"calm breathing meditation music, very slow tempo",0,82136,8,1.0,45.0,-17.554229866865384,2.8599173044517547,2.960060365137466,3.1458061798745005,2.508032015895465,2.862460968957048,3.068999509227787,2.9939817759925456,0.3397857149890099,129.19921875,3.30558697945019,0.0526010915637016,0.1924761185307199,0.1249917298555374,719.3141977339504,-0.099983384174676
anxiolytic.meditation.p3.g2,anxiolytic.meditation.p3,anxiolytic,meditation,"calm breathing meditation music, very slow tempo",0,50793,8,1.0,45.0,-18.659100837077123,3.479356181136409,3.483017095962732,3.635218851692007,3.2688891359419245,3.540896224833472,4.124609076384555,4.017664245899731,0.119958162187781,123.046875,7.004915730337078,0.05985813960433,0.1264712895766276,0.1109196469187736,493.5657942099387,0.366030425783221
anxiolytic.meditation.p3.g4,anxiolytic.meditation.p3,anxiolytic,meditation,"calm breathing meditation music, very slow tempo",0,81913,8,1.0,45.0,-21.473512259619618,3.0524936786147947,2.620680482573319,2.9368576115603746,2.862359339767909,2.8371595646883376,2.669124387598426,2.6260638978658664,0.1479749827097291,161.4990234375,1.5639905427631575,0.0624625422060489,0.1497549986752238,0.0832551568746566,650.4321628940188,-0.0876249873305681
anxiolytic.meditation.p3.g6,anxiolytic.meditation.p3,anxiolytic,meditation,"calm breathing meditation music, very slow tempo",0,12369,8,1.0,45.0,-28.14641852657517,2.9185495878370413,2.8374962799427927,2.8024432788451965,2.715995069177707,2.6472589517797904,2.8437947022119627,2.857950236571386,0.194275647207534,151.99908088235293,0.6789239030478192,0.028524899855256,0.0841764168485061,0.0322554558515548,455.4326887675264,0.0379350234827499
anxiolytic.meditation.p3.g8,anxiolytic.meditation.p3,anxiolytic,meditation,"calm breathing meditation music, very slow tempo",0,42720,8,1.0,45.0,-29.71537532076954,2.672530718813574,3.231785078575578,2.8369986170925765,2.422742089554539,2.733150149619611,3.459593685662666,3.5113153520696048,0.2358677525467007,123.046875,7.269094580105146,0.0564537458121776,0.1097212982260242,0.0323961786925792,532.9530765384445,-0.3207133748075703
anxiolytic.meditation.p3.g10,anxiolytic.meditation.p3,anxiolytic,meditation,"calm breathing meditation music, very slow tempo",0,91586,8,1.0,45.0,-22.40992618756796,2.526044591068686,3.5207262819058407,2.7636986586467795,2.539248784295446,2.7793864027510002,2.6797711301533287,2.673887974150797,0.2866898943114302,123.046875,5.114280376813541,0.0675023719668388,0.0956925715619243,0.0646022707223892,433.87547068577777,-0.3683736903234911
anxiolytic.meditation.p4.g0,anxiolytic.meditation.p4,anxiolytic,meditation,still and spacious ambient music for deep relaxation,0,48822,8,1.0,45.0,-23.216893678516197,3.3001508249282807,3.8043990267942687,3.135497608946584,3.328008556242657,3.1198883199710745,3.5558048297248845,3.554958938362877,0.2861659523963291,129.19921875,7.062706580528846,0.0475870296359062,0.0699600624854778,0.0698061510920524,520.0068442528415,-0.042217185675939
anxiolytic.meditation.p4.g2,anxiolytic.meditation.p4,anxiolytic,meditation,still and spacious ambient music for deep relaxation,0,92041,8,1.0,45.0,-23.694278597825893,3.0253289501606946,3.990169226142192,3.2139977547547423,3.0559076177286704,3.1710611512889604,3.900140092977016,3.8995787877696464,0.3724380727858261,123.046875,6.644790432464455,0.0391122214496135,0.2126521901957747,0.064869999885559,496.217253200591,0.2969364941639785
anxiolytic.meditation.p4.g4,anxiolytic.meditation.p4,anxiolytic,meditation,still and spacious ambient music for deep relaxation,0,35025,8,1.0,45.0,-20.649676805837483,3.3260961062313186,3.1476067884074284,3.2777234287490975,3.31903016663022,3.3471065164766536,3.141979618668503,3.097957939472638,0.3987307544535641,123.046875,1.7262432489588757,0.038613211363554,0.1998415568328281,0.1137718856334686,694.492374102892,0.2249393827449661
anxiolytic.meditation.p4.g6,anxiolytic.meditation.p4,anxiolytic,meditation,still and spacious ambient music for deep relaxation,0,53253,8,1.0,45.0,-29.61527702412504,3.563740345941261,3.5719321550440712,3.5437568203927037,3.426481982887781,3.3011896813291726,2.7855439115286647,2.8535241324016067,0.2952746745971508,129.19921875,2.1353385144832986,0.0661027729511261,0.1396219508741681,0.0316176414489746,694.5372791074374,0.1286787346645812
anxiolytic.meditation.p4.g8,anxiolytic.meditation.p4,anxiolytic,meditation,still and spacious ambient music for deep relaxation,0,53517,8,1.0,45.0,-31.36431091661718,2.8227518166457126,2.673053019068527,2.8163741271874683,2.735514592975871,2.641749700804775,2.495555531422213,2.556964922763766,0.4117917712385225,129.19921875,0.4759971217105262,0.0386522375047206,0.1560239664499172,0.0274661555886268,532.4700629934836,-0.2040049332783127
anxiolytic.meditation.p4.g10,anxiolytic.meditation.p4,anxiolytic,meditation,still and spacious ambient music for deep relaxation,0,58540,8,1.0,45.0,-21.81082402544121,3.0591323336414304,3.669206027333283,3.496325705740052,3.0620903848452685,3.4752059996001754,3.5856849779640148,3.56619124435864,0.3866082426019781,123.046875,4.076619100343733,0.0317147448658943,0.1950856529132925,0.0853139832615852,881.5024032192999,-0.0642216178049085
anxiolytic.meditation.p5.g0,anxiolytic.meditation.p5,anxiolytic,meditation,floating ambient drone for quiet meditation,0,24927,8,1.0,45.0,-19.810673221779798,2.9403392764197145,3.08826955113506,2.998349219467669,2.977476327401851,2.886342195698977,3.367804067268862,3.3437356004454566,0.1357549129559046,123.046875,6.572287302302996,0.0353466980159282,0.0543942149671478,0.0928259268403053,515.3080564483535,0.0530818227453055
anxiolytic.meditation.p5.g2,anxiolytic.meditation.p5,anxiolytic,meditation,floating ambient drone for quiet meditation,0,80810,8,1.0,45.0,-19.134424976167725,3.109364601006088,3.2716738664144787,3.0887239304992975,3.324118198808451,3.0567132404705317,3.922208132073449,3.819669938503017,0.0948623939400001,129.19921875,6.580528846153846,0.0658649131655693,0.2161172174681766,0.1165170073509216,306.00996035723773,0.1820449675993766
anxiolytic.meditation.p5.g4,anxiolytic.meditation.p5,anxiolytic,meditation,floating ambient drone for quiet meditation,0,36361,8,1.0,45.0,-21.848900514086697,2.484199163231953,3.3700463201676105,2.7095430196970947,2.4590901270729,2.67095956911058,3.442773640446824,3.4258538707988637,0.2241193485474139,123.046875,7.0177211882961785,0.0514833070337772,0.051890102365595,0.0797108635306358,333.45433926840826,-0.0110858331859184
anxiolytic.meditation.p5.g6,anxiolytic.meditation.p5,anxiolytic,meditation,floating ambient drone for quiet meditation,0,61097,8,1.0,45.0,-19.930743425591444,3.0415000037510165,2.7850086214541743,3.0019324405532206,2.873301760011687,2.7627536283233294,2.555784072776545,2.4771483660288305,0.1560779901420734,123.046875,1.1724885471204187,0.0743486806750297,0.1519328099898191,0.1008161380887031,381.2617222225121,0.0922226168784393
anxiolytic.meditation.p5.g8,anxiolytic.meditation.p5,anxiolytic,meditation,floating ambient drone for quiet meditation,0,30814,8,1.0,45.0,-20.19849990548974,3.509050270643296,3.515123951499079,3.452477218621856,3.415624451530885,3.310714004881428,3.4813724611921946,3.4459434074915274,-0.0448224879353048,129.19921875,4.987382941136114,0.067827358841896,0.2290137496134479,0.0837208479642868,788.1558584965425,-0.0124318778868316
anxiolytic.meditation.p5.g10,anxiolytic.meditation.p5,anxiolytic,meditation,floating ambient drone for quiet meditation,0,2947,8,1.0,45.0,-19.610307922002665,3.0344036735656,3.2225538342698727,3.114445143188703,2.9373604080246745,3.0910692445819676,3.4715286351553214,3.4363409210081275,0.0996864884094916,129.19921875,7.281759510869565,0.0374251455068588,0.159558029389559,0.0991296395659446,370.52344348012406,-0.0295063799393966
anxiolytic.meditation.p6.g0,anxiolytic.meditation.p6,anxiolytic,meditation,gentle zen music for a calm clear mind,0,30416,8,1.0,45.0,-20.68796537277004,3.670351446700058,3.726372579654336,3.795388860691433,3.769299207765348,3.5507954425036687,3.839072391588296,3.794793737226044,0.4547663624507359,89.10290948275862,2.5962825555261766,0.0458530895411968,0.086981083502557,0.0895760804414749,652.5078447034174,0.3754181183152269
anxiolytic.meditation.p6.g2,anxiolytic.meditation.p6,anxiolytic,meditation,gentle zen music for a calm clear mind,0,75788,8,1.0,45.0,-20.484525294710878,2.813746843674404,3.462265370017012,2.904336058630499,2.5698351053407698,2.804402570565137,3.07147161020214,3.054616259822424,0.364757597081684,86.1328125,0.8925680051813472,0.0364773273468017,0.118733017775004,0.0804295763373375,530.2769227199357,0.3358369272873512
anxiolytic.meditation.p6.g4,anxiolytic.meditation.p6,anxiolytic,meditation,gentle zen music for a calm clear mind,0,81818,8,1.0,45.0,-21.999281334475324,3.3867568933909986,3.669623279729548,3.317131225386101,3.389729648680237,3.4294965304435068,2.9897903701112343,2.9748704422834686,0.4984156186364873,69.83741554054055,1.479637070536179,0.037253201007843,0.0945276906342946,0.0783915445208549,948.4986131479056,0.2177798874817511
anxiolytic.meditation.p6.g6,anxiolytic.meditation.p6,anxiolytic,meditation,gentle zen music for a calm clear mind,0,99515,8,1.0,45.0,-19.973757597780832,3.408454129651316,3.711882108942725,3.146161648955693,3.1909029948840875,3.0017572401870005,3.20696698982852,3.177807380448769,0.2396300128465705,161.4990234375,2.067757915976821,0.0419015474617481,0.1567389596950343,0.0940477177500724,578.7054223064698,0.068491387587489
anxiolytic.meditation.p6.g8,anxiolytic.meditation.p6,anxiolytic,meditation,gentle zen music for a calm clear mind,0,34435,8,1.0,45.0,-18.19364059570374,4.092314804956966,3.5875916953789253,3.8046913036242755,2.8110801574151227,2.84640365878236,3.211889899900612,3.1532146124513387,0.3217544850469741,89.10290948275862,1.3084607451545311,0.0422767288982868,0.1149127198016634,0.0956108719110488,570.2803178876558,0.284595988201305
anxiolytic.meditation.p6.g10,anxiolytic.meditation.p6,anxiolytic,meditation,gentle zen music for a calm clear mind,0,9806,8,1.0,45.0,-18.531535619631416,3.5588199525755195,3.769562055249609,3.3874511750387755,3.235004539363259,3.037090685653599,3.2234217417869147,3.140869242220277,0.4962350125118826,129.19921875,1.5549879807692306,0.0369824767112731,0.0933797317528586,0.1205165833234787,641.4884440353779,0.1447748494326238
anxiolytic.meditation.p7.g0,anxiolytic.meditation.p7,anxiolytic,meditation,soft spa music for deep rest and healing,0,28911,8,1.0,45.0,-27.16147457505109,3.473368524458757,4.4106731797058565,3.5331240415023393,3.2965876696856804,3.4404173314431317,4.127550666810636,4.164018809302676,0.3719450078993925,123.046875,6.647054607393416,0.0610293000936508,0.1057157787663643,0.0369534194469451,737.8539008183964,0.2438477979667238
anxiolytic.meditation.p7.g2,anxiolytic.meditation.p7,anxiolytic,meditation,soft spa music for deep rest and healing,0,68994,8,1.0,45.0,-23.160723596990323,3.1497650793756216,4.261874210690527,3.0268853626959737,3.1703460651001545,3.005678762479811,3.5097420158649086,3.5129588488119663,0.3442908932450738,86.1328125,2.437299211448598,0.0455539971590042,0.1755384347484902,0.0729488134384155,722.2176162171119,0.0852806994080818
anxiolytic.meditation.p7.g4,anxiolytic.meditation.p7,anxiolytic,meditation,soft spa music for deep rest and healing,0,4071,8,1.0,45.0,-20.58933497353116,3.3453861530465807,3.6841390047498495,3.358541237035344,2.9851861459853906,3.265296378339889,3.301155796859322,3.2583769559576576,0.4205922730884496,129.19921875,0.888671875,0.0494874753057956,0.2250429944353074,0.091959647834301,664.4061870505527,0.1331472536159387
anxiolytic.meditation.p7.g6,anxiolytic.meditation.p7,anxiolytic,meditation,soft spa music for deep rest and healing,0,47662,8,1.0,45.0,-27.04397643398703,3.463645316123495,3.41753688848146,3.341267569696653,3.2418170970757334,3.180022635726907,3.8198637307252254,3.855638025855408,0.1795747087336746,123.046875,4.317795044785882,0.0418391972780227,0.4216402437133439,0.0464639514684677,706.9192859687751,0.0484780850733053
anxiolytic.meditation.p7.g8,anxiolytic.meditation.p7,anxiolytic,meditation,soft spa music for deep rest and healing,0,92629,8,1.0,45.0,-25.92286667774621,4.150828042986112,3.546063394651621,3.893691913873913,3.939042831520732,3.7667827536413228,4.07031254758326,4.109101281410707,0.4700525660645341,123.046875,7.173950645756458,0.0359510853886604,0.170051979315538,0.0508026517927646,636.9708753908649,0.2337702626003136
anxiolytic.meditation.p7.g10,anxiolytic.meditation.p7,anxiolytic,meditation,soft spa music for deep rest and healing,0,56797,8,1.0,45.0,-19.90234294137163,3.317351829422083,3.562635050834617,3.5702939650409995,3.399015815501893,3.570999417969041,3.7554748424499538,3.713882144797733,0.4153430952857667,123.046875,6.559029613960868,0.0340976566076278,0.1715049527925959,0.099916823208332,453.4236096340829,0.3051189368774635
anxiolytic.meditation.p8.g0,anxiolytic.meditation.p8,anxiolytic,meditation,slow flowing ambient music for yoga relaxation,0,21968,8,1.0,45.0,-18.710354827549363,3.700986548190819,3.862569555304097,3.8811566894398006,3.186412595213241,3.3327257345298684,3.739390195935489,3.672462098694467,0.3995838399457893,86.1328125,2.437299211448598,0.0398969016969203,0.1508237161483857,0.1149058938026428,921.7174061731646,0.3576412156109555
anxiolytic.meditation.p8.g2,anxiolytic.meditation.p8,anxiolytic,meditation,slow flowing ambient music for yoga relaxation,0,56196,8,1.0,45.0,-20.50096257946452,3.174606681121731,4.521530760593611,3.0689285636015007,3.2123714648731605,3.0260434378895678,3.903463644383335,3.869818001252917,0.3488353099216714,123.046875,7.196773458222812,0.0409955978393554,0.2959926527629866,0.0881440192461013,712.5737943662642,0.2150070109716364
anxiolytic.meditation.p8.g4,anxiolytic.meditation.p8,anxiolytic,meditation,slow flowing ambient music for yoga relaxation,0,47694,8,1.0,45.0,-23.917761335343837,3.727128147310713,3.590982884121724,3.8439506600872364,3.661593681064397,3.78072719205655,3.94435830977001,3.958060590591794,0.3788338227556971,123.046875,4.066666666666666,0.0437216088175773,0.1975098444732557,0.0622797161340713,1050.4772732967033,0.0138971615925511
anxiolytic.meditation.p8.g6,anxiolytic.meditation.p8,anxiolytic,meditation,slow flowing ambient music for yoga relaxation,0,39486,8,1.0,45.0,-19.278962086708265,2.9458147084419704,3.42652249134284,3.241393663860955,3.049479249879384,3.1874357752578506,4.1571028194257895,4.118393794638755,0.3815090879862563,117.45383522727272,7.568435312986003,0.0367450453341007,0.139916981766581,0.1180820316076278,678.5705781781342,0.1506105563428831
anxiolytic.meditation.p8.g8,anxiolytic.meditation.p8,anxiolytic,meditation,slow flowing ambient music for yoga relaxation,0,77240,8,1.0,45.0,-27.409411165115326,2.957003650708062,3.0515453967611688,2.796407536325418,2.67117984369535,2.728687407641651,2.680518656810984,2.688883595705166,0.3675838626275556,117.45383522727272,0.5809970489038786,0.0357981212437152,0.1788152247461691,0.0359412804245948,540.260551418837,0.1539289266877955
anxiolytic.meditation.p8.g10,anxiolytic.meditation.p8,anxiolytic,meditation,slow flowing ambient music for yoga relaxation,0,81616,8,1.0,45.0,-16.30321108299698,3.786760226560689,2.6392378669992564,3.7506581280015916,3.230769394775071,3.238244827239477,3.030968265260304,2.9186807515383006,0.3224102745652871,117.45383522727272,0.5943383903413014,0.04264572635293,0.2164768236078577,0.1432193517684936,733.1609820832587,0.1250146394851159
anxiolytic.meditation.p9.g0,anxiolytic.meditation.p9,anxiolytic,meditation,minimal peaceful tones for silent contemplation,0,94121,8,1.0,45.0,-20.35614127154444,2.7284999910161667,3.3450658253721466,3.185192591130972,2.841922086453621,3.20923398714503,3.717511979893919,3.6702560801244575,0.049855942965716,129.19921875,6.801148101390346,0.0533263981342315,0.1233593029591978,0.0966065600514411,383.47888583332696,-0.113511243783303
anxiolytic.meditation.p9.g2,anxiolytic.meditation.p9,anxiolytic,meditation,minimal peaceful tones for silent contemplation,0,83690,8,1.0,45.0,-26.20761615678727,3.229393755369548,2.9471021036409355,3.14768897863985,3.1941320386672296,3.1905368563866596,2.6891719178458118,2.643699789875217,0.0540132703248905,129.19921875,6.497578497220752,0.0187075436115264,0.0468855187379436,0.1519476026296615,212.07109643833456,0.2495077119278508
anxiolytic.meditation.p9.g4,anxiolytic.meditation.p9,anxiolytic,meditation,minimal peaceful tones for silent contemplation,0,69773,8,1.0,45.0,-20.045938233296724,3.1213368638235988,3.258766426425584,3.1328856661497717,2.8493178170026074,2.99870439251963,3.4739515857753123,3.405820598405148,0.0226698331308164,129.19921875,7.5355489166479055,0.0652878582477569,0.1558481519539263,0.0978472605347633,441.8606120642872,-0.2743533547588166
anxiolytic.meditation.p9.g6,anxiolytic.meditation.p9,anxiolytic,meditation,minimal peaceful tones for silent contemplation,0,76347,8,1.0,45.0,-21.332444643187443,2.752245607624705,3.527328335816374,3.1153336922963875,2.76619857903554,3.20283615682695,3.719264541770027,3.662428564071675,-0.0618942938126078,129.19921875,7.550023502334024,0.0589597448706626,0.0746293583241514,0.090158499777317,390.5674551938928,-0.2330710927107181
anxiolytic.meditation.p9.g8,anxiolytic.meditation.p9,anxiolytic,meditation,minimal peaceful tones for silent contemplation,0,23,8,1.0,45.0,-28.55329903496242,3.2383769502636426,3.1858443500857208,3.266475587147589,2.956470679931939,3.003909006471829,3.3827023518253174,3.4243085531499853,0.0256101653087435,129.19921875,7.093573335427135,0.0455826297402381,0.051766240408568,0.0336649753153324,470.0718027225656,0.1026527919845514
anxiolytic.meditation.p9.g10,anxiolytic.meditation.p9,anxiolytic,meditation,minimal peaceful tones for silent contemplation,0,98931,8,1.0,45.0,-19.456526151031117,2.769598599995234,3.612002220583096,2.975478980340871,2.564120556174112,2.8005099395669966,3.0897845260966355,3.0127891209782653,0.1121461092304289,123.046875,6.416061568870884,0.0510204136371612,0.0025054588269486,0.1052305102348327,459.8310694695436,-0.0021148811200298
anxiolytic.study_calm.p0.g0,anxiolytic.study_calm.p0,anxiolytic,study_calm,soft calm background music for focused studying,0,70191,8,1.0,45.0,-21.329532587281975,3.154088158725912,3.465932635689273,3.017381729731273,3.1430014120174765,2.980789365025432,3.305648663412313,3.284051850312345,0.3198627230306621,172.265625,1.8444444444444448,0.0329427644610405,0.1765946015525382,0.0869899615645408,607.484176535211,0.3867076072565363
anxiolytic.study_calm.p0.g2,anxiolytic.study_calm.p0,anxiolytic,study_calm,soft calm background music for focused studying,0,92950,8,1.0,45.0,-21.59314856104538,2.625673296903553,3.310036763200174,2.82101782473775,2.699995090293268,2.8298234919431513,3.0946372982603103,3.085982867836285,0.2688772675686471,99.38401442307692,2.744309844885411,0.0393794365227222,0.0614766294807984,0.0769909247756004,458.79780200574544,-0.0352810947867999
anxiolytic.study_calm.p0.g4,anxiolytic.study_calm.p0,anxiolytic,study_calm,soft calm background music for focused studying,0,79809,8,1.0,45.0,-22.378281395670587,2.2683847052864343,3.1292792984293443,2.6925428157594054,2.2571190083400614,2.677632420791604,2.7490013576061547,2.739821417393824,0.2321274118562317,129.19921875,0.9475060568360398,0.0324617996811866,0.0509841875634399,0.0931981429457664,282.51585580309586,-0.0800280981870994
anxiolytic.study_calm.p0.g6,anxiolytic.study_calm.p0,anxiolytic,study_calm,soft calm background music for focused studying,0,30327,8,1.0,45.0,-18.45508853516442,3.9878660839805575,3.5441090989517554,3.7836812384538754,3.429928468840913,3.395770547936331,3.0521493997208613,2.983369881005645,0.2800158259452649,103.359375,0.7834445224719101,0.0322270765900611,0.1209800196983807,0.1150884255766868,601.7239450918737,0.2710231321131878
anxiolytic.study_calm.p0.g8,anxiolytic.study_calm.p0,anxiolytic,study_calm,soft calm background music for focused studying,0,49824,8,1.0,45.0,-23.73549562874305,2.5135534905006938,3.687005308108558,2.659745227133519,2.499977382761842,2.675752957731317,3.063736637759763,3.067005294305496,0.2488764969005909,83.35433467741936,1.0,0.0351896770298481,0.0744668171472187,0.0408211760222911,624.5111994385135,0.0260832594821484
anxiolytic.study_calm.p0.g10,anxiolytic.study_calm.p0,anxiolytic,study_calm,soft calm background music for focused studying,0,30618,8,1.0,45.0,-21.70703392133451,2.6613657150924808,3.718257132003319,2.7521756154230905,2.435887257514734,2.6778862689111604,3.140896241439645,3.12491759348302,0.2059628190104566,99.38401442307692,2.620626766962843,0.0407609567046165,0.0682966915792425,0.0751897767186164,490.72512111476624,-0.2978573950159588
anxiolytic.study_calm.p1.g0,anxiolytic.study_calm.p1,anxiolytic,study_calm,gentle low-key instrumental music for concentration,0,36971,8,1.0,45.0,-24.976075690484617,2.753524558847078,3.1052731976804573,2.919788879481615,2.6507671388831526,2.9412243097605706,3.391993241809348,3.38024355412678,0.2888842520209149,151.99908088235293,0.3851283041820094,0.03094476275146,0.0680340888164307,0.0350154526531696,611.5586537698088,0.194967734543949
anxiolytic.study_calm.p1.g2,anxiolytic.study_calm.p1,anxiolytic,study_calm,gentle low-key instrumental music for concentration,0,21188,8,1.0,45.0,-22.977736388076416,3.5192328194977143,3.3476177553587565,3.5108537558634523,3.5218983615505146,3.5080289101064794,3.060886565113934,3.0609583933422586,0.3297214802782649,112.34714673913044,1.6699698764336428,0.0361323878169059,0.1827823428673793,0.0655403658747673,546.0965107156132,-0.0219721336491154
anxiolytic.study_calm.p1.g4,anxiolytic.study_calm.p1,anxiolytic,study_calm,gentle low-key instrumental music for concentration,0,6295,8,1.0,45.0,-26.120455787710604,3.4617778043959437,3.080766854608391,3.6309574926312065,3.5773232300585174,3.543756821634512,3.53309166092122,3.5496067123358053,0.226259857189893,56.17357336956522,1.1639569256756757,0.0399486795067787,0.020083325525137,0.0292967390269041,1548.199255733473,0.2144831002142215
anxiolytic.study_calm.p1.g6,anxiolytic.study_calm.p1,anxiolytic,study_calm,gentle low-key instrumental music for concentration,0,51903,8,1.0,45.0,-29.617609149852065,3.3511338341245764,2.965193317419331,3.1393310917898836,3.1099396141500133,2.9200239849260603,2.813891890344689,2.8495820921731663,0.2306254801828114,123.046875,0.4473820222799344,0.03431086987257,0.1557789808685142,0.0317248553037643,386.3644780371945,0.1218174213695314
anxiolytic.study_calm.p1.g8,anxiolytic.study_calm.p1,anxiolytic,study_calm,gentle low-key instrumental music for concentration,0,2924,8,1.0,45.0,-16.75600915333344,4.505182361206859,3.058449214111507,4.7724389441205926,3.6647048324543054,3.9490054867496367,4.117348802951887,4.024952322417609,0.1754727361831698,99.38401442307692,4.806097852844639,0.032529279589653,0.1387373707495678,0.1403894126415252,660.0031889685459,0.3767986984970821
anxiolytic.study_calm.p1.g10,anxiolytic.study_calm.p1,anxiolytic,study_calm,gentle low-key instrumental music for concentration,0,47285,8,1.0,45.0,-17.350829084319503,2.9139919798012004,3.5099109103070965,3.1040200018040593,2.850072940397737,2.8799767075508464,3.089062478482878,3.0504558465713414,0.2112855061223629,161.4990234375,2.209739185316594,0.0362031124532222,0.2114787350519185,0.128742054104805,978.8685530349602,-0.4298718868121096
anxiolytic.study_calm.p2.g0,anxiolytic.study_calm.p2,anxiolytic,study_calm,quiet mellow music to stay relaxed while working,0,71465,8,1.0,45.0,-21.475721790452926,3.6523215126213575,3.4113684472481385,3.878055018906143,3.254328798693828,3.579886499693566,3.956275925376048,3.9002723155981527,0.1750042392056081,86.1328125,2.191432176438053,0.0529504530131816,0.1114800939615525,0.0602756142616272,808.0580861495883,0.2166274565247863
anxiolytic.study_calm.p2.g2,anxiolytic.study_calm.p2,anxiolytic,study_calm,quiet mellow music to stay relaxed while working,0,61321,8,1.0,45.0,-22.354459301572607,2.734815584687906,2.9448517226024,2.880151072476921,2.661912490126342,2.8770730976940877,3.198319080492396,3.1897013314731346,0.2045688329081478,172.265625,1.488888888888889,0.0559020042419433,0.0799202546281813,0.0729808658361435,418.9831454869184,0.3807199608417302
anxiolytic.study_calm.p2.g4,anxiolytic.study_calm.p2,anxiolytic,study_calm,quiet mellow music to stay relaxed while working,0,89183,8,1.0,45.0,-27.84195900244924,3.187337426977634,3.153683643825403,3.1572516540070312,3.1102705442226912,3.329328883349872,3.595976190529282,3.6612199236388463,0.1915961467255173,86.1328125,3.5680742142236386,0.0609523989260196,0.0633261561352306,0.0313630104064941,1099.8863510108897,0.0534021813581784
anxiolytic.study_calm.p2.g6,anxiolytic.study_calm.p2,anxiolytic,study_calm,quiet mellow music to stay relaxed while working,0,81535,8,1.0,45.0,-21.044175775259536,3.0979720153052823,3.1889837768401006,3.123929008283346,3.335756835363806,3.0731260259402537,2.971619005208141,2.9356493583352528,0.1954240317431307,129.19921875,0.476498699288725,0.0436117574572563,0.2134758947705099,0.0941221043467521,412.1065703747563,0.311459264506339
anxiolytic.study_calm.p2.g8,anxiolytic.study_calm.p2,anxiolytic,study_calm,quiet mellow music to stay relaxed while working,0,1698,8,1.0,45.0,-32.53033272574247,3.43502672166806,2.805182334613478,3.475638483866497,3.4257743576777,3.668006594234117,3.599349349357067,3.68563811872363,0.1515252886687414,135.99917763157896,1.490852701005025,0.0425061546266078,0.0482219662008892,0.0200256165117025,1095.3750657244457,0.2640152907935094
anxiolytic.study_calm.p2.g10,anxiolytic.study_calm.p2,anxiolytic,study_calm,quiet mellow music to stay relaxed while working,0,66151,8,1.0,45.0,-25.048212307448363,3.9428615378211833,2.946279577150292,3.6446167496218584,3.735009343893364,3.528944393394974,3.1068696993912743,3.1295074348276644,0.1382834992386989,117.45383522727272,1.474035581859669,0.0396329276263713,0.1074683769005848,0.0549181215465068,657.0601761554263,0.2962506487262416
anxiolytic.study_calm.p3.g0,anxiolytic.study_calm.p3,anxiolytic,study_calm,smooth peaceful background music without distractions,0,86893,8,1.0,45.0,-26.97338514927221,3.529555046278787,3.381866070609695,3.1994396053076493,3.2974294716359465,3.1714793299454493,3.444935989991794,3.448608623962026,0.2679400164714304,123.046875,7.089908926585094,0.0285345558077096,0.0750454507694244,0.0398531258106231,592.8203134369179,0.1261666626178761
anxiolytic.study_calm.p3.g2,anxiolytic.study_calm.p3,anxiolytic,study_calm,smooth peaceful background music without distractions,0,29804,8,1.0,45.0,-22.02957226534538,4.428856609127976,4.823064141632108,4.462946965220539,4.511396998498569,4.362183558836766,5.075209110412245,5.039046784332975,0.2701180735579875,86.1328125,5.311111111111111,0.0425469763576984,0.1753825677930492,0.0884150117635726,1628.2715703127014,0.2701057401387614
anxiolytic.study_calm.p3.g4,anxiolytic.study_calm.p3,anxiolytic,study_calm,smooth peaceful background music without distractions,0,51079,8,1.0,45.0,-36.8636461256105,3.092046325449039,3.094222428570748,3.4151052392708516,3.095732638439467,3.4363355871234162,4.093917515969187,4.164063176541857,-0.2094132724940717,123.046875,1.3555555555555556,0.0379865542054176,0.610552786257476,0.0142309581860899,1862.6136367333745,-0.0251032119948922
anxiolytic.study_calm.p3.g6,anxiolytic.study_calm.p3,anxiolytic,study_calm,smooth peaceful background music without distractions,0,889,8,1.0,45.0,-24.956336608887685,2.8439017062560894,3.32982360791899,3.0553713517784353,2.811244885331524,2.9887997771065837,3.481043454564171,3.5205966944324665,0.2156991319524903,172.265625,1.4989346590909092,0.0643068850040435,0.1449320197069231,0.0537511594593524,591.8285601392637,0.2836917672722842
anxiolytic.study_calm.p3.g8,anxiolytic.study_calm.p3,anxiolytic,study_calm,smooth peaceful background music without distractions,0,86097,8,1.0,45.0,-28.387652612536773,3.0593635184877166,2.689407231001503,3.0476383304624877,2.823405985989907,2.9124912641589464,3.078030115583614,3.0620795141896693,0.2225370504783153,161.4990234375,0.9333333333333332,0.0301824267953634,0.1418028087430398,0.0211196560412645,640.0523575248083,0.2035277435277934
anxiolytic.study_calm.p3.g10,anxiolytic.study_calm.p3,anxiolytic,study_calm,smooth peaceful background music without distractions,0,81106,8,1.0,45.0,-38.07780666845444,3.089896776838546,2.7529648316379216,2.963769422238887,2.7297495168232127,2.8597406792923,1.96911773789714,2.1078551391104807,0.316950160958327,61.5234375,1.0189212835173502,0.0398786924779415,0.0381878745605617,0.0098984632641077,949.0889379081088,-0.0282851017013785
anxiolytic.study_calm.p4.g0,anxiolytic.study_calm.p4,anxiolytic,study_calm,light airy calm instrumental for reading,0,37443,8,1.0,45.0,-23.908397924569844,4.244940566355799,4.366354200371487,4.2660406493109955,4.096143149580595,4.298279260502788,3.964757824452557,3.9973924369961535,-0.0096322309436118,112.34714673913044,1.8369557168246444,0.050826545804739,0.3295103667871079,0.0610908679664135,1575.4293006453404,0.0202356720448672
anxiolytic.study_calm.p4.g2,anxiolytic.study_calm.p4,anxiolytic,study_calm,light airy calm instrumental for reading,0,5433,8,1.0,45.0,-25.1170965303297,3.1518669348758785,3.692489209323413,3.310485816906413,3.434726942774426,3.473534208237119,3.330698072521306,3.402379613313302,-0.0252870686441594,129.19921875,3.0003391278135045,0.0635783076286315,0.5975620667729289,0.0260854884982109,2072.672912825906,-0.0316083420267551
anxiolytic.study_calm.p4.g4,anxiolytic.study_calm.p4,anxiolytic,study_calm,light airy calm instrumental for reading,0,36687,8,1.0,45.0,-24.46781712051132,3.5541181835041207,3.5189549353359904,3.416734065114143,3.730835355287757,3.4846809405440538,3.157839744961524,3.1645244302546454,0.2242524606281595,80.74951171875,1.5143222229621736,0.0356681533157825,0.0971650223225745,0.0436810292303562,848.9155061664092,-0.1893559198213784
anxiolytic.study_calm.p4.g6,anxiolytic.study_calm.p4,anxiolytic,study_calm,light airy calm instrumental for reading,0,78552,8,1.0,45.0,-29.139073259159257,3.178457855814816,2.730118498075594,2.954734704287813,3.197347667233455,2.882325676549013,3.0520003348475315,3.057320207972194,0.3672054466876778,107.666015625,0.9108404792570498,0.0199150815606117,0.0473367162045883,0.0209468808025121,685.6988969244471,0.1930168587752614
anxiolytic.study_calm.p4.g8,anxiolytic.study_calm.p4,anxiolytic,study_calm,light airy calm instrumental for reading,0,63860,8,1.0,45.0,-21.99097748877788,3.7556851857587623,3.4508083000559755,3.5855813706341406,3.532208280541122,3.5153385542271396,3.511575443952107,3.506121807585142,0.1692752043268226,129.19921875,1.3174322587025316,0.0356835089623928,0.162801767186583,0.052193310111761,1077.4182853971777,0.1960597010365566
anxiolytic.study_calm.p4.g10,anxiolytic.study_calm.p4,anxiolytic,study_calm,light airy calm instrumental for reading,0,80757,8,1.0,45.0,-27.81827899559855,2.8103254429999285,2.962052108287376,2.9458211611549174,2.548444638887059,2.8284437266684033,3.301752662306278,3.3136053270870587,0.3604364010327626,135.99917763157896,0.8734595070422535,0.0310422647744417,0.0726222913249531,0.0230474900454282,606.439860746898,0.0543398778079314
anxiolytic.study_calm.p5.g0,anxiolytic.study_calm.p5,anxiolytic,study_calm,unobtrusive soft music for deep focus,0,19062,8,1.0,45.0,-16.546295128247408,4.00192405072068,4.332717463578953,3.960013764231398,3.12049066991469,3.284816875177529,4.330908254066848,4.081255022855187,0.2877284457028605,99.38401442307692,4.753623095140033,0.04976062849164,0.0811488620227666,0.1600930094718933,1419.5530161474533,0.1962944900224859
anxiolytic.study_calm.p5.g2,anxiolytic.study_calm.p5,anxiolytic,study_calm,unobtrusive soft music for deep focus,0,72450,8,1.0,45.0,-22.99054674899318,3.210331027095714,3.078583913332333,3.1079519797358546,3.235061384315568,3.076547079127004,2.687426916756735,2.68759957784039,0.2751618024935454,123.046875,0.8957435344827587,0.0244459491223096,0.1735808240149151,0.0803878754377365,823.2083368250356,-0.1765460969613699
anxiolytic.study_calm.p5.g4,anxiolytic.study_calm.p5,anxiolytic,study_calm,unobtrusive soft music for deep focus,0,48841,8,1.0,45.0,-20.24945792084584,4.484822711235347,4.572633812940143,4.476585346539364,4.120426599379806,4.072156432170624,4.32338289864031,4.235502607721674,0.3433156308078837,117.45383522727272,5.791213647278549,0.0484481193125247,0.1528783233218715,0.1008013188838958,908.9922885005012,0.0571558850968099
anxiolytic.study_calm.p5.g6,anxiolytic.study_calm.p5,anxiolytic,study_calm,unobtrusive soft music for deep focus,0,95077,8,1.0,45.0,-17.77135739740494,4.745439319894683,4.705819699543847,4.695856876251223,4.251412897496886,4.1007856473218,4.772853457412227,4.474195394725163,0.2771550712198084,117.45383522727272,5.535180740595612,0.0551887303590774,0.1638129768451212,0.1510802060365677,772.0197843693264,0.1095821954648376
anxiolytic.study_calm.p5.g8,anxiolytic.study_calm.p5,anxiolytic,study_calm,unobtrusive soft music for deep focus,0,68299,8,1.0,45.0,-19.00279280314049,4.504393028736792,4.834625274735098,4.173461244931952,3.7680511129368814,3.690923266214994,4.76718152723985,4.550557011668589,0.1971912978107737,117.45383522727272,5.799640430638183,0.0676501914858818,0.1145297242192906,0.1301100850105285,990.812451253473,0.0642526942545711
anxiolytic.study_calm.p5.g10,anxiolytic.study_calm.p5,anxiolytic,study_calm,unobtrusive soft music for deep focus,0,40751,8,1.0,45.0,-17.969938671927412,4.2877152563736285,4.94119585646374,4.508346088748956,4.149434910185326,3.8910746096347077,4.271885931183453,4.067725168716716,0.2880126234989136,123.046875,4.835062787576687,0.0426519848406314,0.2252421704881482,0.1441746801137924,956.9245258850084,0.2530815895819437
anxiolytic.study_calm.p6.g0,anxiolytic.study_calm.p6,anxiolytic,study_calm,calm minimal piano for quiet study sessions,0,17607,8,1.0,45.0,-25.97608360567565,2.895585966672175,3.523939901913267,3.0050867252898015,3.0982250352711245,3.0623957531233725,3.17321712311643,3.186456674563302,0.1930793040895444,99.38401442307692,0.6323331803880441,0.0193502604961395,0.1110243605490899,0.0413163565099239,502.86004110148593,0.1261133658840639
anxiolytic.study_calm.p6.g2,anxiolytic.study_calm.p6,anxiolytic,study_calm,calm minimal piano for quiet study sessions,0,79080,8,1.0,45.0,-21.512038604919848,2.520339400301787,3.418796380583647,2.543530234005961,2.5699447788723453,2.605450119585553,2.962057864725311,2.9588193662604576,0.1054991992550621,99.38401442307692,0.8391032286729857,0.0245608575642108,0.0808031710091467,0.0753309354186058,394.28287386645263,0.3476753836434922
anxiolytic.study_calm.p6.g4,anxiolytic.study_calm.p6,anxiolytic,study_calm,calm minimal piano for quiet study sessions,0,92033,8,1.0,45.0,-25.478388241120367,2.3180627300873065,2.9460193541390813,2.5249536182719825,2.0835774048266607,2.4585125382972746,2.835670432161459,2.821739389138925,0.209320766079959,151.99908088235293,0.4,0.0190812218934297,0.081325885406214,0.0297022089362144,560.2101249131015,0.1790433907761122
anxiolytic.study_calm.p6.g6,anxiolytic.study_calm.p6,anxiolytic,study_calm,calm minimal piano for quiet study sessions,0,83254,8,1.0,45.0,-26.530325458890022,2.6329586224975783,2.9543100305110728,2.5567976654438427,2.6541681512644435,2.806211094079911,3.003434209439747,2.996587699596338,0.2035699009987452,123.046875,0.4666666666666667,0.0206743516027927,0.100761100917073,0.0242892242968082,678.2623828809475,-0.0792042810568627
anxiolytic.study_calm.p6.g8,anxiolytic.study_calm.p6,anxiolytic,study_calm,calm minimal piano for quiet study sessions,0,96277,8,1.0,45.0,-19.71436382763881,3.28358887924664,3.3639966296494253,2.936512584492063,3.010464698884632,2.8044093201650933,2.988056132893444,2.960413406821069,0.1387685535950571,64.599609375,0.7992175072905621,0.0274139121174812,0.094088896834169,0.0975918248295784,395.530072169755,0.2345958739307574
anxiolytic.study_calm.p6.g10,anxiolytic.study_calm.p6,anxiolytic,study_calm,calm minimal piano for quiet study sessions,0,2371,8,1.0,45.0,-27.068359772918168,3.096547022532141,2.8552590862919347,3.1415017032400714,2.635807970573956,2.8652699300458266,2.8724510897869475,2.8827232585274207,0.1974291501455121,123.046875,0.4311178707850369,0.021079434081912,0.0883677362491443,0.0428148619830608,421.7835061912528,0.2800171128059329
anxiolytic.study_calm.p7.g0,anxiolytic.study_calm.p7,anxiolytic,study_calm,relaxed slow lofi instrumental for homework,0,99785,8,1.0,45.0,-20.7699320810563,3.800610292965245,4.21665626946802,4.214186131583763,3.8815725257283393,4.123148359159783,4.2812258938130805,4.161360993012687,0.3998545702273579,86.1328125,2.066666666666667,0.0638367384672164,0.1519668942519358,0.0649968311190605,1209.8592057927435,-0.232274340066643
anxiolytic.study_calm.p7.g2,anxiolytic.study_calm.p7,anxiolytic,study_calm,relaxed slow lofi instrumental for homework,0,26626,8,1.0,45.0,-21.25336026736268,3.847281223148953,4.041740722793693,3.947256017787514,3.8175496374278977,3.9255824392889003,4.193385704120693,4.140641930556408,0.411852597778455,151.99908088235293,2.8096559401096037,0.0581293441355228,0.1526734946540398,0.0597596876323223,1875.0760024029444,0.2313486340941191
anxiolytic.study_calm.p7.g4,anxiolytic.study_calm.p7,anxiolytic,study_calm,relaxed slow lofi instrumental for homework,0,27882,8,1.0,45.0,-21.715731823071994,3.179174638478923,3.3156838484823004,3.2744425008794886,3.061339944035985,3.185806638838674,4.042380587247744,4.108811059741568,0.3893761266972708,61.5234375,1.6095032913363534,0.0272330064326524,0.2265644740270575,0.0251627340912818,2465.055318103022,0.192868428958761
anxiolytic.study_calm.p7.g6,anxiolytic.study_calm.p7,anxiolytic,study_calm,relaxed slow lofi instrumental for homework,0,82675,8,1.0,45.0,-18.632963885348676,4.262351294430016,4.780394326010441,4.13381478119801,3.5870229691116284,3.6695998914846855,4.108168423640193,4.006535558543935,0.5254804486741961,86.1328125,3.066666666666667,0.0506699420511722,0.124731192921243,0.1118723675608635,1197.8873489963066,0.2646575411050892
anxiolytic.study_calm.p7.g8,anxiolytic.study_calm.p7,anxiolytic,study_calm,relaxed slow lofi instrumental for homework,0,53730,8,1.0,45.0,-16.980187675930505,4.338929064539655,4.157265867863628,4.270095683324144,4.154199225469494,4.020194132399393,4.622951893500243,4.524759242757816,0.3968199487532655,99.38401442307692,2.6409878756830603,0.0546477288007736,0.3868242488971379,0.0666379481554031,2674.592587040025,-0.0628065941809542
anxiolytic.study_calm.p7.g10,anxiolytic.study_calm.p7,anxiolytic,study_calm,relaxed slow lofi instrumental for homework,0,51066,8,1.0,45.0,-32.89715471198716,3.201339849584281,3.0651803087635607,3.0827857721126684,2.623432938901856,2.6695643812662904,3.651525931003986,3.6839741545902394,0.3759087618406592,75.99954044117646,2.438565340909091,0.02897584810853,0.1042436441159613,0.0177694540470838,1493.4190618145242,0.1241085139426234
anxiolytic.study_calm.p8.g0,anxiolytic.study_calm.p8,anxiolytic,study_calm,peaceful mellow background for writing,0,37585,8,1.0,45.0,-48.10534249071371,3.604272567687021,3.3886825382740624,3.7154299688141514,3.6002347609864627,3.7248987790661987,3.90740332950373,3.954879931329875,0.1728596192574212,117.45383522727272,4.637574326973341,0.068049781024456,0.0962959354804187,0.0049175475724041,2353.299289804712,0.0063061839497571
anxiolytic.study_calm.p8.g2,anxiolytic.study_calm.p8,anxiolytic,study_calm,peaceful mellow background for writing,0,91865,8,1.0,45.0,-64.95838266569584,2.9937955061416632,2.793031485447445,3.034830193306888,2.9563799259380508,3.007860140440099,-2.459023973873694,-2.335887319630856,0.1700883058992857,129.19921875,2.170099431818182,0.027027865871787,0.3325462387953617,0.0036789458245038,1061.5245065459242,0.0506161687945344
anxiolytic.study_calm.p8.g4,anxiolytic.study_calm.p8,anxiolytic,study_calm,peaceful mellow background for writing,0,96904,8,1.0,45.0,-52.155411051836325,3.251319936090993,3.0724492458379924,3.017178511949489,3.260595026903492,3.0000076618141156,-0.871909241017244,-0.6929027710772608,0.2655227041881068,123.046875,3.3214909332371456,0.120292030274868,0.0721847849273736,0.0064926445484161,1961.5153435983093,-0.0899572918856791
anxiolytic.study_calm.p8.g6,anxiolytic.study_calm.p8,anxiolytic,study_calm,peaceful mellow background for writing,0,28339,8,1.0,45.0,-47.89993902272924,2.854188221057007,3.661748752746511,3.2014434136599177,3.397042241169931,3.518353040574149,7.3275376573311295,7.33715102525758,0.0967601834760089,129.19921875,2.468053775630915,0.023689866065979,0.6844266493618725,0.0006594260339625,4467.342437793229,0.166992072911511
anxiolytic.study_calm.p8.g8,anxiolytic.study_calm.p8,anxiolytic,study_calm,peaceful mellow background for writing,0,75285,8,1.0,45.0,-55.03477202314413,2.7920652931500274,2.802861544803277,2.8027649132652206,3.055364020645569,2.8409681762766485,-0.2565129549718312,-0.1612239190917108,0.3274902996126189,135.99917763157896,1.8705160935884175,0.1076743677258491,0.0766242281079062,0.004044437315315,1629.325810441496,-0.1271943170291276
anxiolytic.study_calm.p8.g10,anxiolytic.study_calm.p8,anxiolytic,study_calm,peaceful mellow background for writing,0,92287,8,1.0,45.0,-42.47722261853073,3.220039949178005,2.720112953901687,3.3846083568306584,3.1430003131138005,3.4516940916569254,-0.1583466597275169,-0.1410440757585274,0.3526489047248624,135.99917763157896,3.331849516466284,0.1139535382390022,0.2528243214936004,0.003946759738028,3001.2459754874885,0.0307173108817984
anxiolytic.study_calm.p9.g0,anxiolytic.study_calm.p9,anxiolytic,study_calm,soothing steady music for a calm workday,0,13590,8,1.0,45.0,-18.131918489551552,3.783146716114517,3.3479870824225526,3.7186523365710813,3.723946260819566,3.6283538567224447,3.715832875822183,3.6321661495444175,0.3476388658169778,129.19921875,5.815572142849869,0.0313975363969802,0.1650044989621895,0.1312543302774429,452.7925731209027,0.2451921888205142
anxiolytic.study_calm.p9.g2,anxiolytic.study_calm.p9,anxiolytic,study_calm,soothing steady music for a calm workday,0,99575,8,1.0,45.0,-19.90652827100834,4.1030609002683605,4.370989057172998,4.3014894687704786,4.000727658725944,4.200769065610448,4.196094414671435,4.131888122536057,0.4248646150670391,86.1328125,3.343665081521739,0.0276531782001256,0.2873406159705788,0.1096313297748565,1489.1394602775154,0.0296633794624641
anxiolytic.study_calm.p9.g4,anxiolytic.study_calm.p9,anxiolytic,study_calm,soothing steady music for a calm workday,0,71463,8,1.0,45.0,-22.95641618814435,2.415067542937876,3.158892751263528,2.6432053480849675,2.437232211960189,2.6373663280000694,3.006787218600265,3.003075173834436,0.2316265837991556,151.99908088235293,0.5777777777777777,0.0307372566312551,0.1844456883833117,0.0529516637325286,420.7756576506616,0.054282641253857
anxiolytic.study_calm.p9.g6,anxiolytic.study_calm.p9,anxiolytic,study_calm,soothing steady music for a calm workday,0,6191,8,1.0,45.0,-24.46613750942502,3.159237929312055,3.185627907615504,3.05958446102,3.3874143885325965,3.227449826469227,3.762404864594061,3.7859712125632536,0.4705175121510655,172.265625,2.115464629653568,0.0261251702904701,0.1209500772564404,0.0717624723911285,374.3112862454007,0.2565484396707949
anxiolytic.study_calm.p9.g8,anxiolytic.study_calm.p9,anxiolytic,study_calm,soothing steady music for a calm workday,0,7650,8,1.0,45.0,-21.09647846564394,3.810213998607683,3.85610326526937,4.044674207577734,3.62149467549467,3.736504503954258,3.737078972108281,3.701021502211773,0.2277170255122523,80.74951171875,1.0973826137298517,0.0377944484353065,0.0552927095800751,0.0597503744065761,970.0802349121784,-0.036004424829044
anxiolytic.study_calm.p9.g10,anxiolytic.study_calm.p9,anxiolytic,study_calm,soothing steady music for a calm workday,0,65816,8,1.0,45.0,-20.452586908233496,3.795458116895191,4.149303944575475,4.052693097973214,3.4943792600503207,3.8530119179328124,4.046691837593709,3.988883624269372,0.5776655416473104,86.1328125,1.7450284090909092,0.0316839329898357,0.2066723980758378,0.108541190624237,1183.477727491555,0.1143090035589384
anxiolytic.nature_calm.p0.g0,anxiolytic.nature_calm.p0,anxiolytic,nature_calm,gentle rain sounds with soft calming piano,0,8759,8,1.0,45.0,-27.919168199636296,2.6077910088595817,3.133895008180466,2.6303358566754484,2.5009269867914026,2.6241829380313804,3.987481741571367,3.9870876145159055,0.2439039935896371,129.19921875,2.181431543733681,0.0767629444599151,0.2146100633663229,0.0270667243748903,1500.7665296649172,-0.0093619065147157
anxiolytic.nature_calm.p0.g2,anxiolytic.nature_calm.p0,anxiolytic,nature_calm,gentle rain sounds with soft calming piano,0,959,8,1.0,45.0,-25.302237721241745,3.2382302541669508,3.039191597768925,3.200132196996203,3.387411201120264,3.3050666037232643,3.625463533913307,3.6370167953936265,0.300270157768277,80.74951171875,0.6072818742655699,0.0337643325328826,0.0337533933087192,0.0176127683371305,1235.366741198873,0.0667076763938434
anxiolytic.nature_calm.p0.g4,anxiolytic.nature_calm.p0,anxiolytic,nature_calm,gentle rain sounds with soft calming piano,0,76344,8,1.0,45.0,-30.862800413857325,3.363038652749613,2.857616107467914,3.515524099080379,3.446067121438535,3.60009240939061,5.22278638107214,5.228922277887358,0.2142914063153382,112.34714673913044,3.0423677884615383,0.034743882715702,0.4104508760412648,0.015357400290668,2579.4659312746694,-0.1221830669172612
anxiolytic.nature_calm.p0.g6,anxiolytic.nature_calm.p0,anxiolytic,nature_calm,gentle rain sounds with soft calming piano,0,72190,8,1.0,45.0,-37.60300843909219,2.6234262822544845,3.0458841320024983,2.9705826898667977,2.4260324140641765,2.833208907904361,4.728626792940879,4.728735376748455,0.3318633333620781,129.19921875,0.5595946758056133,0.0347587466239929,0.3523611430098669,0.0132156768813729,3007.646886456366,0.0365885744945794
anxiolytic.nature_calm.p0.g8,anxiolytic.nature_calm.p0,anxiolytic,nature_calm,gentle rain sounds with soft calming piano,0,84295,8,1.0,45.0,-23.769078014947,2.8960329412045502,3.191064016106632,2.9994766779087527,2.9745240694736625,3.1723087531774232,3.083317357365266,3.0875127845152583,0.275465342182466,95.703125,0.4863512845849802,0.0332820378243923,0.0368299663732569,0.018491968512535,1819.2474357311676,0.2613366798630183
anxiolytic.nature_calm.p0.g10,anxiolytic.nature_calm.p0,anxiolytic,nature_calm,gentle rain sounds with soft calming piano,0,77646,8,1.0,45.0,-35.632176633360906,3.963323895402098,4.277486825928991,4.246686836386386,3.866943472667789,4.129599030307554,3.876675298446248,4.039868223502019,0.2531026750121306,123.046875,4.088888888888889,0.0474866107106208,0.1722060075499799,0.0154743120074272,2487.018722883978,-0.0062230413373287
anxiolytic.nature_calm.p1.g0,anxiolytic.nature_calm.p1,anxiolytic,nature_calm,peaceful forest ambience with quiet warm pads,0,76396,8,1.0,45.0,-37.246432003234354,2.8609326573742515,3.448405702179835,3.1105729238518376,3.151166794610405,3.410865766522714,7.242517734220402,7.320762879837522,0.3555126312411278,117.45383522727272,6.277248178032274,0.0288170464336872,1.1830254700554252,0.0099194291979074,3456.0914820552384,-0.1302311600899243
anxiolytic.nature_calm.p1.g2,anxiolytic.nature_calm.p1,anxiolytic,nature_calm,peaceful forest ambience with quiet warm pads,0,8312,8,1.0,45.0,-40.42814580639407,3.150448672852783,3.3576782346950136,3.266756564470991,3.205870221210924,3.512187896015061,6.85342172613071,6.95153364963102,0.17368499007559,123.046875,2.954659888253638,0.0294292718172073,1.1761570729288036,0.007677708286792,3862.735505807034,-0.0600759902959973
anxiolytic.nature_calm.p1.g4,anxiolytic.nature_calm.p1,anxiolytic,nature_calm,peaceful forest ambience with quiet warm pads,0,32967,8,1.0,45.0,-35.12564800871392,3.250426916539763,3.720681868868237,3.3697544620931623,3.431443669418708,3.539851202607956,7.365654964657343,7.450255797150833,0.2642889335241219,123.046875,5.791766826923077,0.0288894921541214,1.0400074587066557,0.0128398723900318,3649.937915402709,-0.1493376699472708
anxiolytic.nature_calm.p1.g6,anxiolytic.nature_calm.p1,anxiolytic,nature_calm,peaceful forest ambience with quiet warm pads,0,90268,8,1.0,45.0,-37.793334164360026,3.377446725139789,3.427714114104685,3.611091924957671,3.467223478071883,3.91351804650971,6.607215109704247,6.69539998408002,0.3031051219180217,123.046875,5.812506106696196,0.0307340770959854,0.6121565432778046,0.0106671582907438,3136.2957779994254,0.0326567235842776
anxiolytic.nature_calm.p1.g8,anxiolytic.nature_calm.p1,anxiolytic,nature_calm,peaceful forest ambience with quiet warm pads,0,89922,8,1.0,45.0,-46.12868092223796,3.210011547575641,3.755521933580969,3.211774518964097,3.367562155796368,3.2811726360408366,7.180164450836603,7.302431722827711,0.3047373059011679,123.046875,4.406795058139535,0.031029637902975,1.2913659715391288,0.0033583040349185,3772.732733584536,-0.0683899992925189
anxiolytic.nature_calm.p1.g10,anxiolytic.nature_calm.p1,anxiolytic,nature_calm,peaceful forest ambience with quiet warm pads,0,3866,8,1.0,45.0,-33.766016104370266,2.9979355747781358,3.3204500018732457,3.240249165794919,3.77665484458368,3.961420191848446,4.243586842049708,4.473510187884128,0.2759155196718231,123.046875,4.252355238970588,0.041117250919342,0.2858442331114946,0.025973105803132,2521.833446239056,0.0911101811062566
anxiolytic.nature_calm.p2.g0,anxiolytic.nature_calm.p2,anxiolytic,nature_calm,calm ocean waves with slow soothing melody,0,89873,8,1.0,45.0,-26.284778122278983,3.120359168667848,3.430495940116096,3.124642345744009,3.4709872612159955,3.470444244357606,6.027139652375734,6.019909699416029,0.305493705504373,123.046875,5.688888888888889,0.0270179901272058,0.804842888716322,0.027743449434638,2637.1885998986904,0.0640732594598749
anxiolytic.nature_calm.p2.g2,anxiolytic.nature_calm.p2,anxiolytic,nature_calm,calm ocean waves with slow soothing melody,0,93612,8,1.0,45.0,-25.56266950245048,2.775540107695188,3.58717890999354,3.5445652740060014,2.950954291935175,3.5667445179228077,5.356377627965076,5.362776665822207,0.3251665141708602,123.046875,0.067643570026178,0.0272057503461837,0.8502001766205954,0.0453931726515293,2624.748645280305,0.0780001594068172
anxiolytic.nature_calm.p2.g4,anxiolytic.nature_calm.p2,anxiolytic,nature_calm,calm ocean waves with slow soothing melody,0,96807,8,1.0,45.0,-28.08088399617903,2.943722276554168,3.311373949163026,3.1787152486423915,3.089140692798159,3.333394378595768,3.728782088243576,3.726316855394969,0.4268749948047534,123.046875,0.605621337890625,0.032483235001564,0.497210794219132,0.0212379600852727,2748.122453526476,-0.0088250276898999
anxiolytic.nature_calm.p2.g6,anxiolytic.nature_calm.p2,anxiolytic,nature_calm,calm ocean waves with slow soothing melody,0,32527,8,1.0,45.0,-27.328625476669178,2.6231978457290253,3.268657326401291,3.0968563899301262,2.782404419983614,3.518492960034576,5.059236287481087,5.057730818414851,0.4452841277438027,117.45383522727272,0.0444444444444444,0.0272867120802402,0.724999607301476,0.0305400062352418,2672.689124493515,-0.0026124725217197
anxiolytic.nature_calm.p2.g8,anxiolytic.nature_calm.p2,anxiolytic,nature_calm,calm ocean waves with slow soothing melody,0,57317,8,1.0,45.0,-26.640202889823083,3.070785185228721,3.733100754713742,3.3635055064121175,3.3232981802151875,3.479629545534916,5.986261288850072,5.984687013798728,0.3822220104422186,112.34714673913044,4.999379798932847,0.027147876098752,0.817323419374938,0.0326021537184715,2697.692004426365,-0.0013292443128904
anxiolytic.nature_calm.p2.g10,anxiolytic.nature_calm.p2,anxiolytic,nature_calm,calm ocean waves with slow soothing melody,0,57708,8,1.0,45.0,-25.266123715665568,3.1475286135566294,3.938730719636273,3.4413447550355314,3.2115678863632717,3.739540994188804,5.862836448141805,5.863726163453633,0.3211672600872342,123.046875,4.99715684335443,0.0281622949987649,0.873339246307234,0.0401241332292556,2540.2971481199197,-0.0386208385335521
anxiolytic.nature_calm.p3.g0,anxiolytic.nature_calm.p3,anxiolytic,nature_calm,"soft wind and distant chimes, deeply relaxing",0,87372,8,1.0,45.0,-36.47910933181353,3.044462877087604,2.7650131350204643,3.172413966991087,2.6628220247373413,2.840708583384971,2.809652885660958,2.8225506173244392,0.4693610365465538,103.359375,0.5797846829563813,0.039052952080965,0.0445272253710904,0.007827166467905,1307.2273481830791,-0.189542430668085
anxiolytic.nature_calm.p3.g2,anxiolytic.nature_calm.p3,anxiolytic,nature_calm,"soft wind and distant chimes, deeply relaxing",0,43700,8,1.0,45.0,-32.3633144780983,3.343589127961792,2.743471261472497,3.323768372809225,3.329646338086656,3.179112024541014,3.4573326234710304,3.4968097671640983,0.5149142737007839,151.99908088235293,0.6098728553921569,0.0346818566322326,0.0343176728254908,0.0153715191408991,1119.1483540374795,-0.1693876189261655
anxiolytic.nature_calm.p3.g4,anxiolytic.nature_calm.p3,anxiolytic,nature_calm,"soft wind and distant chimes, deeply relaxing",0,30423,8,1.0,45.0,-42.98033031994348,3.323897997333542,2.941064896144941,2.8926930133340116,2.570327553195953,2.653408511379882,2.001474791966379,2.072896052523584,0.4119982960871525,80.74951171875,0.7924943316246057,0.0457939431071281,0.0595219811119771,0.0043338099494576,1134.9988828646565,-0.3107022237557302
anxiolytic.nature_calm.p3.g6,anxiolytic.nature_calm.p3,anxiolytic,nature_calm,"soft wind and distant chimes, deeply relaxing",0,32639,8,1.0,45.0,-31.668954082309792,3.1094180909652542,2.836572544501295,3.307922765138192,3.2384666645513938,3.153194095527023,3.594144199711063,3.591827510848129,0.4972511226926749,123.046875,0.6424397309536494,0.0401780270040035,0.047746850844219,0.0096271866932511,1351.1691461138985,0.1984391717070078
anxiolytic.nature_calm.p3.g8,anxiolytic.nature_calm.p3,anxiolytic,nature_calm,"soft wind and distant chimes, deeply relaxing",0,71185,8,1.0,45.0,-39.593397557889375,3.19232959989024,2.668320614547473,3.2366760795487473,3.2168622422354227,3.082458839232945,1.0854036215509026,1.1055156576970142,0.4070745702487481,135.99917763157896,0.3786057692307692,0.0436924658715724,0.0196158914306965,0.0044177453964948,1418.256954051041,0.3231357444570248
anxiolytic.nature_calm.p3.g10,anxiolytic.nature_calm.p3,anxiolytic,nature_calm,"soft wind and distant chimes, deeply relaxing",0,81989,8,1.0,45.0,-26.852782568705333,3.003361349537561,3.1462512980759354,3.0271891473206964,2.806471065841597,2.874620486022538,1.9925909722083497,1.982880730396848,0.312955081149905,143.5546875,0.5879372866894198,0.0427056699991226,0.0495587952068924,0.0169141348451375,1507.3169025182283,-0.1579670217229919
anxiolytic.nature_calm.p4.g0,anxiolytic.nature_calm.p4,anxiolytic,nature_calm,quiet stream sounds with gentle acoustic guitar,0,62386,8,1.0,45.0,-17.61889743594583,4.061056213484623,3.863480684292923,4.127866146108495,3.176078801021812,3.296102136708607,3.963068439322196,3.8169348248076034,0.2617758069863282,112.34714673913044,2.951948143597237,0.0355079285800457,0.097567365735073,0.1245027855038642,972.8831826869904,0.2565363428385772
anxiolytic.nature_calm.p4.g2,anxiolytic.nature_calm.p4,anxiolytic,nature_calm,quiet stream sounds with gentle acoustic guitar,0,79551,8,1.0,45.0,-22.9605940922026,3.0571694100863063,3.954376031770367,3.114477790128785,3.037011423707295,3.1179828053796195,3.3936475214779023,3.3929665430313616,0.3236471008191826,89.10290948275862,2.253474745639535,0.0408468656241893,0.1145646411653873,0.0666481405496597,893.9851127375385,0.1878027053522273
anxiolytic.nature_calm.p4.g4,anxiolytic.nature_calm.p4,anxiolytic,nature_calm,quiet stream sounds with gentle acoustic guitar,0,68515,8,1.0,45.0,-21.213204284778943,3.431537711621538,3.089034106381728,3.388509107149799,3.2572315532281766,3.2094809430573674,3.602205110127409,3.582835216501881,0.3177061077755556,135.99917763157896,1.9006702435414424,0.0307226832956075,0.0668265366238368,0.0745829716324806,831.2395819050519,0.3566413760631919
anxiolytic.nature_calm.p4.g6,anxiolytic.nature_calm.p4,anxiolytic,nature_calm,quiet stream sounds with gentle acoustic guitar,0,16201,8,1.0,45.0,-23.3949486390506,2.9990920120981377,3.807878091155233,3.0094252407386,3.0006534827244264,3.01878432227761,3.876129714959616,3.879363022771016,0.1697484253139551,92.28515625,2.5672188640510947,0.0376223884522914,0.1415243660166467,0.0487089343369007,1442.972947790254,0.3183765100583716
anxiolytic.nature_calm.p4.g8,anxiolytic.nature_calm.p4,anxiolytic,nature_calm,quiet stream sounds with gentle acoustic guitar,0,33473,8,1.0,45.0,-23.565837727268068,2.847030101706064,3.367378613590654,2.910375832278102,2.907014380352858,2.933425064596662,3.393722149044452,3.399747875020469,0.2173408416720405,161.4990234375,2.9213036565977744,0.0438941344618797,0.0754573003083727,0.0599026605486869,908.1760524148688,-0.1835201957897192
anxiolytic.nature_calm.p4.g10,anxiolytic.nature_calm.p4,anxiolytic,nature_calm,quiet stream sounds with gentle acoustic guitar,0,94854,8,1.0,45.0,-20.37394866931779,3.669405157622288,3.570182841945884,3.414088173885193,3.231191069006381,3.1557107892284106,3.6707476242031536,3.6181321689829,0.2222055757452941,129.19921875,2.695970856741573,0.0417869202792644,0.1175924155728823,0.0974649786949157,1032.2022240062622,0.097797786579297
anxiolytic.nature_calm.p5.g0,anxiolytic.nature_calm.p5,anxiolytic,nature_calm,relaxing rainfall with warm ambient drones,0,87770,8,1.0,45.0,-22.03105994076869,4.864959312339731,5.086211515726536,4.676375966730621,4.570391314850283,4.5293929445559895,5.713279005373473,5.674756352126663,-0.2127177839964015,95.703125,8.006787079215565,0.0410633012652397,0.6365660114756773,0.0703426301479339,2686.4375592528154,0.0071702803877204
anxiolytic.nature_calm.p5.g2,anxiolytic.nature_calm.p5,anxiolytic,nature_calm,relaxing rainfall with warm ambient drones,0,77967,8,1.0,45.0,-26.441468384757,4.678597890981873,4.454695366446769,4.717368248428814,5.030418658701455,4.9007810078425145,6.4509637008703145,6.484227828050534,0.0589576619521485,117.45383522727272,6.90731381189451,0.0347840450704097,0.8394860677876919,0.0429185107350349,2654.0059886623003,-0.0629118066711484
anxiolytic.nature_calm.p5.g4,anxiolytic.nature_calm.p5,anxiolytic,nature_calm,relaxing rainfall with warm ambient drones,0,56350,8,1.0,45.0,-23.019697273283136,3.605139575474545,3.687428922146904,3.647379881223846,3.6219261553070656,3.6598343826377437,4.621236448775296,4.621509057767572,-0.0613840408009378,129.19921875,5.195158363866967,0.0582117550075054,0.4382101598012222,0.0664380118250846,2039.1353649172124,-0.1173498088561194
anxiolytic.nature_calm.p5.g6,anxiolytic.nature_calm.p5,anxiolytic,nature_calm,relaxing rainfall with warm ambient drones,0,79295,8,1.0,45.0,-24.4267506058467,4.891263678789921,4.622300535756268,4.699040538799054,4.845584105365468,4.681264564456141,5.050006299338714,5.0872661457047,-0.0539597458597842,99.38401442307692,3.9375,0.044627983123064,0.3352150612582315,0.0596872009336948,1879.466824031526,-0.0692434308127818
anxiolytic.nature_calm.p5.g8,anxiolytic.nature_calm.p5,anxiolytic,nature_calm,relaxing rainfall with warm ambient drones,0,23148,8,1.0,45.0,-23.247645298681253,4.619799763347282,5.270654986455079,4.411050031569056,4.656252446483087,4.435793794795364,6.001719341043477,6.014435627593629,-0.0537034937919675,117.45383522727272,7.832319534132842,0.0460516661405563,0.7528109489188218,0.0712385326623916,1621.81295754595,-0.2284583057491886
anxiolytic.nature_calm.p5.g10,anxiolytic.nature_calm.p5,anxiolytic,nature_calm,relaxing rainfall with warm ambient drones,0,34365,8,1.0,45.0,-21.384099608055017,3.8640658430573263,4.5175367557701644,3.8991493314710555,3.877876885822188,3.897316788382585,4.3809298496261695,4.306296682581237,0.1054747837010151,117.45383522727272,5.0845539479053325,0.0656898096203804,0.0890576596234964,0.0851441174745559,1133.672669042107,0.0396649910776335
anxiolytic.nature_calm.p6.g0,anxiolytic.nature_calm.p6,anxiolytic,nature_calm,serene night crickets with soft slow synth,0,43085,8,1.0,45.0,-40.58308791330346,3.6083992542547274,3.0644143697212103,3.0942718735505794,3.6722189237225336,3.3804985039513875,3.0223347295391,3.474540984496418,0.3601105424206787,123.046875,5.766596373538789,0.0710115954279899,0.2231286786939522,0.0167395211756229,1809.598356010242,-0.0933010063718288
anxiolytic.nature_calm.p6.g2,anxiolytic.nature_calm.p6,anxiolytic,nature_calm,serene night crickets with soft slow synth,0,2460,8,1.0,45.0,-39.05189985725137,3.339097763785799,3.4087296706931616,3.6466889809586966,3.282674652116317,3.6641097400354523,2.657289171263299,2.933374769203714,0.4553686971879113,129.19921875,7.042305424528302,0.0649045333266258,1.293813657781663,0.0137986773625016,3315.160690820745,-0.1403972179470356
anxiolytic.nature_calm.p6.g4,anxiolytic.nature_calm.p6,anxiolytic,nature_calm,serene night crickets with soft slow synth,0,10940,8,1.0,45.0,-49.954976775732845,2.703234908145361,3.038273877243697,3.1842954987216814,2.68307719799414,3.240121974639873,5.066376914604975,5.43428394130677,0.0835574864505611,123.046875,5.120564398364485,0.0684434473514556,0.1669467950782825,0.0065552168525755,1857.9106015686184,0.1397438406347993
anxiolytic.nature_calm.p6.g6,anxiolytic.nature_calm.p6,anxiolytic,nature_calm,serene night crickets with soft slow synth,0,7956,8,1.0,45.0,-49.78164274546469,3.0173309530618946,3.035483604032392,3.4336382193633583,3.4083528848512747,3.6116796215375375,6.015287228872156,6.176655730207313,0.4306436135422357,129.19921875,6.7319592927631575,0.0471169650554657,0.4202301392773847,0.0040898085571825,2361.562650419752,0.1695566661098458
anxiolytic.nature_calm.p6.g8,anxiolytic.nature_calm.p6,anxiolytic,nature_calm,serene night crickets with soft slow synth,0,27306,8,1.0,45.0,-33.54126392123715,3.724336870136547,3.826876089249936,3.715941270172641,3.303682263467997,3.544150512591777,2.1390533718948928,2.4435986487434542,0.3903652425677035,129.19921875,7.322851866251944,0.0756540447473526,0.8125720168338814,0.0267730876803398,2738.361527087933,-0.1055612463060661
anxiolytic.nature_calm.p6.g10,anxiolytic.nature_calm.p6,anxiolytic,nature_calm,serene night crickets with soft slow synth,0,91915,8,1.0,45.0,-37.185504322539714,3.064314331224519,3.288048295948529,3.240358903861602,3.28999533916449,3.3837635789680918,2.2451608685497253,2.544064745710355,0.3808950778013253,123.046875,6.390208659874609,0.0563486702740192,0.9481864429611756,0.0194272361695766,3290.4657713538645,-0.0518687953699746
anxiolytic.nature_calm.p7.g0,anxiolytic.nature_calm.p7,anxiolytic,nature_calm,tranquil birdsong morning with mellow piano,0,81242,8,1.0,45.0,-32.17071583921929,2.877933831713846,3.230089669818583,3.3044907567773287,3.389297015683306,3.5735585380634847,5.028967599118461,5.1104971086766,0.3023048518438946,129.19921875,5.821642994944119,0.0358651354908943,1.0247557894993755,0.0207718294113874,2468.789129316094,0.0553620650966351
anxiolytic.nature_calm.p7.g2,anxiolytic.nature_calm.p7,anxiolytic,nature_calm,tranquil birdsong morning with mellow piano,0,66376,8,1.0,45.0,-31.73522914779796,3.0850950444478555,3.394680472251852,3.5197947898563173,2.94939456409023,3.321806660464533,6.43002388128657,6.495636877778075,0.2333663401654221,117.45383522727272,4.403992027717976,0.0333224534988403,1.047848641172716,0.0154783483594655,3086.247717845182,-0.1965660400186955
anxiolytic.nature_calm.p7.g4,anxiolytic.nature_calm.p7,anxiolytic,nature_calm,tranquil birdsong morning with mellow piano,0,90907,8,1.0,45.0,-35.28662466674449,3.35913198399302,3.35458166193526,3.65002720660236,3.4310398004023424,3.7160805647747686,6.096317774318946,6.16964081441837,0.3098899903709232,123.046875,4.686100467754777,0.0333886332809925,0.672139103549753,0.0111599201336503,3016.9386632639303,-0.0380241695520551
anxiolytic.nature_calm.p7.g6,anxiolytic.nature_calm.p7,anxiolytic,nature_calm,tranquil birdsong morning with mellow piano,0,91679,8,1.0,45.0,-23.474744222448297,3.435173836114417,3.51313655953228,3.3428806540029194,3.4389933992321207,3.334921703329306,3.144404458901049,3.14728401022494,0.2979915912742688,112.34714673913044,4.903153282397692,0.0506448820233345,0.9660084285552452,0.0214494131505489,2537.94307825894,0.1077216031270457
anxiolytic.nature_calm.p7.g8,anxiolytic.nature_calm.p7,anxiolytic,nature_calm,tranquil birdsong morning with mellow piano,0,70031,8,1.0,45.0,-27.768319596241785,3.011399263345468,3.484393244771581,3.2442046134872378,3.1715585182838235,3.1879805682427773,5.489482289134058,5.546253349129176,0.2025723753333925,112.34714673913044,2.568390575079872,0.038194689899683,0.7857330084983951,0.0195303987711668,2492.087509268027,-0.0236769716506883
anxiolytic.nature_calm.p7.g10,anxiolytic.nature_calm.p7,anxiolytic,nature_calm,tranquil birdsong morning with mellow piano,0,495,8,1.0,45.0,-30.001490755606245,3.1642951107395008,3.368215693268592,3.5793838051045412,3.102613585158914,3.4527182374456387,5.1811239834197,5.262760541693187,0.3075967427992452,129.19921875,4.563479682507987,0.0394985117018222,0.4741369752193884,0.0244751460850238,2099.8937436927627,-0.1444355959040768
anxiolytic.nature_calm.p8.g0,anxiolytic.nature_calm.p8,anxiolytic,nature_calm,soothing thunderstorm far away with calm strings,0,2904,8,1.0,45.0,-27.36194452985683,2.6068626641879677,3.181173771520493,2.8965593195060593,2.5311235000423795,2.8440747307238774,3.771417586379828,3.7852673801550543,0.3153696841048395,123.046875,1.718134842519685,0.0593107715249061,0.4398817841332447,0.0269675403833389,1336.1040614168055,0.052593945964584
anxiolytic.nature_calm.p8.g2,anxiolytic.nature_calm.p8,anxiolytic,nature_calm,soothing thunderstorm far away with calm strings,0,35252,8,1.0,45.0,-26.93671400829194,2.600561604049791,2.8930075465034912,2.9512353963874163,2.6524991735753933,2.905469622098024,3.727817598902131,3.74701009201816,0.3292947902542436,129.19921875,2.321879860031104,0.0656906366348266,0.4743762171899673,0.0264625698328018,1236.9391691617675,0.0238565571829624
anxiolytic.nature_calm.p8.g4,anxiolytic.nature_calm.p8,anxiolytic,nature_calm,soothing thunderstorm far away with calm strings,0,46799,8,1.0,45.0,-26.61271870553608,2.6338390529229194,3.371933669776349,2.940510731367648,2.6638606038669232,2.95117966456162,3.8365961406044553,3.843845721906437,0.3377567332891732,129.19921875,3.394510304959786,0.0639595985412597,0.3937923189438779,0.0278191156685352,1282.3742826674656,-0.0215856406810331
anxiolytic.nature_calm.p8.g6,anxiolytic.nature_calm.p8,anxiolytic,nature_calm,soothing thunderstorm far away with calm strings,0,58040,8,1.0,45.0,-24.85717678441828,2.45907511922781,3.726522599368857,2.7053323330625623,2.431006274456319,2.6836439987311183,3.779387610346373,3.7781150913287767,0.3028306542485952,129.19921875,2.751922190742764,0.0648852661252021,0.4402934091941968,0.0404063239693641,1139.6683727037753,-0.0420483939975234
anxiolytic.nature_calm.p8.g8,anxiolytic.nature_calm.p8,anxiolytic,nature_calm,soothing thunderstorm far away with calm strings,0,46757,8,1.0,45.0,-25.969242322283087,2.5118265704114826,2.8794703310841667,2.8220683189487574,2.542881430542469,2.818649651125717,4.065360441649219,4.073473161059571,0.2846328613295944,129.19921875,3.141479824442025,0.0625277385115623,0.3974796898232255,0.0323908627033233,1428.754948675684,0.0932418085237598
anxiolytic.nature_calm.p8.g10,anxiolytic.nature_calm.p8,anxiolytic,nature_calm,soothing thunderstorm far away with calm strings,0,59576,8,1.0,45.0,-30.80821428621467,2.7876072663007374,2.7775695100229307,2.7988289659434797,2.628674523669833,2.75731825264645,3.577699101427347,3.63861272784834,0.3616797241933194,129.19921875,0.6258304460441335,0.067290149629116,0.4106055695438876,0.0234915185719728,1275.10643623856,0.0123172056872428
anxiolytic.nature_calm.p9.g0,anxiolytic.nature_calm.p9,anxiolytic,nature_calm,"still lake at dawn, airy peaceful soundscape",0,31410,8,1.0,45.0,-30.621232839624952,2.6986068580658973,3.920174759783274,3.2780275372035694,3.375073659620403,3.79855747015987,3.791887691260008,3.818772904745572,0.4442250061629506,123.046875,5.4514438291139244,0.0306003224104642,1.058462703927029,0.0238792486488819,2681.387963011146,-0.0713251850058333
anxiolytic.nature_calm.p9.g2,anxiolytic.nature_calm.p9,anxiolytic,nature_calm,"still lake at dawn, airy peaceful soundscape",0,56081,8,1.0,45.0,-33.273212791756066,2.731590488125899,3.678074653702793,3.208079358710209,3.433659665215804,3.8372136433751507,5.6596002105340055,5.740907941379401,0.4100918712146086,123.046875,4.529747596153846,0.0301997419446706,0.6470522054516193,0.0200018920004367,2380.764861244097,-0.1061437788323201
anxiolytic.nature_calm.p9.g4,anxiolytic.nature_calm.p9,anxiolytic,nature_calm,"still lake at dawn, airy peaceful soundscape",0,66336,8,1.0,45.0,-34.499288978242014,3.211339439661926,3.799287309417715,3.6705326686063495,3.8238582954675033,4.193490302482749,5.5611814168257245,5.663112106748827,0.4582073659014655,123.046875,5.589806801760378,0.0332711040973663,0.3949015404241683,0.0170789249241352,2428.175285222693,-0.2063649396223413
anxiolytic.nature_calm.p9.g6,anxiolytic.nature_calm.p9,anxiolytic,nature_calm,"still lake at dawn, airy peaceful soundscape",0,64235,8,1.0,45.0,-25.43393699751076,2.8980033435393566,3.6126362869968407,3.032952416548828,2.8913062597123,3.0423397725751102,5.988957142032428,6.004661662710619,0.3815981373307694,123.046875,6.010836627679038,0.0345247574150562,0.5504422641766704,0.0333718508481979,2483.479734507976,0.0372369153239773
anxiolytic.nature_calm.p9.g8,anxiolytic.nature_calm.p9,anxiolytic,nature_calm,"still lake at dawn, airy peaceful soundscape",0,43773,8,1.0,45.0,-38.41367401040789,3.0459368633077712,3.1912097371899915,3.270541313687386,3.6274462787621737,3.745820779565759,5.281228011243889,5.403428243214371,0.4514764215887727,123.046875,4.246610012261228,0.0351091586053371,0.6075296687022589,0.0122949201613664,2110.21357596236,-0.1007399163252396
anxiolytic.nature_calm.p9.g10,anxiolytic.nature_calm.p9,anxiolytic,nature_calm,"still lake at dawn, airy peaceful soundscape",0,2681,8,1.0,45.0,-35.06874390967007,2.7402266680108047,3.719369909365598,3.262171879138909,3.1846679387446315,3.713483301680114,5.866895422793808,5.941427157938207,0.4276480329318815,129.19921875,4.640382414410828,0.0305819548666477,0.9485040060335168,0.0139173502102494,2653.1665109765004,-0.2354450793424958
controls.neutral.p0.g0,controls.neutral.p0,controls,neutral,instrumental music,0,8379,8,1.0,45.0,-25.10729068967473,2.665278062165815,3.1668352733330325,2.59219754860052,2.5382724430375507,2.5181313154470484,2.71852246914023,2.7353197667978773,-0.0583215278293523,135.99917763157896,1.4769643950734894,0.0288856551051139,0.0541660169145463,0.0452136807143688,552.0298682685823,-0.016949247347485
controls.neutral.p0.g2,controls.neutral.p0,controls,neutral,instrumental music,0,95405,8,1.0,45.0,-24.006531266831377,2.789348024331285,3.040502443454422,2.8499247167591606,2.76879143724891,2.8981485527850848,2.495150912254536,2.4929070093279924,0.0029014181316687,123.046875,0.8374023437500001,0.0283541623502969,0.1018774626274587,0.0498304106295108,714.9068673766037,-0.100157423653229
controls.neutral.p0.g4,controls.neutral.p0,controls,neutral,instrumental music,0,89364,8,1.0,45.0,-21.08294442334939,3.413821875867899,3.932373352886813,3.141748311144276,3.044158675815732,2.849570467639987,3.3165620268153493,3.2848075818200315,0.090634606687987,112.34714673913044,3.6667557909015023,0.0352744720876216,0.0655355619812998,0.0893580168485641,683.1813946283141,0.0364436876051347
controls.neutral.p0.g6,controls.neutral.p0,controls,neutral,instrumental music,0,72275,8,1.0,45.0,-21.02159155250555,3.981283935400651,3.841838163731504,3.698764912341332,3.752882220720616,3.5902185985705644,3.7648457071043335,3.7398727308773214,0.0767115101471248,103.359375,3.5888671875000004,0.0289043113589286,0.1543161143185087,0.0837747529149055,861.1115379434383,-0.1777159270401237
controls.neutral.p0.g8,controls.neutral.p0,controls,neutral,instrumental music,0,91611,8,1.0,45.0,-34.012396253843164,3.48656396183854,2.635493900798462,3.432720950852622,3.378687676893481,3.263396348257598,2.9705302780849965,3.0003080061774865,0.0728394804368875,89.10290948275862,1.7236006887335529,0.030589535832405,0.1064381087267063,0.0185210891067981,989.034646578659,0.0046087504208063
controls.neutral.p0.g10,controls.neutral.p0,controls,neutral,instrumental music,0,22611,8,1.0,45.0,-24.93879174286328,2.900410960031257,3.656083358129975,3.0261551428248272,3.1428520596288627,3.1881720252678916,3.1946456779125145,3.2087741592653747,0.0427282303144418,135.99917763157896,1.9575639204545452,0.0282699801027774,0.1096556699231896,0.0494785532355308,686.6321499093291,0.2957509122029214
controls.neutral.p1.g0,controls.neutral.p1,controls,neutral,a piece of background music,0,87283,8,1.0,45.0,-37.10025198974203,3.738549292555461,3.3573183572864704,3.6944994273933824,3.575154378293084,3.56232828299096,3.33673679483188,3.4262115436940084,0.231216430432846,143.5546875,2.205,0.0275253057479858,0.0787203446082135,0.0141454981639981,615.1290528314687,0.2855692617664066
controls.neutral.p1.g2,controls.neutral.p1,controls,neutral,a piece of background music,0,70788,8,1.0,45.0,-19.99987504317414,3.800415937838749,3.138477278068033,3.972577397945618,3.1925038474035987,3.3906147466594048,3.737078505257492,3.6782780751332473,0.2496811745054152,135.99917763157896,2.481563482189628,0.0378344021737575,0.0987180570872986,0.0818678587675094,785.2332276040642,0.3993333980220444
controls.neutral.p1.g4,controls.neutral.p1,controls,neutral,a piece of background music,0,49734,8,1.0,45.0,-20.63612567670028,4.422863752074244,4.10762906502418,4.349890972502765,4.104116796546991,4.0576315927462066,4.343058498838937,4.245693122249075,0.3639487620528908,112.34714673913044,3.292266593491736,0.0503214970231056,0.1046227213677693,0.0937022641301155,835.1095920992609,0.4381608866379083
controls.neutral.p1.g6,controls.neutral.p1,controls,neutral,a piece of background music,0,63400,8,1.0,45.0,-20.579668170399632,2.847361496260695,3.0666922694135548,2.742427971881857,2.8619292586157847,2.742850450110474,2.5529840608125105,2.557870520111164,0.2884466943240563,107.666015625,0.3657444267515923,0.0289569571614265,0.1356165605980523,0.0935064777731895,343.1346367789309,0.0497505340287175
controls.neutral.p1.g8,controls.neutral.p1,controls,neutral,a piece of background music,0,54935,8,1.0,45.0,-23.766031895159443,3.628722277218099,3.702993323748855,3.688226403298028,3.44657562470906,3.662391499466382,3.767392267477448,3.77741115898112,0.3683399554383922,123.046875,2.791987439222042,0.0282953698188066,0.2105224253734083,0.0700829923152923,982.651253656964,0.1829224229602529
controls.neutral.p1.g10,controls.neutral.p1,controls,neutral,a piece of background music,0,51707,8,1.0,45.0,-27.02792195355412,3.677336870592285,3.026030043069634,3.28800870432677,3.243318643451398,3.211282965494385,2.9948594237601687,2.9960498624968013,0.298766433893891,135.99917763157896,1.1537746890377254,0.0180044025182724,0.1395512403246566,0.0389598608016967,466.9428622332052,0.1860705338198172
controls.neutral.p2.g0,controls.neutral.p2,controls,neutral,melodic instrumental track,0,68471,8,1.0,45.0,-18.635768546954186,5.73005612717983,5.198275476364636,5.812646421713405,4.826945711810725,5.010431361208504,5.774638453812531,5.4735802037878845,0.2288925943469893,129.19921875,5.318509615384615,0.0526406541466712,0.1489398794215662,0.1582964956760406,1741.3871104335883,0.1033128958682773
controls.neutral.p2.g2,controls.neutral.p2,controls,neutral,melodic instrumental track,0,75314,8,1.0,45.0,-18.59076715498988,4.318721720761873,5.023293095346474,4.283045331493074,4.048416472822882,3.942483129158242,4.157125108407453,4.00470912193687,0.2602215096468441,86.1328125,3.7111111111111112,0.0647308975458145,0.2016316215271651,0.128694862127304,1096.6228423512707,-0.0046757041262029
controls.neutral.p2.g4,controls.neutral.p2,controls,neutral,melodic instrumental track,0,87439,8,1.0,45.0,-19.646372270448587,5.168621230126014,5.234823300932647,4.833968843101663,4.9024925370119785,4.513109961595967,4.419158804649497,4.327055601897267,0.3248811852592577,89.10290948275862,3.2368674207089554,0.043694119900465,0.1315600393621878,0.0915877521038055,2133.3140512797304,-0.1420149504978258
controls.neutral.p2.g6,controls.neutral.p2,controls,neutral,melodic instrumental track,0,33840,8,1.0,45.0,-15.36739138134885,5.715342992231816,5.881045594389675,5.68612555626405,4.90105757902099,4.971194070086784,6.678748409970664,5.773760800045796,0.2467857743886349,123.046875,6.5001160948426575,0.0656606331467628,0.178926478363269,0.2090476900339126,2179.0317023931543,-0.1101984364484704
controls.neutral.p2.g8,controls.neutral.p2,controls,neutral,melodic instrumental track,0,15858,8,1.0,45.0,-21.788431174741124,3.8794649613600423,4.5811761658259,3.9828005685260166,3.786650178942384,3.873585912114316,4.281607627774299,4.265245510612457,0.2840505110791286,89.10290948275862,3.9151278409090913,0.033641368150711,0.1862187978509504,0.0907788649201393,1420.5825669432852,-0.1041743222345989
controls.neutral.p2.g10,controls.neutral.p2,controls,neutral,melodic instrumental track,0,8748,8,1.0,45.0,-23.358663976009492,4.25921672890083,4.97080553175483,4.393735501053588,4.263207223360076,4.45438263360637,4.373288951919569,4.386843757774924,0.3518746193704917,117.45383522727272,4.126994961950395,0.0513282865285873,0.1430960601315108,0.0709043964743614,1956.0380850769932,-0.1245547333827979
controls.neutral.p3.g0,controls.neutral.p3,controls,neutral,an instrumental composition,0,86770,8,1.0,45.0,-18.004391132729374,3.4195148910534727,3.657396166813533,3.223009534106476,3.0634243775796515,3.0553419077981028,2.835091237281957,2.782879816474171,0.1011783092904579,129.19921875,0.0450957133507853,0.063046246767044,0.3447151400836865,0.1204731166362762,585.7105690437744,-0.0479741317612277
controls.neutral.p3.g2,controls.neutral.p3,controls,neutral,an instrumental composition,0,85407,8,1.0,45.0,-26.86852598268373,2.927324468874776,2.956205958848415,3.066557065476931,3.3809930505205217,3.2417705931347514,2.810423389886359,2.838057546919301,0.2694440939976914,58.72691761363637,0.9776980377906976,0.0405868850648403,0.0453606492828585,0.0264439396560192,908.3170194582034,-0.2236927139714832
controls.neutral.p3.g4,controls.neutral.p3,controls,neutral,an instrumental composition,0,65505,8,1.0,45.0,-21.537177117471035,4.30149379883301,4.518624896832832,4.832093454558313,4.285441867403198,4.698229119264605,4.310187059652774,4.287032735029135,0.3189511295943789,112.34714673913044,2.977777777777778,0.0355387106537818,0.2298792930888365,0.0904350653290748,1547.042610279669,-0.092099314744844
controls.neutral.p3.g6,controls.neutral.p3,controls,neutral,an instrumental composition,0,91155,8,1.0,45.0,-23.748241145304032,2.235211377268571,3.177197230836481,2.437203473540733,2.2111089261504766,2.4044449914478028,2.5928614334566418,2.590243009311651,0.1264115272688368,83.35433467741936,0.3347130019430052,0.0541808679699897,0.0887909411516499,0.0270947404205799,568.9995206877627,-0.0590627507335062
controls.neutral.p3.g8,controls.neutral.p3,controls,neutral,an instrumental composition,0,88730,8,1.0,45.0,-22.53822656733653,3.724792118032824,3.971791541585616,3.844244857289972,3.780872669580708,3.813180132678741,3.924321080566568,3.9190554455926394,0.4059445257895815,129.19921875,4.191706730769231,0.0366585180163383,0.1237885636164703,0.0774571523070335,940.1576677387528,0.2965977053830909
controls.neutral.p3.g10,controls.neutral.p3,controls,neutral,an instrumental composition,0,56115,8,1.0,45.0,-24.054278800987603,2.724676192773603,3.688065030838029,2.833505476320812,2.616981534028076,2.791931825304009,3.401702749503043,3.4186469069035192,0.189579512858325,86.1328125,2.6426603939157567,0.050374761223793,0.0718447112272614,0.061714768409729,565.087451823039,-0.0415541380931014
controls.neutral.p4.g0,controls.neutral.p4,controls,neutral,a musical piece with melody and accompaniment,0,32414,8,1.0,45.0,-18.92962924303072,3.489906581116895,3.8343219475885033,3.6265841641820016,3.7597797079920015,3.4873485480077973,3.7558311849689834,3.6941831315272986,0.257957294799655,123.046875,1.3840301955008034,0.0309900324791669,0.1326145918272602,0.1062355637550354,1405.583308277059,-0.0064209802693571
controls.neutral.p4.g2,controls.neutral.p4,controls,neutral,a musical piece with melody and accompaniment,0,88344,8,1.0,45.0,-23.04576713063872,3.773000568611934,3.618201783125128,3.6698294320317686,3.779074168352762,3.7169367943126113,3.959696954926755,3.96029809123236,0.3918556204605922,123.046875,0.9897548521580716,0.0239439606666564,0.1691006865399912,0.0685601383447647,1632.1821304112282,0.1639238924917678
controls.neutral.p4.g4,controls.neutral.p4,controls,neutral,a musical piece with melody and accompaniment,0,14750,8,1.0,45.0,-18.295222301630613,3.374849883370444,3.403219784872449,3.3850081295329604,3.03338637868684,3.2449312475260172,3.075571059965268,3.0364719110068807,0.2614675913501318,123.046875,1.296085087777191,0.0294923949986696,0.1031577569336174,0.1158726066350936,807.5281330952662,0.2127745294147857
controls.neutral.p4.g6,controls.neutral.p4,controls,neutral,a musical piece with melody and accompaniment,0,73158,8,1.0,45.0,-21.188086541322384,3.644441210063434,3.5592854777090897,3.7513394675983824,3.589812899735502,3.626520210004722,3.188260970640416,3.187338265175926,0.4338755265829744,143.5546875,0.7299390889830508,0.0337051898241043,0.0937489727373704,0.066964752972126,1219.782819227626,-0.0637543433833751
controls.neutral.p4.g8,controls.neutral.p4,controls,neutral,a musical piece with melody and accompaniment,0,25088,8,1.0,45.0,-35.052480506047615,3.649229292514048,3.221007045635132,3.573373522345404,3.61236356274519,3.6875368031192948,3.5194765745069274,3.625639422635154,0.2060130657289469,117.45383522727272,1.8755491145259096,0.0271080862730741,0.0967589453307242,0.0166738927364349,778.992021464765,0.2294479883125939
controls.neutral.p4.g10,controls.neutral.p4,controls,neutral,a musical piece with melody and accompaniment,0,42095,8,1.0,45.0,-21.63124285496036,3.55785777637298,3.4791634368694706,3.390228108281021,3.13001783296124,3.1958959834839766,3.569835886179418,3.547562536453114,0.1542548627654847,89.10290948275862,1.5331083131067962,0.0368585139513015,0.0944164439930338,0.0706557258963584,563.3415110809199,0.1303167026793735
controls.neutral.p5.g0,controls.neutral.p5,controls,neutral,a song without vocals,0,76101,8,1.0,45.0,-19.79141985887341,5.21031158333479,5.602444872812285,5.425174511596934,4.724240495050367,4.803309434154329,5.274143380428555,5.195750033993623,0.2528335747574661,172.265625,2.14661214953271,0.047575581818819,0.1159061981909594,0.0917175635695457,2561.803796672147,-0.0752892304996267
controls.neutral.p5.g2,controls.neutral.p5,controls,neutral,a song without vocals,0,21308,8,1.0,45.0,-17.099417421262263,4.707411658890866,4.718645632686489,4.917091042512567,4.1863519867518,4.173864235370072,4.634538019096284,4.544132902079114,0.233553617959119,143.5546875,2.55190330488149,0.0350871793925762,0.1875949247594283,0.1111448183655738,2252.469393111208,0.4075651962961487
controls.neutral.p5.g4,controls.neutral.p5,controls,neutral,a song without vocals,0,39060,8,1.0,45.0,-21.726866968728707,4.944890809757758,4.437765816599574,4.539257549391396,4.861364562237669,4.338494188406011,4.533456558942793,4.5146328497079695,0.2033352253787875,86.1328125,3.42599814802456,0.0278152991086244,0.159717266871908,0.0778464823961258,2058.054259231496,0.260544613163384
controls.neutral.p5.g6,controls.neutral.p5,controls,neutral,a song without vocals,0,37137,8,1.0,45.0,-21.764588145006428,5.1659526367717294,5.884099562430312,5.335589015497566,5.027055637619576,5.110630551749016,5.875016798028838,5.830221157453303,0.2249453065530088,117.45383522727272,4.320211971507352,0.042893461883068,0.0587955732889866,0.09316286444664,3014.503836767485,0.3013967071722072
controls.neutral.p5.g8,controls.neutral.p5,controls,neutral,a song without vocals,0,4548,8,1.0,45.0,-17.510144567078267,5.407243654188034,4.698547640036106,4.937896717096128,5.267646753340542,4.839280308889082,5.300585151561889,5.1812704490024375,0.2130162266746867,129.19921875,2.688888888888889,0.0300930272787809,0.1902948731072918,0.1292763203382492,2405.0227911102247,0.3503635077337241
controls.neutral.p5.g10,controls.neutral.p5,controls,neutral,a song without vocals,0,26889,8,1.0,45.0,-17.35680799680871,5.012056896881914,4.735167987636244,4.920676195028287,4.175613097891502,4.1554193886784665,4.377596048661293,4.293142091805449,0.1698855159968015,143.5546875,3.117100186269292,0.0310776028782129,0.1330413851480118,0.1212739497423172,2139.834578092625,0.2181402197632901
controls.neutral.p6.g0,controls.neutral.p6,controls,neutral,a short instrumental tune,0,83473,8,1.0,45.0,-33.647700794927154,3.26614949605023,3.222804330326238,3.3667861050830448,3.571334283263249,3.7007247917443253,3.3663593758009736,3.5901963438597204,0.2840662595769261,112.34714673913044,2.038914551551815,0.0648717433214187,0.1533691654299221,0.0181946475058794,1076.7171909375477,-0.1050548887151987
controls.neutral.p6.g2,controls.neutral.p6,controls,neutral,a short instrumental tune,0,24892,8,1.0,45.0,-15.94526005511566,4.669315642236144,4.345202847687939,4.411444061966757,4.264086995427912,3.794050606127923,3.676257734878407,3.612139885100137,0.424977868370417,123.046875,1.9247555865921784,0.0495302602648735,0.1033454374402016,0.0909058228135109,1349.5156886181585,0.2455432670218793
controls.neutral.p6.g4,controls.neutral.p6,controls,neutral,a short instrumental tune,0,71893,8,1.0,45.0,-17.143212264702527,5.671637431312561,5.954005578509148,5.656607874135955,4.859845319795942,4.893378058054779,4.7794703236970895,4.546847087349378,0.2697080531825485,129.19921875,3.523193622174381,0.0478203929960727,0.0829080219601076,0.1297304928302765,1733.5581168183278,0.1322436475389707
controls.neutral.p6.g6,controls.neutral.p6,controls,neutral,a short instrumental tune,0,99521,8,1.0,45.0,-21.18777191942209,2.51741787753923,3.387321333021867,2.6698591834135272,2.3336393994501803,2.6188115731439616,2.879229536075216,2.844926209006463,0.2550138232542024,60.09265988372093,1.383480408031088,0.0506189875304698,0.0262654999045481,0.0665884166955947,492.73433232753285,-0.2388541182941574
controls.neutral.p6.g8,controls.neutral.p6,controls,neutral,a short instrumental tune,0,89933,8,1.0,45.0,-26.065932246205275,3.787006237215617,3.2102332840734333,3.639790003464018,3.8066465750249967,3.679186084627289,3.896902967633248,3.938726364597926,0.2856262323384277,83.35433467741936,1.4109119052262091,0.035544529557228,0.0255077814397394,0.0335376225411891,1740.9300588174094,0.053565844328474
controls.neutral.p6.g10,controls.neutral.p6,controls,neutral,a short instrumental tune,0,79747,8,1.0,45.0,-34.049108329458505,3.891712642477396,3.549550549966094,3.6458690914164245,4.242492584950856,3.6444938621894876,3.4842848492447764,3.57501246257602,0.2344394165579185,86.1328125,1.225376277159855,0.0350677631795406,0.031102176185013,0.0156595446169376,1719.7049103894044,0.2180374106457661
controls.neutral.p7.g0,controls.neutral.p7,controls,neutral,music with instruments,0,21804,8,1.0,45.0,-19.443567891654013,3.288371734328981,2.6298108327046785,3.4923271620383978,3.274605771083273,3.3114324526586207,3.082465351340113,3.0243003790280625,0.1254535688965802,129.19921875,0.2028245192307692,0.0304695144295692,0.2457179002713624,0.1103952303528785,413.7523182109126,0.2478011192515431
controls.neutral.p7.g2,controls.neutral.p7,controls,neutral,music with instruments,0,60640,8,1.0,45.0,-23.960556144316765,3.784217554548197,3.975017797272901,3.504494863075945,3.922830250388343,3.628625158139492,3.260441974323533,3.2752000969800563,0.2540985050162044,129.19921875,0.9367110629207666,0.0297187399119138,0.0308597067924431,0.048151422291994,1940.5803659545,-0.0248863612656836
controls.neutral.p7.g4,controls.neutral.p7,controls,neutral,music with instruments,0,26190,8,1.0,45.0,-16.240149366739626,4.564137520692359,4.609580149661896,4.709106986843774,4.533726454870351,4.271165154071433,4.364952731110732,4.237508896417971,0.3920426300445346,117.45383522727272,3.9344036344365434,0.0349440984427928,0.170533326940694,0.1516609042882919,1514.3231664237996,-0.2494414170321678
controls.neutral.p7.g6,controls.neutral.p7,controls,neutral,music with instruments,0,10829,8,1.0,45.0,-21.5845163435492,3.1781109991770347,3.9457006117709,3.1756263869720605,3.1503496309235848,3.15598377859829,3.7032553536119255,3.675676962642098,0.2564568073841438,129.19921875,2.2096899541884816,0.0457161664962768,0.0814474393626487,0.0805476456880569,834.1966936097472,0.0270233802837756
controls.neutral.p7.g8,controls.neutral.p7,controls,neutral,music with instruments,0,91490,8,1.0,45.0,-31.72377907059584,4.188270764112365,3.0816612875889966,3.7445062609787727,3.779691670325732,3.3541999054301557,2.6819706129004577,2.7331788032968056,0.1680318215616175,117.45383522727272,3.333333333333333,0.0353009924292564,0.0132798043952903,0.0232292655855417,1484.6049315573366,-0.2879217037022731
controls.neutral.p7.g10,controls.neutral.p7,controls,neutral,music with instruments,0,17362,8,1.0,45.0,-33.968057116884054,2.710187298966104,2.827671022816288,2.680996357017027,2.4083063369624464,2.5675041368148195,3.2176152263152784,3.270762799097235,0.2047940314625595,86.1328125,1.2444444444444445,0.0192371979355812,0.0385595235227112,0.0207767896354198,455.871160877198,-0.2547047201881479
controls.neutral.p8.g0,controls.neutral.p8,controls,neutral,an original instrumental piece,0,81586,8,1.0,45.0,-23.0293074665674,4.076829604094328,4.613213145987618,4.482866767912127,4.083133718618471,4.492387825057837,5.57629527870936,5.5729804380036585,0.2860812712479605,92.28515625,2.663159383704736,0.0256353057920932,0.1429350832719614,0.0581295639276504,3087.56790126864,0.1933568978521885
controls.neutral.p8.g2,controls.neutral.p8,controls,neutral,an original instrumental piece,0,77477,8,1.0,45.0,-21.1566151746275,4.56293809903643,5.098983250708144,4.334365706527548,4.24491925273975,4.329656688078579,5.541048075384531,5.489958961856116,0.2665665305909089,86.1328125,3.0873579545454546,0.0243024006485939,0.1680354931023727,0.0816395729780197,2404.545875877216,0.4078837116496269
controls.neutral.p8.g4,controls.neutral.p8,controls,neutral,an original instrumental piece,0,96181,8,1.0,45.0,-18.23349124714127,3.543710666216993,3.6512248314921263,3.6338776494736558,3.432254265108581,3.4464088294406863,3.6099454685772336,3.557112472218478,0.1457094697687268,112.34714673913044,3.091000769951794,0.028884008526802,0.0835047011602767,0.1111248284578323,653.6875946085753,0.384601195408355
controls.neutral.p8.g6,controls.neutral.p8,controls,neutral,an original instrumental piece,0,76770,8,1.0,45.0,-17.227986021059916,5.280522456528711,4.598695484634731,5.313985025753287,4.513820460014623,4.2615899586690205,4.786139639748157,4.610895534282567,0.0784655212571362,117.45383522727272,3.929666777188329,0.0355052389204502,0.215333494635399,0.1437501460313797,1527.9442752311352,0.1189817259000642
controls.neutral.p8.g8,controls.neutral.p8,controls,neutral,an original instrumental piece,0,88975,8,1.0,45.0,-20.35915165393642,3.592227284239785,3.652445732140188,3.5217464404207575,3.195074416147897,3.0621944735826405,3.543459069356185,3.4939790661132166,0.3967345949020324,86.1328125,2.466666666666667,0.0385929606854915,0.1484488709520075,0.0962588042020797,575.9357035041912,0.2291102105738901
controls.neutral.p8.g10,controls.neutral.p8,controls,neutral,an original instrumental piece,0,7157,8,1.0,45.0,-28.05325678073797,2.908849640699005,2.9267469368008063,3.025979740678077,3.112843317362511,3.389303561774961,3.0806584378092023,3.0919762055174878,0.1878265848562346,123.046875,0.4678709421883083,0.0219758730381727,0.1632106575504087,0.027930162847042,774.1751183802577,-0.0563467441728575
controls.neutral.p9.g0,controls.neutral.p9,controls,neutral,a melodic composition for small ensemble,0,14318,8,1.0,45.0,-20.009747560406048,4.187869162127051,3.972834451128902,4.066470502629585,3.620686228332057,3.5075952193878335,4.528220837880429,4.343604283129628,0.3075184406256162,86.1328125,3.6,0.0600930415093898,0.1574503036089196,0.1079121306538581,1266.1025221753032,-0.2451269164549616
controls.neutral.p9.g2,controls.neutral.p9,controls,neutral,a melodic composition for small ensemble,0,73905,8,1.0,45.0,-23.02799460657368,3.050702313586808,3.460764719981797,3.332726459583229,3.0824115509428123,3.3471627657912832,3.730615351193216,3.731615312444468,0.4226287851058394,123.046875,2.6432291666666665,0.0569674037396907,0.113483422048848,0.0638419687747955,1558.3053812942546,0.3229477120888079
controls.neutral.p9.g4,controls.neutral.p9,controls,neutral,a melodic composition for small ensemble,0,60649,8,1.0,45.0,-25.4486860462047,2.3992490959736323,3.509305889027341,2.673196718204443,2.3348980804910924,2.612731572847711,2.231181634494644,2.2437187603506925,0.2436515529880113,172.265625,1.3354005293152211,0.0444346442818641,0.0456616967194286,0.0365699604153633,868.4854570380763,-0.3544252470860284
controls.neutral.p9.g6,controls.neutral.p9,controls,neutral,a melodic composition for small ensemble,0,16942,8,1.0,45.0,-27.250771617570276,4.479988990233434,4.330060549573395,4.274066135668347,4.044341457058507,4.164822479592063,4.122564313077589,4.210825837210344,0.3061221305792561,129.19921875,3.1775841346153846,0.0535188876092433,0.1036942918491533,0.0377541854977607,1367.6091523096443,0.3034263284682549
controls.neutral.p9.g8,controls.neutral.p9,controls,neutral,a melodic composition for small ensemble,0,26183,8,1.0,45.0,-25.33524315648224,3.879769838883634,4.406917793047818,3.851795558111056,3.839879463616344,3.881004028825553,3.247231186877383,3.3265670832067404,0.2398219547151571,129.19921875,3.583233173076923,0.0667366459965705,0.2715909713683275,0.0567201972007751,821.3985331739359,0.1248438123021149
controls.neutral.p9.g10,controls.neutral.p9,controls,neutral,a melodic composition for small ensemble,0,38707,8,1.0,45.0,-24.68361453659332,2.992961819235706,3.8007229221305536,3.1507217506631404,3.4579995830500407,3.3656633168625802,3.1183640317585506,3.123357430486386,0.1999317077742463,129.19921875,2.147727272727273,0.0314890332520008,0.1212274596037795,0.0466400645673275,625.284145758362,0.2746589713884693
controls.high_arousal.p0.g0,controls.high_arousal.p0,controls,high_arousal,intense energetic workout music with driving beat,0,59080,8,1.0,45.0,-13.719275726430448,6.230987761386776,5.7740812357012175,5.824591432329238,5.627337531645062,5.460346752201889,6.55686761650739,5.583050857724889,0.3325393196595261,123.046875,4.863435850923483,0.0781909599900245,0.1773492979277901,0.2275338619947433,2696.566108357668,0.0695770105438534
controls.high_arousal.p0.g2,controls.high_arousal.p0,controls,high_arousal,intense energetic workout music with driving beat,0,82882,8,1.0,45.0,-16.720667222285446,5.961983988446795,5.957376103654624,6.071449861272986,5.503121101435398,5.641377238552604,6.837133482713117,6.2408083391697,0.3372201618160238,129.19921875,6.580528846153846,0.0544892773032188,0.0890650252722553,0.190975934267044,2989.709336781498,-0.0170402603199196
controls.high_arousal.p0.g4,controls.high_arousal.p0,controls,high_arousal,intense energetic workout music with driving beat,0,41478,8,1.0,45.0,-13.604635580383516,6.498501700958159,6.172695781702866,6.485119930354848,5.928930331656382,5.883657811778651,6.699135249954999,5.967381221111996,0.339374621729902,129.19921875,5.183293269230769,0.0567689724266529,0.1091197236965473,0.2408754974603653,2960.258738121653,-0.1094996468900175
controls.high_arousal.p0.g6,controls.high_arousal.p0,controls,high_arousal,intense energetic workout music with driving beat,0,62574,8,1.0,45.0,-11.144572352855487,5.088604932399428,6.677382001387109,5.207610437110025,5.150032493831067,5.388957511830311,6.42130218787587,5.553053866141792,0.520274908038744,117.45383522727272,4.25537109375,0.0511585138738155,0.2001572935308087,0.2892058193683624,2403.7440596259125,-0.0721256067569425
controls.high_arousal.p0.g8,controls.high_arousal.p0,controls,high_arousal,intense energetic workout music with driving beat,0,83898,8,1.0,45.0,-20.29765253810152,5.2343605534811415,5.9597207688193805,5.02145495259373,5.117167138126772,4.862358054424388,6.582518415769044,6.376136735377409,0.3563427239873579,129.19921875,4.1015625,0.0838912725448608,0.2554878458181009,0.1134243533015251,3835.189941735374,-0.0907794501616206
controls.high_arousal.p0.g10,controls.high_arousal.p0,controls,high_arousal,intense energetic workout music with driving beat,0,24903,8,1.0,45.0,-14.972078097578684,5.609051630190062,5.577807949153804,5.71863863491789,5.191611818079025,5.219982455103774,6.263243745025697,5.507687878974725,0.3530392643259157,129.19921875,4.935396634615384,0.0809047371149063,0.0926902917478911,0.2329683750867843,2214.9879538684822,-0.0133791183363948
controls.high_arousal.p1.g0,controls.high_arousal.p1,controls,high_arousal,fast aggressive electronic dance music,0,74416,8,1.0,45.0,-21.655934793942183,5.022286673270988,5.1623200828560805,4.874957477170094,5.040364720655308,4.860853264414491,5.378720145236337,5.27557864161675,0.431271791026858,129.19921875,7.143930288461538,0.080076016485691,0.1600319525912657,0.0924514085054397,1814.052816971487,0.0294025399594154
controls.high_arousal.p1.g2,controls.high_arousal.p1,controls,high_arousal,fast aggressive electronic dance music,0,59033,8,1.0,45.0,-21.4032983219058,6.05903826338669,6.103860300887831,6.245919703208819,6.052440152122311,6.162802603384738,5.962970510456988,5.837162434313046,0.3895176943221674,129.19921875,7.707331730769231,0.044484119862318,0.1532496744143302,0.0783251821994781,2449.6379761363382,0.0113801769556221
controls.high_arousal.p1.g4,controls.high_arousal.p1,controls,high_arousal,fast aggressive electronic dance music,0,22485,8,1.0,45.0,-21.469480522618635,6.470991746736258,6.260865409759441,6.323701464552952,6.233102642362374,6.025483000926065,6.493118442085841,6.445833389324446,0.3589672442661242,117.45383522727272,7.256859005905511,0.0441944040358066,0.0731820935649252,0.0936693325638771,2777.8613296428475,-0.0149793278526416
controls.high_arousal.p1.g6,controls.high_arousal.p1,controls,high_arousal,fast aggressive electronic dance music,0,93462,8,1.0,45.0,-16.261799659216972,5.756071278598345,5.771548190527978,5.716002536504579,5.543989252322389,5.4088054695416385,6.398754008460902,5.791858768214958,0.453915416740451,129.19921875,6.760817307692308,0.0867039859294891,0.1263171728899365,0.1952325701713562,2005.880346913696,-0.0318112441290715
controls.high_arousal.p1.g8,controls.high_arousal.p1,controls,high_arousal,fast aggressive electronic dance music,0,65537,8,1.0,45.0,-20.31048192587393,5.456341517495518,5.934099333956348,5.716716840939039,5.324277412276656,5.547002263354841,6.374154633703548,6.19389207063359,0.3526284691145346,129.19921875,5.228365384615384,0.0562247447669506,0.1037721173422693,0.1162865310907363,2653.696963850585,-0.0329733580391965
controls.high_arousal.p1.g10,controls.high_arousal.p1,controls,high_arousal,fast aggressive electronic dance music,0,96388,8,1.0,45.0,-16.050711924951134,6.523518040508122,6.08180777269466,6.470425841079117,5.608348577248054,5.747300998376017,6.147756227092385,5.649850191758086,0.4286902244572503,129.19921875,4.710036057692308,0.0683760866522789,0.0754047103082655,0.1916344910860061,2587.714002744613,-0.1461422486922536
controls.high_arousal.p2.g0,controls.high_arousal.p2,controls,high_arousal,"epic dramatic action movie music, loud and powerful",0,96405,8,1.0,45.0,-17.718798707885778,5.73906497293645,5.729327546122074,5.4537294367212485,5.043218703066291,5.0571546167524115,4.95462080966127,4.8325299871108935,0.3364315528146724,107.666015625,3.831694109616409,0.0366523824632167,0.2116931947183902,0.1212121918797493,1814.403793912432,0.1618115614854813
controls.high_arousal.p2.g2,controls.high_arousal.p2,controls,high_arousal,"epic dramatic action movie music, loud and powerful",0,15900,8,1.0,45.0,-15.14503360435648,4.691865766182604,3.74545837345445,4.4266857957176144,4.121951933650239,4.019956794399126,3.8764551570720647,3.7423435959433498,0.4669951772189318,129.19921875,0.8295294943820225,0.0391906797885894,0.1577383347395919,0.1758394092321396,1622.6532450569516,-0.0593245407418164
controls.high_arousal.p2.g4,controls.high_arousal.p2,controls,high_arousal,"epic dramatic action movie music, loud and powerful",0,56940,8,1.0,45.0,-17.191386216336486,3.5671416647874823,4.338299078701651,3.712241781907894,3.267100136234113,3.423988438256675,2.9695240541786214,3.0246410379039386,0.397115856011957,117.45383522727272,0.6442615434407365,0.0453482083976268,0.234930825660677,0.0835571214556694,1151.0573360445635,0.194629668858029
controls.high_arousal.p2.g6,controls.high_arousal.p2,controls,high_arousal,"epic dramatic action movie music, loud and powerful",0,4705,8,1.0,45.0,-13.479224944277885,4.167461613046513,3.713369689864749,4.129144476545059,3.5148046106908994,3.4493247937698372,3.500906014613898,3.31944805423746,0.396160900196643,123.046875,0.5392931015205724,0.0417249947786331,0.168864537374186,0.2089819312095642,1215.7731683782408,0.0234560081813089
controls.high_arousal.p2.g8,controls.high_arousal.p2,controls,high_arousal,"epic dramatic action movie music, loud and powerful",0,87143,8,1.0,45.0,-15.72899208888092,5.085922347299769,4.293252629225034,4.835597214786686,4.738146444308117,4.425893610044439,4.329459660319013,4.285630582368518,0.4683467480807869,123.046875,2.0036242479946527,0.0375850237905979,0.1935225112225344,0.1502269804477691,1994.806627811612,-0.0873318843453102
controls.high_arousal.p2.g10,controls.high_arousal.p2,controls,high_arousal,"epic dramatic action movie music, loud and powerful",0,88902,8,1.0,45.0,-18.75431055178161,4.9859196672132375,3.8603361417818833,4.801690538915212,4.580622489532771,4.433286742733005,3.8203177945112734,3.791121503956469,0.5774422282166556,99.38401442307692,2.5918524986566363,0.0429999493062496,0.2458922765729451,0.1052862033247947,1303.495770324564,0.0331944069314761
controls.high_arousal.p3.g0,controls.high_arousal.p3,controls,high_arousal,high energy upbeat party music,0,37652,8,1.0,45.0,-17.955888420313826,6.122767916580802,6.02687160985863,6.083947535609281,5.152832041113731,5.331516915453507,5.621378571881284,5.522548429491415,0.1326059925783415,123.046875,5.240381291482301,0.034688863903284,0.1227854053867497,0.1061488166451454,2581.923934435141,0.2631213549904144
controls.high_arousal.p3.g2,controls.high_arousal.p3,controls,high_arousal,high energy upbeat party music,0,67249,8,1.0,45.0,-19.87006511591587,5.999468975005742,5.782432250551161,5.857226409226704,6.053156587848859,5.636335689014758,5.379874203919516,5.3176987423332935,0.0260415896512922,95.703125,3.747941300675675,0.0257984455674886,0.2388122636461085,0.0938476026058197,2425.110673296455,-0.3008825665465856
controls.high_arousal.p3.g4,controls.high_arousal.p3,controls,high_arousal,high energy upbeat party music,0,12766,8,1.0,45.0,-17.014489750609304,5.753980576703153,5.188404765306282,5.774829510109359,5.038357909611784,5.14677765768253,5.510969391402264,5.2325974601982885,0.0302223972673983,107.666015625,4.227098449868074,0.0402318499982357,0.2059416591813032,0.1274755597114563,2000.0135637508329,0.1308619596857563
controls.high_arousal.p3.g6,controls.high_arousal.p3,controls,high_arousal,high energy upbeat party music,0,26965,8,1.0,45.0,-23.664596656751765,4.777605817775053,6.032476327622568,5.234027933121479,4.793223083745467,5.213082989721938,5.688844231191342,5.722174623818995,0.1162678598194926,117.45383522727272,3.816922293060201,0.0340900793671608,0.1963286327567954,0.0651309490203857,2348.3110463699763,0.1141693662954576
controls.high_arousal.p3.g8,controls.high_arousal.p3,controls,high_arousal,high energy upbeat party music,0,49882,8,1.0,45.0,-18.23063975263305,6.110108462324607,5.933172129425744,5.881014190025821,5.877458288942789,5.5717416071753165,5.19042310108623,5.020819435701334,0.0538979395685042,129.19921875,2.7653166118421053,0.033183317631483,0.1446488767174867,0.1181528195738792,2308.1049288695986,0.009426035949577
controls.high_arousal.p3.g10,controls.high_arousal.p3,controls,high_arousal,high energy upbeat party music,0,69957,8,1.0,45.0,-19.78652369850131,5.474693703519928,5.942338294365906,5.6383353402823015,5.2323753530703,5.367538693898116,5.102041260034183,4.986389762289341,0.0282201729432668,123.046875,2.648168805367379,0.0365614667534828,0.1306437282019749,0.102412924170494,2148.7821178113486,0.1225273068750585
controls.high_arousal.p4.g0,controls.high_arousal.p4,controls,high_arousal,fast exciting drum heavy music to get pumped up,0,61298,8,1.0,45.0,-19.552606328464112,4.599896616584648,4.339658953886382,4.381936761147282,3.865321203936027,3.8730614651196973,4.347381964890091,4.281185067423123,0.465420631027947,143.5546875,1.7925185098719316,0.0327481515705585,0.1294153056524554,0.1020419746637344,2549.819864882173,0.1184390818704339
controls.high_arousal.p4.g2,controls.high_arousal.p4,controls,high_arousal,fast exciting drum heavy music to get pumped up,0,15925,8,1.0,45.0,-24.323212158723877,5.137064800352964,5.339163658755549,5.547656662241584,5.228591507091865,5.53058949163145,7.520469516506797,7.576990744687787,0.3406296572038436,129.19921875,6.1491259969926775,0.0408037528395652,0.1873179487530818,0.0689819306135177,3938.683962319312,0.232916686393702
controls.high_arousal.p4.g4,controls.high_arousal.p4,controls,high_arousal,fast exciting drum heavy music to get pumped up,0,42444,8,1.0,45.0,-27.35723734466329,4.713695192748171,4.815155417292051,4.985294520791603,4.6959268786545945,5.013957188191484,6.936437104098128,7.1247867828628975,0.4864914702373444,135.99917763157896,3.693324860317048,0.043566059321165,0.1325418402445246,0.0443692952394485,4315.352177193102,0.0668149469955319
controls.high_arousal.p4.g6,controls.high_arousal.p4,controls,high_arousal,fast exciting drum heavy music to get pumped up,0,87747,8,1.0,45.0,-20.81340387441105,4.825926994537345,5.513316018075397,4.922044493646346,4.56066358274796,4.718669871460329,6.479489103669469,6.40302989643847,0.4046869869953679,107.666015625,4.111517748786408,0.0432234779000282,0.3065567779961364,0.0668201297521591,4245.445618652832,-0.1384017632674859
controls.high_arousal.p4.g8,controls.high_arousal.p4,controls,high_arousal,fast exciting drum heavy music to get pumped up,0,71054,8,1.0,45.0,-22.320144526481023,5.135287833820578,5.416163075042973,4.973430535248413,5.062007350105026,4.928690832852325,6.866262840507919,6.813082512287246,0.4808187777956246,129.19921875,3.9743485300557024,0.0592020787298679,0.1777390088639825,0.0844137072563171,3588.461340095769,-0.0549460564361482
controls.high_arousal.p4.g10,controls.high_arousal.p4,controls,high_arousal,fast exciting drum heavy music to get pumped up,0,9942,8,1.0,45.0,-25.16345364970067,4.58132857220082,5.472449272064543,4.815818432821608,4.588460567097751,4.885676331426442,6.796290068533491,6.772000627844546,0.4930436602098799,107.666015625,6.578941799837486,0.0545006394386291,0.1996696716897125,0.0520590953528881,4056.107964715959,0.1488346317231308
controls.high_arousal.p5.g0,controls.high_arousal.p5,controls,high_arousal,adrenaline pumping racing game music,0,75432,8,1.0,45.0,-17.899620493243436,5.289509341130746,5.929599684029301,5.42678603021279,5.016426660251531,5.081517902005677,4.951469522103416,4.826489009538591,0.1814214883420617,112.34714673913044,2.6315816784006376,0.0301451236009597,0.1838484558892172,0.1280932426452636,2053.204774110598,0.0128070907423595
controls.high_arousal.p5.g2,controls.high_arousal.p5,controls,high_arousal,adrenaline pumping racing game music,0,35307,8,1.0,45.0,-17.97830390313226,4.991430097681731,4.305553172832831,4.948254993124695,4.56142453093821,4.329303590479498,4.610168843887866,4.47699504197008,0.329628069645037,80.74951171875,4.668753718270756,0.0492893680930137,0.2341018714929187,0.1272200793027877,1240.892061973276,0.0239756735709328
controls.high_arousal.p5.g4,controls.high_arousal.p5,controls,high_arousal,adrenaline pumping racing game music,0,10019,8,1.0,45.0,-18.41414988689264,4.194380090587636,3.9835966684487936,4.687243707626532,3.9910881579810993,4.3601362560152985,4.465873390124586,4.372642979646549,0.3348728415001491,86.1328125,3.011636800699301,0.0473712161183357,0.2981216701479058,0.1211614459753036,1478.279130247222,0.0723608679290204
controls.high_arousal.p5.g6,controls.high_arousal.p5,controls,high_arousal,adrenaline pumping racing game music,0,80160,8,1.0,45.0,-17.132130553577973,5.230809870161911,5.098869884740141,5.2120632614256595,4.488225255313626,4.407381437702458,4.556254344319466,4.386864309024638,0.2308768627719002,161.4990234375,3.239104707362288,0.0429051592946052,0.2324783449733561,0.1440241783857345,1427.6251845712902,-0.0580104840291968
controls.high_arousal.p5.g8,controls.high_arousal.p5,controls,high_arousal,adrenaline pumping racing game music,0,78675,8,1.0,45.0,-21.350308753192248,4.591657016519749,5.066771445158657,4.364120955449703,4.571965663647301,4.335184680138025,5.040592748832035,4.999604302118578,0.3211808392877769,117.45383522727272,6.364944677033493,0.0381178632378578,0.2426235058601371,0.0884425789117813,1405.637844703513,0.0764400821488489
controls.high_arousal.p5.g10,controls.high_arousal.p5,controls,high_arousal,adrenaline pumping racing game music,0,50335,8,1.0,45.0,-16.61287371121687,5.147124981497908,4.919715661393163,5.33421534967944,4.345598254752611,4.341637183696352,4.826215283926273,4.649170085108636,0.1745391188306641,112.34714673913044,2.0131208263772957,0.03079648129642,0.1586629051125873,0.1658732891082763,1971.539158107918,-0.1460257959809593
controls.high_arousal.p6.g0,controls.high_arousal.p6,controls,high_arousal,loud powerful rock music with heavy drums,0,25425,8,1.0,45.0,-16.91413744787316,5.397446106136148,5.46479257080533,5.62035519458931,4.588941947613275,4.973201638332735,5.285372859392356,5.033710400419951,0.290859460539829,129.19921875,3.3834689613683664,0.0332567207515239,0.2474050572845008,0.1524555534124374,2274.0749639800447,0.0370184794819015
controls.high_arousal.p6.g2,controls.high_arousal.p6,controls,high_arousal,loud powerful rock music with heavy drums,0,31268,8,1.0,45.0,-14.655153349881502,5.903492065337101,6.196401441859579,5.576565371442319,5.527100256823002,5.2827176609696025,5.58168886435164,5.035104532185591,0.4423731561051732,143.5546875,1.6076313584384858,0.0346875265240669,0.234123713902068,0.2084695398807525,2515.0762424268937,-0.1636049252980202
controls.high_arousal.p6.g4,controls.high_arousal.p6,controls,high_arousal,loud powerful rock music with heavy drums,0,78436,8,1.0,45.0,-18.83851609600872,4.424506043414507,4.646433997634288,4.455828380164126,3.725314741958893,3.9221328745208934,4.381823660796275,4.28158690101607,0.4338124688101908,112.34714673913044,1.582782451923077,0.022952277213335,0.1221178811828802,0.0887718424201011,2814.8452519339776,-0.0498481699257945
controls.high_arousal.p6.g6,controls.high_arousal.p6,controls,high_arousal,loud powerful rock music with heavy drums,0,59961,8,1.0,45.0,-13.829260419497665,6.402747566005576,6.312568870480279,6.247461367919582,5.755583804720102,5.922810691158039,5.931736622377116,5.488419642696978,0.4372964459633725,123.046875,4.941680052570093,0.0354211404919624,0.1486547219244329,0.2464466542005539,2370.2225754382675,0.040547543476637
controls.high_arousal.p6.g8,controls.high_arousal.p6,controls,high_arousal,loud powerful rock music with heavy drums,0,62328,8,1.0,45.0,-17.212655411476813,5.081062444931573,4.901743993603164,5.2112937442562695,4.7701259632634105,4.902922439292915,4.060854479578874,3.945049753174267,0.4296967382902434,117.45383522727272,4.036778628301398,0.0271024070680141,0.2108319013369717,0.1337587386369705,1761.9018745034773,-0.1495357732805036
controls.high_arousal.p6.g10,controls.high_arousal.p6,controls,high_arousal,loud powerful rock music with heavy drums,0,31064,8,1.0,45.0,-19.92930192073301,6.255970825677991,5.204323339918813,6.100951086163185,5.671564862623853,5.59162429240237,6.132818158805787,6.044280984425004,0.4510640497465372,92.28515625,3.797982283464567,0.029613010585308,0.3406264097771116,0.0963735282421112,3396.060630162253,0.2550158875414339
controls.high_arousal.p7.g0,controls.high_arousal.p7,controls,high_arousal,explosive festival EDM with hard drops,0,17720,8,1.0,45.0,-13.349247304704802,5.879070302475716,6.132192978356044,6.011373010308814,5.827707283517436,5.7092378395470975,6.382364163736391,5.729518905994385,0.1893395147420719,129.19921875,5.231102748691099,0.0464222431182861,0.1956232606737476,0.2434110194444656,2689.1523042321205,-0.0917813775287811
controls.high_arousal.p7.g2,controls.high_arousal.p7,controls,high_arousal,explosive festival EDM with hard drops,0,78041,8,1.0,45.0,-12.015392464299852,5.3560728449369694,6.549608022432918,5.739478853909613,5.628020378945269,5.8537612290035685,6.858080975063411,6.26820112677901,0.1952494082882558,129.19921875,5.746694711538462,0.0428334698081016,0.1127500762467445,0.3002651333808899,3129.9046366166704,0.0841080414680083
controls.high_arousal.p7.g4,controls.high_arousal.p7,controls,high_arousal,explosive festival EDM with hard drops,0,45285,8,1.0,45.0,-14.605192791709728,5.004717542553733,6.656365803778171,5.0644927771933705,5.308224081505692,5.3906299744680455,6.79404788980884,6.308708196378374,0.2848136422170174,129.19921875,4.597355769230769,0.0419261567294597,0.2689682707915811,0.2036373764276504,3108.7072960645405,0.0850453033409942
controls.high_arousal.p7.g6,controls.high_arousal.p7,controls,high_arousal,explosive festival EDM with hard drops,0,59008,8,1.0,45.0,-12.351537575875913,5.802121453325235,6.165400135733052,5.645742768685762,5.135282135686087,5.107499879392341,5.872857152461342,5.328644995960914,0.2403987190941273,117.45383522727272,3.836244034994698,0.0513194315135479,0.2696571560483297,0.2722025215625763,2449.956464341923,0.133217537599631
controls.high_arousal.p7.g8,controls.high_arousal.p7,controls,high_arousal,explosive festival EDM with hard drops,0,26755,8,1.0,45.0,-12.998636134331631,5.4541599232257845,6.509781386252729,5.457387318829115,5.798796631709831,5.6888595645876885,6.551636948703525,5.902767572588858,0.2519847748143909,129.19921875,5.070612980769231,0.0457368977367877,0.1572284562675163,0.2640318274497986,3279.4069451435844,-0.1089517322679958
controls.high_arousal.p7.g10,controls.high_arousal.p7,controls,high_arousal,explosive festival EDM with hard drops,0,11722,8,1.0,45.0,-15.72741365779773,6.156306852712169,6.430494958086811,6.160074916111936,5.851286294135737,5.969369156046525,6.124330755334713,5.790638975295846,0.223946735038924,129.19921875,5.2444444444444445,0.0411438792943954,0.2206430765801289,0.1732835918664932,3251.5200913539684,-0.0118038208299613
controls.high_arousal.p8.g0,controls.high_arousal.p8,controls,high_arousal,urgent intense chase scene music,0,24672,8,1.0,45.0,-19.37422637099117,6.306086846047239,5.076528715769252,5.998857252093033,5.985177920104978,5.75179257724503,5.649280428664461,5.573710602077476,0.3830936477581503,117.45383522727272,5.812926821103374,0.0433475039899349,0.2362680816412085,0.10884390771389,2546.3364404741646,-0.1267531943942689
controls.high_arousal.p8.g2,controls.high_arousal.p8,controls,high_arousal,urgent intense chase scene music,0,9988,8,1.0,45.0,-21.955576322162432,5.471187222938535,4.727929678827271,5.689305235987886,5.375214182793028,5.419234822251296,5.658883259619973,5.643739876659675,0.2946924617553237,112.34714673913044,6.067366626381216,0.0369247607886791,0.2839994803888115,0.0655832886695861,3000.6570551733603,0.0607584675456415
controls.high_arousal.p8.g4,controls.high_arousal.p8,controls,high_arousal,urgent intense chase scene music,0,29631,8,1.0,45.0,-20.113618027748807,4.585801311876642,4.050645666158088,4.4433948862343655,4.241948233308063,4.180911935647501,3.950908757883638,3.933915240810425,0.4170222526804077,123.046875,2.088951459390863,0.0339540876448154,0.2128447458819436,0.0811864510178566,1734.5502527297383,0.0636464104361795
controls.high_arousal.p8.g6,controls.high_arousal.p8,controls,high_arousal,urgent intense chase scene music,0,91072,8,1.0,45.0,-16.904760905614303,4.294860439574915,4.785730555584691,4.618563571327904,3.7149971596206006,3.7073013118246143,3.96990100456686,3.853166171930569,0.3660767888984108,117.45383522727272,2.554582575545607,0.0549845248460769,0.223967635736195,0.1452861130237579,1295.5946593302629,-0.1387824493424139
controls.high_arousal.p8.g8,controls.high_arousal.p8,controls,high_arousal,urgent intense chase scene music,0,73899,8,1.0,45.0,-20.34437023680847,4.102235013797735,3.7169728394174353,4.2258349462659845,3.474876148342741,3.6764187327691635,3.515308589110592,3.519044719731613,0.2610004256738419,123.046875,0.093116554054054,0.0318313091993331,0.3204165252903047,0.0744872316718101,2543.812704590627,-0.0080178267383446
controls.high_arousal.p8.g10,controls.high_arousal.p8,controls,high_arousal,urgent intense chase scene music,0,85817,8,1.0,45.0,-21.51765020626568,5.138066535935444,4.7022031595874205,5.403996969135434,4.9723706183805145,5.210325649381383,5.294304680369257,5.2770356620474,0.4239424715536771,143.5546875,5.939403204872204,0.0452543385326862,0.3483919117727527,0.0834503397345542,3081.2552566811287,-0.069862639463024
controls.high_arousal.p9.g0,controls.high_arousal.p9,controls,high_arousal,thunderous battle music with pounding percussion,0,27116,8,1.0,45.0,-22.18343134808593,4.017276475469847,4.135331794409653,4.173735350853221,4.036689982046324,4.110643548156752,4.445473765686207,4.428987236282329,0.4022411700041003,129.19921875,2.422222222222222,0.0390992201864719,0.3491837189519413,0.0844958499073982,1557.4891188896745,-0.1453768552052649
controls.high_arousal.p9.g2,controls.high_arousal.p9,controls,high_arousal,thunderous battle music with pounding percussion,0,50838,8,1.0,45.0,-21.37805534140241,4.433056846430123,4.227748721045024,4.414820317872037,3.848561340926432,4.16868184567566,4.17755857193909,4.162312349522714,0.3515430983365825,129.19921875,2.220648484640702,0.0471653677523136,0.2683876918577996,0.0754020810127258,1457.4188219643236,0.0987247222672952
controls.high_arousal.p9.g4,controls.high_arousal.p9,controls,high_arousal,thunderous battle music with pounding percussion,0,45490,8,1.0,45.0,-22.569371643819515,4.13210238299061,4.858838753716552,4.404616229260843,4.122762805308604,4.413105254147248,4.985382279872239,4.975285616027886,0.5643970960695139,172.265625,4.422222222222223,0.0601237677037715,0.258244816633058,0.0869748145341873,1632.8161304425814,-0.1615425745366833
controls.high_arousal.p9.g6,controls.high_arousal.p9,controls,high_arousal,thunderous battle music with pounding percussion,0,13762,8,1.0,45.0,-19.91586131317072,4.146095808050193,4.6701110829625225,4.257492908687684,3.078872562059731,3.5803992264048388,4.505428012444484,4.445296861375179,0.5640213820075198,123.046875,2.831763698630137,0.0638379454612732,0.1922654792589677,0.0997356921434402,1627.3878471436467,-0.1736190947165674
controls.high_arousal.p9.g8,controls.high_arousal.p9,controls,high_arousal,thunderous battle music with pounding percussion,0,85014,8,1.0,45.0,-15.861112079406572,5.465581387644368,5.105382966827732,5.561798052049821,4.575563451770293,4.728624879977462,5.3391478493939175,5.044836624243782,0.5162088577478117,129.19921875,5.160757211538462,0.062612347304821,0.2793406245641746,0.1968955248594284,1619.428762832369,-0.1455689781288716
controls.high_arousal.p9.g10,controls.high_arousal.p9,controls,high_arousal,thunderous battle music with pounding percussion,0,41882,8,1.0,45.0,-21.989666463801232,3.445845782246534,4.064032151308295,3.7733312773530585,3.415171678856603,3.494664992021147,3.906574878989089,3.888360081734077,0.4905122806002408,129.19921875,1.2762135472790948,0.0504983812570571,0.2449437563745293,0.089221179485321,1304.2410455173997,-0.0655829951339713
anxiolytic.sleep.p0.g1,anxiolytic.sleep.p0,anxiolytic,sleep,calm peaceful music for deep sleep,0,2509,8,1.0,45.0,-26.423785852329814,2.607689825208256,3.1619647217083777,2.6242304761740454,2.61445203896378,2.6303073260814656,2.7969692823446097,2.7950697631140597,0.28490814954259,129.19921875,0.6671612079326923,0.0260739903897047,0.1062913399864114,0.0295086000114679,504.39926057919865,-0.1459050008539106
anxiolytic.sleep.p0.g3,anxiolytic.sleep.p0,anxiolytic,sleep,calm peaceful music for deep sleep,0,2344,8,1.0,45.0,-23.37436409629644,2.852649715529652,3.399174476608851,2.9649614009867706,2.812271169880576,2.9655626058970066,3.0476943006278963,3.052689643956275,0.2290479228022776,80.74951171875,1.1345207125922023,0.0321662873029708,0.0838960177318638,0.0616178251802921,489.3054311354689,0.1811062875584722
anxiolytic.sleep.p0.g5,anxiolytic.sleep.p0,anxiolytic,sleep,calm peaceful music for deep sleep,0,11706,8,1.0,45.0,-27.583906586348277,2.868913453387202,2.6561905537494948,3.2069671509618316,2.5591688301897677,3.01163744909146,2.9957512819301773,3.003927834898213,0.4180755909076842,80.74951171875,0.5788495463709677,0.0315340235829353,0.0857638203995668,0.0286697261035442,525.7128737471526,0.2398770339199746
anxiolytic.sleep.p0.g7,anxiolytic.sleep.p0,anxiolytic,sleep,calm peaceful music for deep sleep,0,56742,8,1.0,45.0,-21.212253070431466,3.846268260471565,3.7830438639990662,3.757546842505282,3.915386397192032,3.6552448083045674,3.531435302829929,3.515043556074047,0.3715778585532878,161.4990234375,1.6973097576195482,0.0355351790785789,0.0507930037395446,0.0712769851088523,895.7722680133185,0.3686506629845493
anxiolytic.sleep.p0.g9,anxiolytic.sleep.p0,anxiolytic,sleep,calm peaceful music for deep sleep,0,68259,8,1.0,45.0,-22.994899531582305,3.1187455472198726,3.154402511284459,3.0690828371872305,3.113351923336345,3.070185432012979,3.132267162386156,3.131948051440909,0.3500997629300394,117.45383522727272,1.2821872263572678,0.0397987626492977,0.1040547857405988,0.0681274607777595,474.0748206721829,0.2951436824447104
anxiolytic.sleep.p0.g11,anxiolytic.sleep.p0,anxiolytic,sleep,calm peaceful music for deep sleep,0,41423,8,1.0,45.0,-22.881130229149235,2.328330733860503,3.5330735859311644,2.5437694421844013,2.3315963841377343,2.539027575609597,2.8857594478120028,2.8854931450205035,0.2905745801404099,80.74951171875,0.6888888888888889,0.0369028598070144,0.0535267702784547,0.047807727009058,627.0169854899226,0.0821384628303041
anxiolytic.sleep.p1.g1,anxiolytic.sleep.p1,anxiolytic,sleep,soft soothing lullaby to help me fall asleep,0,84661,8,1.0,45.0,-19.181004303671177,3.200056135790635,3.189131174631629,3.228999562115624,2.820426326282212,3.1001601585036687,2.727428835149547,2.7191502869623188,0.3714029785256917,86.1328125,1.366084929435484,0.0332322679460048,0.0355429517132323,0.0765731781721115,1014.4916906693094,0.0048532137006668
anxiolytic.sleep.p1.g3,anxiolytic.sleep.p1,anxiolytic,sleep,soft soothing lullaby to help me fall asleep,0,83244,8,1.0,45.0,-23.5015910734061,3.161579593127961,3.377422229921154,3.078582976211891,3.1155696926465466,3.084404912490876,1.992160698462297,1.9962350848035293,0.3770991560026005,143.5546875,1.465793405591572,0.0375125333666801,0.0302230608904801,0.0458161942660808,1098.9257847360957,0.0166088160511062
anxiolytic.sleep.p1.g5,anxiolytic.sleep.p1,anxiolytic,sleep,soft soothing lullaby to help me fall asleep,0,92286,8,1.0,45.0,-23.23939238213574,3.274430716837484,3.522242706161556,3.235057420114669,3.2705397461054613,3.261681829946771,2.233518447496183,2.237395083610495,0.3688743706829139,58.72691761363637,0.9695578370418848,0.0311103779822587,0.0112609396810987,0.051955446600914,1030.464722578845,0.2428402200762786
anxiolytic.sleep.p1.g7,anxiolytic.sleep.p1,anxiolytic,sleep,soft soothing lullaby to help me fall asleep,0,23469,8,1.0,45.0,-21.089211008513608,3.4484041403191488,3.1709776534693126,3.477656590502852,3.0594394195889234,3.352073686954627,3.5504097223930824,3.529518519085144,0.3763716813138443,117.45383522727272,1.4590804303278688,0.0270048510283231,0.0298135158690069,0.0679461285471916,1095.842166500932,0.3628759295409323
anxiolytic.sleep.p1.g9,anxiolytic.sleep.p1,anxiolytic,sleep,soft soothing lullaby to help me fall asleep,0,51350,8,1.0,45.0,-20.13069972273217,3.71944261655298,3.200973659832426,3.673371113752188,3.183374858624124,3.237207652805916,3.090947237802717,3.0272008174250558,0.4192954595664375,86.1328125,1.6074552877138415,0.0324460826814174,0.0250639129527492,0.0874586254358291,1023.2794684223472,0.1599728908648795
anxiolytic.sleep.p1.g11,anxiolytic.sleep.p1,anxiolytic,sleep,soft soothing lullaby to help me fall asleep,0,18307,8,1.0,45.0,-23.54037247006945,3.0562742759276165,3.2343602449982547,3.186531672082648,3.124986267015944,3.1751749594100223,3.0335234771449966,3.040525197655862,0.3871767747808115,95.703125,1.6021372674902832,0.0347109287977218,0.038348528035306,0.0550868771970272,1027.6160759261552,0.0925014891935155
anxiolytic.sleep.p2.g1,anxiolytic.sleep.p2,anxiolytic,sleep,"gentle ambient sleep music, very slow and quiet",0,85228,8,1.0,45.0,-20.484903602415766,3.2937365401761425,3.113546462462218,3.2143178680585542,3.266865044814381,3.1824364932983884,2.805245340798548,2.793129338600388,0.3547300010191571,143.5546875,0.7555555555555555,0.0311354119330644,0.0987025300600478,0.0879945531487464,377.171313743576,0.2684648705774516
anxiolytic.sleep.p2.g3,anxiolytic.sleep.p2,anxiolytic,sleep,"gentle ambient sleep music, very slow and quiet",0,94175,8,1.0,45.0,-24.3941957049877,2.1683564869106937,2.9577415223083667,2.5531993784081926,2.188802688428293,2.525162869301317,3.07710991068837,3.0863245176029617,0.302202391453521,143.5546875,0.6,0.0272109471261501,0.0560294435607649,0.0664136037230491,323.59234085095164,-0.1021015455003152
anxiolytic.sleep.p2.g5,anxiolytic.sleep.p2,anxiolytic,sleep,"gentle ambient sleep music, very slow and quiet",0,63449,8,1.0,45.0,-20.045579272239355,2.6842448699243344,3.273554718920397,2.8128951237471003,2.3957074393598776,2.708061918673894,3.129192526442907,3.107096576824867,0.3030656455743937,86.1328125,1.6,0.0271639730781316,0.0357524228951161,0.1100630089640617,450.20142817416433,0.2959873413240272
anxiolytic.sleep.p2.g7,anxiolytic.sleep.p2,anxiolytic,sleep,"gentle ambient sleep music, very slow and quiet",0,83149,8,1.0,45.0,-22.67071823221165,2.4247365401986425,3.396252229778309,2.6440478721224743,2.4247365401986425,2.618354985583733,2.5864983368326366,2.583736922812232,0.2205761055276067,135.99917763157896,0.7111111111111111,0.0307197347283363,0.082208518622244,0.0378773137927055,483.29447779576816,-0.1379118167975463
anxiolytic.sleep.p2.g9,anxiolytic.sleep.p2,anxiolytic,sleep,"gentle ambient sleep music, very slow and quiet",0,15755,8,1.0,45.0,-26.98721010420072,3.108316959457834,2.962419274775436,2.8039134982369696,2.6184052228863988,2.5726170779756448,2.961546709331883,2.9715482458198883,0.3611302802682996,117.45383522727272,1.0666666666666669,0.0390179306268692,0.031597464304642,0.0352294147014617,743.6602449290506,0.0530992056402642
anxiolytic.sleep.p2.g11,anxiolytic.sleep.p2,anxiolytic,sleep,"gentle ambient sleep music, very slow and quiet",0,29847,8,1.0,45.0,-26.192479270777437,2.968347037095357,3.691747609956512,3.077640455495583,2.973289306250277,3.001820109056595,3.1310863233604245,3.148613267479394,0.3068123639622275,69.83741554054055,0.5365803595612134,0.0557395964860916,0.0460417393323131,0.0376444235444068,677.053605034008,0.2552881527988284
anxiolytic.sleep.p3.g1,anxiolytic.sleep.p3,anxiolytic,sleep,relaxing bedtime music with warm soft tones,0,35365,8,1.0,45.0,-23.410543222661733,3.269483625084046,3.3856226389779303,3.3696886227318936,3.29675651145846,3.3812950125473407,3.677716980653451,3.683043508743845,0.3675526438052309,86.1328125,1.542076819538142,0.0429660566151142,0.0343187790360158,0.0495939701795578,1471.5542993214628,0.3245982732610271
anxiolytic.sleep.p3.g3,anxiolytic.sleep.p3,anxiolytic,sleep,relaxing bedtime music with warm soft tones,0,48977,8,1.0,45.0,-27.971995062744718,3.1342219392959265,2.9851790224602364,3.406503426567146,3.398666072145622,3.549337172150781,3.423067357988112,3.5005454857137184,0.3638628772189632,80.74951171875,1.4287433353080567,0.0384883359074592,0.0254715796818912,0.0312505587935447,1143.8686496163962,0.3274323771514047
anxiolytic.sleep.p3.g5,anxiolytic.sleep.p3,anxiolytic,sleep,relaxing bedtime music with warm soft tones,0,33030,8,1.0,45.0,-24.81309501499797,3.2572422462555664,3.2817388896578064,3.4146371906762703,3.1990212008922096,3.4376073285675575,3.1225293256583395,3.136713574785181,0.3316950594082593,107.666015625,1.5348614386792454,0.035586878657341,0.0251866014391003,0.0380336791276931,1558.2269699780866,0.3225276707500529
anxiolytic.sleep.p3.g7,anxiolytic.sleep.p3,anxiolytic,sleep,relaxing bedtime music with warm soft tones,0,55246,8,1.0,45.0,-21.320366364393323,3.2946995642440813,3.462773446613009,3.250951058397356,3.2056702732390017,3.060615096030376,3.643355829025249,3.6229630568840414,0.4072218367358125,123.046875,1.3818098262032086,0.0293746199458837,0.0731641717468028,0.0722415819764137,992.118217504507,0.1853520000015396
anxiolytic.sleep.p3.g9,anxiolytic.sleep.p3,anxiolytic,sleep,relaxing bedtime music with warm soft tones,0,37746,8,1.0,45.0,-22.095716857006,3.041937376791047,3.5087654874900407,3.0869428612902445,3.0709927131633363,3.015293109734943,3.517242268093693,3.50291532386412,0.4723941050090046,117.45383522727272,1.7670592780115728,0.0405797250568866,0.0528636281142257,0.0747629478573799,874.2488758332516,0.3711448490687378
anxiolytic.sleep.p3.g11,anxiolytic.sleep.p3,anxiolytic,sleep,relaxing bedtime music with warm soft tones,0,40666,8,1.0,45.0,-28.682841790498085,3.71896516679335,3.342511744923349,3.43068340335521,3.629843647203493,3.3744977470579762,3.5247502396622923,3.5778211338462365,0.3693108619294511,83.35433467741936,1.135670485392968,0.0374280773103237,0.0396063197363698,0.0262967031449079,916.9587978956356,0.2240180666949276
anxiolytic.sleep.p4.g1,anxiolytic.sleep.p4,anxiolytic,sleep,quiet dreamy music for sleeping through the night,0,29483,8,1.0,45.0,-24.98804606305425,2.8237765571223257,2.507377456672258,2.9449937052909396,2.894668453515189,2.9197814106575395,1.864340230627444,1.8881971330595888,0.4526890213731013,99.38401442307692,0.5007721656976744,0.0351884663105011,0.0915960932321132,0.0718130394816398,324.75614135273304,0.1762721771164633
anxiolytic.sleep.p4.g3,anxiolytic.sleep.p4,anxiolytic,sleep,quiet dreamy music for sleeping through the night,0,73306,8,1.0,45.0,-22.93561315693025,3.810903655252874,3.5339786627899894,3.597777020299707,3.803819373539225,3.6059245769976878,3.4859486161061737,3.457294511267233,0.4242275009816971,129.19921875,1.4313616071428572,0.0323653519153595,0.1580347934720208,0.067804254591465,865.3317694550095,0.1845901647207894
anxiolytic.sleep.p4.g5,anxiolytic.sleep.p4,anxiolytic,sleep,quiet dreamy music for sleeping through the night,0,41564,8,1.0,45.0,-25.482143250200814,3.3377327085874526,3.606214146904944,3.339671099569852,3.186888523892555,3.3508245761055564,2.785508788017463,2.842429807390748,0.3575059171916273,99.38401442307692,1.210410518549747,0.0844610258936882,0.0990629979576064,0.0481254048645496,714.1710482692474,0.0011494800329131
anxiolytic.sleep.p4.g7,anxiolytic.sleep.p4,anxiolytic,sleep,quiet dreamy music for sleeping through the night,0,20407,8,1.0,45.0,-24.55275403186537,2.3846489607093764,3.15393126841128,2.723220120162999,2.4442541176728563,2.7236139461644724,2.5686073135742817,2.5726583168265136,0.4449982009847384,143.5546875,1.5813253012048192,0.0382668673992157,0.015682991184522,0.0525468587875366,350.9503666429366,0.0003363303043821
anxiolytic.sleep.p4.g9,anxiolytic.sleep.p4,anxiolytic,sleep,quiet dreamy music for sleeping through the night,0,92420,8,1.0,45.0,-30.326171557339915,3.228016512444387,2.836325478201577,3.1348420668725208,3.1880769207615494,2.990783531984082,2.649930735225297,2.765569938180201,0.4479945297529636,123.046875,1.022222222222222,0.043207973241806,0.0608351010321158,0.0329525396227836,344.7906549603589,-0.2435822378319673
anxiolytic.sleep.p4.g11,anxiolytic.sleep.p4,anxiolytic,sleep,quiet dreamy music for sleeping through the night,0,24002,8,1.0,45.0,-32.55844892820147,3.3223706983743853,2.636296378813918,3.1351242801020316,2.960880133420579,2.9996614328049045,2.92453556889551,2.9383772569479167,0.3503676053358201,123.046875,1.0797991071428572,0.022043602541089,0.0507647224502064,0.0182458329945802,712.9407685974405,-0.2492205083174068
anxiolytic.sleep.p5.g1,anxiolytic.sleep.p5,anxiolytic,sleep,slow hushed music to drift off to sleep,0,30017,8,1.0,45.0,-23.55360942781879,2.750506809868807,3.448257536839168,2.982820246002402,2.742553357671816,3.0426358545598573,3.09167327332918,3.0923059250261256,0.2782647938645529,117.45383522727272,0.715082267675415,0.0369364582002162,0.1284199489981341,0.0407851748168468,477.1720162787965,0.2811970618557861
anxiolytic.sleep.p5.g3,anxiolytic.sleep.p5,anxiolytic,sleep,slow hushed music to drift off to sleep,0,88521,8,1.0,45.0,-27.662735279047787,3.2276100659316183,3.2786562832507853,3.108878376348517,2.7307454525716386,2.9655907287303904,2.842652054509625,2.8530524401887334,0.270012305109635,117.45383522727272,0.8530283893201285,0.0273187793791294,0.1446536550849286,0.0343486368656158,512.5884547800136,0.2494424304678354
anxiolytic.sleep.p5.g5,anxiolytic.sleep.p5,anxiolytic,sleep,slow hushed music to drift off to sleep,0,28410,8,1.0,45.0,-24.6097752402806,2.6332325574467497,2.9078436644695924,2.8376362514949345,2.754371894324606,2.8725774672433757,3.255102101923434,3.253512541045938,0.3505480882000195,123.046875,0.4505846468887665,0.0181014034897089,0.0793464755824588,0.0305342208594083,520.7134039411676,0.3935593887621242
anxiolytic.sleep.p5.g7,anxiolytic.sleep.p5,anxiolytic,sleep,slow hushed music to drift off to sleep,0,25374,8,1.0,45.0,-22.7727957825872,2.5519277950103523,3.4921765475807462,2.9146326457187373,2.5151611468349904,2.789984990398228,2.398196363063944,2.4003686034012715,0.4059719439261508,135.99917763157896,0.4611512864366448,0.031007619574666,0.0758616408014402,0.0500641539692878,736.4977991466641,-0.3267619084209335
anxiolytic.sleep.p5.g9,anxiolytic.sleep.p5,anxiolytic,sleep,slow hushed music to drift off to sleep,0,68411,8,1.0,45.0,-24.66071121055675,2.714959833377508,3.17158337846364,2.855144712130917,2.83772330114476,2.855484797860065,2.859090685619723,2.8768930752593613,0.3504636791100427,117.45383522727272,0.4483625856164384,0.050298199057579,0.1140612417470935,0.0494732148945331,624.1336928142374,-0.0447679300843923
anxiolytic.sleep.p5.g11,anxiolytic.sleep.p5,anxiolytic,sleep,slow hushed music to drift off to sleep,0,71599,8,1.0,45.0,-30.34014213958154,2.602050460734746,2.435884571631822,2.764699449509515,2.267361384163113,2.4903920154102126,2.824410142105523,2.826000060939781,0.3152002876944604,117.45383522727272,0.6538878435863874,0.025634828954935,0.1072168048812977,0.0226126238703727,538.056742681889,-0.276194516861475
anxiolytic.sleep.p6.g1,anxiolytic.sleep.p6,anxiolytic,sleep,tender nighttime music for restful sleep,0,69017,8,1.0,45.0,-28.92639775282017,3.1739712924248726,3.1141167878739804,3.111542233566751,3.170784173570305,3.174364049157136,3.321369839971056,3.381348063474817,0.3116463791170239,86.1328125,1.258069248826291,0.0397491604089736,0.04689815906476,0.0296742692589759,664.3158814930264,0.2472494079789843
anxiolytic.sleep.p6.g3,anxiolytic.sleep.p6,anxiolytic,sleep,tender nighttime music for restful sleep,0,149,8,1.0,45.0,-27.93877624645972,2.9450730172054533,3.0263391123925767,3.1854561390076315,2.954473774281597,3.222469375638461,3.242952483362095,3.2873907469519623,0.3128604476220322,80.74951171875,0.878421737183021,0.0584962517023086,0.0635252103065536,0.0301454942673444,518.2697505353004,0.2622148501447202
anxiolytic.sleep.p6.g5,anxiolytic.sleep.p6,anxiolytic,sleep,tender nighttime music for restful sleep,0,39111,8,1.0,45.0,-35.97483397741954,3.464181946016138,3.2905099579937485,3.6433969881439916,3.2775318110805465,3.5843634497062573,2.3243944094581983,2.3900137857560666,0.2780055566633581,151.99908088235293,2.5808424798071914,0.0740379467606544,0.0320252248965332,0.0111910384148359,1588.7814619259254,-0.0404178690388523
anxiolytic.sleep.p6.g7,anxiolytic.sleep.p6,anxiolytic,sleep,tender nighttime music for restful sleep,0,18789,8,1.0,45.0,-33.017066547947785,3.0920551176154345,2.578900492182576,3.2409515284487243,3.2537587972380737,3.0948183825929005,3.4735480285026985,3.5090928189199757,0.2876092535491719,151.99908088235293,0.4530921225670699,0.0461977794766426,0.0663616294644104,0.013342635706067,869.288452326335,0.2326902285991328
anxiolytic.sleep.p6.g9,anxiolytic.sleep.p6,anxiolytic,sleep,tender nighttime music for restful sleep,0,759,8,1.0,45.0,-26.366788898869828,3.2597160545317565,3.210169845139473,3.244358954059925,3.115542420507455,3.1671346759604333,3.3284443340039545,3.360128938370301,0.3205339500401188,75.99954044117646,1.4991470530063291,0.038050103932619,0.0662668737676677,0.0429665856063365,612.3794947834322,-0.036595472525124
anxiolytic.sleep.p6.g11,anxiolytic.sleep.p6,anxiolytic,sleep,tender nighttime music for restful sleep,0,63803,8,1.0,45.0,-28.68373793173828,3.351601122360752,2.9776192776728294,3.4330164079360537,3.250228774628051,3.394681979972212,3.490536959010627,3.547910163678732,0.3450280239741467,86.1328125,1.0444444444444445,0.0457718223333358,0.0485464017203809,0.0303214024752378,779.9283800173592,0.2157975374431767
anxiolytic.sleep.p7.g1,anxiolytic.sleep.p7,anxiolytic,sleep,soft slow instrumental for winding down at bedtime,0,91761,8,1.0,45.0,-27.57132658106237,3.3894617300098497,3.1453361051197453,3.5800058535121577,3.5403296366970123,3.5020397186332586,3.674237466614737,3.738055418301424,0.4756249766138383,89.10290948275862,1.4731427044361305,0.0428895726799964,0.0267214795118749,0.0300110410898923,1221.207476546964,0.15007039076956
anxiolytic.sleep.p7.g3,anxiolytic.sleep.p7,anxiolytic,sleep,soft slow instrumental for winding down at bedtime,0,87586,8,1.0,45.0,-21.698028135115766,4.040656381376412,3.5827117184091244,3.791992279722887,3.844170454707107,3.6110495667753923,2.7855801456643,2.756650813112002,0.4816400701951634,86.1328125,1.3877711469889067,0.034660454839468,0.0121813337005886,0.0603206120431423,1286.349318376548,0.2114283450397646
anxiolytic.sleep.p7.g5,anxiolytic.sleep.p7,anxiolytic,sleep,soft slow instrumental for winding down at bedtime,0,79082,8,1.0,45.0,-22.83314673053657,3.736786626079806,3.426619299058913,3.716814533240546,3.503446563927453,3.5671621531657207,3.646366075600716,3.643725210814119,0.4941592807596554,86.1328125,1.260591987094199,0.0334245823323726,0.0168947276529478,0.0542203783988952,1135.399391124518,0.1387856324319099
anxiolytic.sleep.p7.g7,anxiolytic.sleep.p7,anxiolytic,sleep,soft slow instrumental for winding down at bedtime,0,39899,8,1.0,45.0,-29.900542307993792,3.3875116829095764,3.111012842471857,3.5171824261231563,3.497369982057396,3.409383213776065,3.2538999643702784,3.3085185763072635,0.4610576028981648,86.1328125,1.4466751453488371,0.0337009094655513,0.0210974969507831,0.0235083401203155,1335.3451578498396,0.2115155322848612
anxiolytic.sleep.p7.g9,anxiolytic.sleep.p7,anxiolytic,sleep,soft slow instrumental for winding down at bedtime,0,9546,8,1.0,45.0,-19.66735344562604,3.94088242849496,3.720987333068621,3.841095355623062,3.5656398995994745,3.377490291025469,2.6554585664965225,2.6106105835535307,0.4628868098398475,80.74951171875,2.011793013307985,0.043804470449686,0.0294821627146033,0.0672435760498046,1435.9018923553328,0.0578542771286224
anxiolytic.sleep.p7.g11,anxiolytic.sleep.p7,anxiolytic,sleep,soft slow instrumental for winding down at bedtime,0,74608,8,1.0,45.0,-22.99824002695364,3.7849713145991206,3.4348802040946933,3.664311064757605,3.748826570229954,3.665949795030494,3.662299549628069,3.662664323331573,0.4276211512355124,64.599609375,1.0981456139135255,0.0295774210244417,0.0233003360998802,0.0505053140223026,1424.5211141706714,0.2700836816693436
anxiolytic.sleep.p8.g1,anxiolytic.sleep.p8,anxiolytic,sleep,tranquil sleep sounds with gentle melody,0,69246,8,1.0,45.0,-25.125407155956797,2.665109531331433,3.10637071015888,2.633190474637996,2.575846906937373,2.556923849877548,3.1138554166509023,3.1291439186630594,0.1927958575943364,86.1328125,0.9163065159574468,0.0250962171703577,0.0648613399912353,0.0484401769936084,441.5002802790832,0.1953022081223051
anxiolytic.sleep.p8.g3,anxiolytic.sleep.p8,anxiolytic,sleep,tranquil sleep sounds with gentle melody,0,58023,8,1.0,45.0,-29.425122880508084,4.122590038562141,4.226706635515916,4.244726165736511,3.823543052516696,4.19600938208597,4.287311032781126,4.381838540615102,0.2139977810627051,135.99917763157896,4.386182800131926,0.0366699658334255,0.1444956732060425,0.0357715599238872,1024.9055059383022,0.2728941295606075
anxiolytic.sleep.p8.g5,anxiolytic.sleep.p8,anxiolytic,sleep,tranquil sleep sounds with gentle melody,0,5007,8,1.0,45.0,-24.74668026697578,2.330218340129865,3.4190298513656434,2.5267443038958217,2.346162664946972,2.580370297071181,3.2331546319677846,3.25591363499099,0.2440667746010565,99.38401442307692,0.7479319852941176,0.0484530106186866,0.0288529257711353,0.0409532263875007,761.2889915771187,0.0138158742812434
anxiolytic.sleep.p8.g7,anxiolytic.sleep.p8,anxiolytic,sleep,tranquil sleep sounds with gentle melody,0,93621,8,1.0,45.0,-22.397875219433647,2.70664826575686,3.199346739069714,2.6472528550078867,2.657909311790445,2.6410066726556196,2.8025266636770194,2.79060670641794,0.2256940153964449,117.45383522727272,0.5454445725495595,0.0548757649958133,0.0179261977539851,0.0635483339428901,675.5402308446501,0.019068628413552
anxiolytic.sleep.p8.g9,anxiolytic.sleep.p8,anxiolytic,sleep,tranquil sleep sounds with gentle melody,0,19379,8,1.0,45.0,-25.572954358268728,3.75396620062081,3.2204383044735616,3.6731123303600826,3.931557776246039,3.6881260198157833,3.6093274175694585,3.656664964013296,0.2663302120883298,80.74951171875,1.3624225033512063,0.0379132702946662,0.0197688841153327,0.0406677722930908,1301.9952139611478,0.3541854736454403
anxiolytic.sleep.p8.g11,anxiolytic.sleep.p8,anxiolytic,sleep,tranquil sleep sounds with gentle melody,0,60626,8,1.0,45.0,-24.11871692911681,3.654243823151641,3.8538688151935583,3.653888231222593,3.69806884758378,3.7447036610576157,3.444408531038646,3.466105053619143,0.1358852087092533,60.09265988372093,0.9512182495858642,0.0622511990368366,0.051576262765925,0.0502186603844165,920.1216030580588,0.3167158266660556
anxiolytic.sleep.p9.g1,anxiolytic.sleep.p9,anxiolytic,sleep,delicate quiet music to help a baby sleep,0,2668,8,1.0,45.0,-24.851864950543483,3.843753745606268,3.3156359677687184,3.4528633824321253,3.4518273226198883,3.2836902430486363,3.4623598759550145,3.4874558867435344,0.2266170217284571,103.359375,1.6492528822815535,0.0497308559715747,0.0727711879159167,0.0548852197825908,807.2602462986075,0.220705618984686
anxiolytic.sleep.p9.g3,anxiolytic.sleep.p9,anxiolytic,sleep,delicate quiet music to help a baby sleep,0,88572,8,1.0,45.0,-18.314838040181296,3.679524337260671,3.3334064140797697,3.9247671130247155,3.5568534251616093,3.6393211923260957,3.867645940112738,3.7471114071670857,0.2811600265075515,49.69200721153846,1.2741540310650887,0.0385771766304969,0.0205131229217857,0.0810655802488327,1118.0694124276324,0.0277096759949744
anxiolytic.sleep.p9.g5,anxiolytic.sleep.p9,anxiolytic,sleep,delicate quiet music to help a baby sleep,0,94185,8,1.0,45.0,-25.26437602265016,3.337863203347094,3.098972273644917,3.2779069736725814,3.2704186633937384,3.3283920466116017,3.4382881479372527,3.4581412399323894,0.2987542923535125,117.45383522727272,1.4785741655313351,0.0305162593722343,0.0229406201764879,0.0448994524776935,825.5680512259784,0.1232755657552684
anxiolytic.sleep.p9.g7,anxiolytic.sleep.p9,anxiolytic,sleep,delicate quiet music to help a baby sleep,0,4160,8,1.0,45.0,-21.750734405083463,3.654862504658263,3.0744810522060817,3.9775550859656215,3.446492687394817,3.782695009303896,3.867105150585569,3.8408369075987294,0.2346993086375235,99.38401442307692,1.6431943159168567,0.0456141307950019,0.0263957100220387,0.0672687664628028,902.458805810242,0.307014343327772
anxiolytic.sleep.p9.g9,anxiolytic.sleep.p9,anxiolytic,sleep,delicate quiet music to help a baby sleep,0,99823,8,1.0,45.0,-21.67441193522159,3.5629042345619077,3.083417776637449,3.5568278595916545,3.589708699733196,3.380283711759226,3.764596682547588,3.7499397261880514,0.2891102430313548,60.09265988372093,1.63078125,0.0276025757193565,0.027168234383608,0.0689350068569183,757.270114370376,0.4200474879953708
anxiolytic.sleep.p9.g11,anxiolytic.sleep.p9,anxiolytic,sleep,delicate quiet music to help a baby sleep,0,8025,8,1.0,45.0,-20.38095368361552,3.750819823240381,3.1401367706339296,3.630844602726922,3.4552259129800618,3.3903234234522337,3.517363436274178,3.467753367932886,0.247847929349053,117.45383522727272,1.4409698799244468,0.0476806014776229,0.0299165304726961,0.0784870460629463,1065.0374053146802,0.3344153484395553
anxiolytic.anxiety_relief.p0.g1,anxiolytic.anxiety_relief.p0,anxiolytic,anxiety_relief,calming music to relieve anxiety and stress,0,36515,8,1.0,45.0,-21.54664389934271,2.8470290242606984,3.5089445554994736,3.006508586626969,2.8759072688092795,3.017195784235949,3.232144013143425,3.215796535792129,0.2753397551810786,89.10290948275862,2.887637506547931,0.0406751260161399,0.1220306099032692,0.0883003398776054,629.1465538136264,-0.0714622705605797
anxiolytic.anxiety_relief.p0.g3,anxiolytic.anxiety_relief.p0,anxiolytic,anxiety_relief,calming music to relieve anxiety and stress,0,90230,8,1.0,45.0,-21.67057705778729,2.517666274822619,2.940700360437189,2.737274475782603,2.535201643700313,2.7581497413877196,2.9185081852697303,2.921947175554531,0.229346719673016,129.19921875,0.3252047936893204,0.0187425054609775,0.1200390437193788,0.0509638041257858,416.0721628718907,0.2926440782383297
anxiolytic.anxiety_relief.p0.g5,anxiolytic.anxiety_relief.p0,anxiolytic,anxiety_relief,calming music to relieve anxiety and stress,0,14107,8,1.0,45.0,-23.16072802477477,3.262779699032741,3.135432688864696,3.2374296744872213,3.2503317640478477,3.2188188584563635,3.5677239747439837,3.582640916719132,0.2933594160340823,123.046875,6.793772601664847,0.0385791584849357,0.1411619153749202,0.073216289281845,358.20491426623835,0.2124799169945997
anxiolytic.anxiety_relief.p0.g7,anxiolytic.anxiety_relief.p0,anxiolytic,anxiety_relief,calming music to relieve anxiety and stress,0,72182,8,1.0,45.0,-18.17503632859832,3.4085058335051044,3.43479011947978,3.291810151643535,3.065319025529432,3.0093977351479397,2.667091166877867,2.65265246914634,0.2649146473687957,107.666015625,1.3481657608695652,0.034479908645153,0.1323634829883838,0.123524934053421,821.9841272005261,-0.0756527673422623
anxiolytic.anxiety_relief.p0.g9,anxiolytic.anxiety_relief.p0,anxiolytic,anxiety_relief,calming music to relieve anxiety and stress,0,77217,8,1.0,45.0,-35.862107301924965,3.3306306507910795,2.8510109662839613,3.2610463211335627,3.144444265444814,2.9396906998681933,3.057241069034811,3.084529181563834,0.2140007399566104,129.19921875,0.3712621228448275,0.0344688035547733,0.0649857354678819,0.0124764069914817,1172.4882727950064,0.1670585239048919
anxiolytic.anxiety_relief.p0.g11,anxiolytic.anxiety_relief.p0,anxiolytic,anxiety_relief,calming music to relieve anxiety and stress,0,80785,8,1.0,45.0,-26.90987964630256,2.434183221524698,2.827253260763609,2.754445012942038,2.981607083650005,2.7608750953005967,3.327388510506279,3.32230971635503,0.2077713432482194,135.99917763157896,0.2952865407436709,0.0342320948839187,0.0279697016905043,0.0172862857580184,808.7977641167506,-0.0845037227250812
anxiolytic.anxiety_relief.p1.g1,anxiolytic.anxiety_relief.p1,anxiolytic,anxiety_relief,soothing music for panic and anxious thoughts,0,92823,8,1.0,45.0,-24.39045053370801,3.4784979694593194,3.050555925009739,3.5956533765460037,3.774674041750511,3.8332321259906097,3.3561872104823567,3.371261728379236,0.179013460695544,112.34714673913044,0.9136794903956422,0.0306721497327089,0.0888065872611818,0.0360927581787109,837.3050050263537,0.1650635807963559
anxiolytic.anxiety_relief.p1.g3,anxiolytic.anxiety_relief.p1,anxiolytic,anxiety_relief,soothing music for panic and anxious thoughts,0,41395,8,1.0,45.0,-21.06549100879828,3.521202827916431,3.3993626738148093,3.4302841855211157,3.508207788270619,3.4488504371113864,2.9955543106257547,2.9787989002690214,0.3607242401807338,80.74951171875,0.8742112379807692,0.0326074063777923,0.1636812697609121,0.0808669552206993,920.5172282375836,-0.2962895733838492
anxiolytic.anxiety_relief.p1.g5,anxiolytic.anxiety_relief.p1,anxiolytic,anxiety_relief,soothing music for panic and anxious thoughts,0,6687,8,1.0,45.0,-20.827156113736358,3.430749715252941,3.2702204426415324,3.2551710544475143,3.1051371302642905,3.0406750197908856,3.026694161768741,3.001393469917785,0.2443945849117234,99.38401442307692,1.22021484375,0.0455186478793621,0.1774271417795084,0.0826524570584297,602.668380672072,0.2999029734702129
anxiolytic.anxiety_relief.p1.g7,anxiolytic.anxiety_relief.p1,anxiolytic,anxiety_relief,soothing music for panic and anxious thoughts,0,5469,8,1.0,45.0,-24.6141475218391,3.457885309946485,2.992499001032526,3.170213558933514,3.7081565154543306,3.255967599177091,3.082699915951137,3.08945332690234,0.2683189072500028,172.265625,1.0165357836787563,0.0196632239967584,0.0475541441821266,0.0389175713062286,768.8047594451918,0.0025158166224726
anxiolytic.anxiety_relief.p1.g9,anxiolytic.anxiety_relief.p1,anxiolytic,anxiety_relief,soothing music for panic and anxious thoughts,0,98965,8,1.0,45.0,-27.366359136383075,2.729987616465809,2.8958773619994225,2.7650359491080168,3.068963628783204,3.0060566083473796,2.6730871948753867,2.663704796721579,0.1980066148446798,89.10290948275862,0.5082944943669528,0.0420689061284065,0.0389165189151903,0.0225553419440984,602.5956500718353,0.0777495416050602
anxiolytic.anxiety_relief.p1.g11,anxiolytic.anxiety_relief.p1,anxiolytic,anxiety_relief,soothing music for panic and anxious thoughts,0,37074,8,1.0,45.0,-25.902646004718687,2.8511560707252346,3.540619384686645,2.9095648880369587,3.0739065817093136,2.9995125944172543,3.167895259997588,3.1921591422748072,0.1142644297810853,86.1328125,1.3736479252805671,0.0441946163773536,0.0600211383903906,0.0447492711246013,728.169633609211,-0.1742888997120457
anxiolytic.anxiety_relief.p2.g1,anxiolytic.anxiety_relief.p2,anxiolytic,anxiety_relief,peaceful music to calm my nerves,0,69985,8,1.0,45.0,-26.18269420892297,3.294135893989965,2.858132827786918,3.133447512525186,3.295585522909503,3.09713891431983,3.1444454076858817,3.187770927747211,0.4149402673863445,86.1328125,1.2666666666666666,0.0353837385773658,0.1737631708662249,0.0507558956742286,781.2452173679477,0.1133099208105471
anxiolytic.anxiety_relief.p2.g3,anxiolytic.anxiety_relief.p2,anxiolytic,anxiety_relief,peaceful music to calm my nerves,0,90102,8,1.0,45.0,-18.544151603684888,3.89825794831894,3.750383759348217,3.7811990369965636,3.3504835665195896,3.217413307832083,3.3919032116522416,3.3152490169160527,0.3123552498078077,99.38401442307692,1.9765899196814252,0.0449808575212955,0.106506709322252,0.1124895066022872,607.6859020286474,0.3468776898449095
anxiolytic.anxiety_relief.p2.g5,anxiolytic.anxiety_relief.p2,anxiolytic,anxiety_relief,peaceful music to calm my nerves,0,97623,8,1.0,45.0,-20.838437041168223,3.461971699552544,3.7923446641513534,3.2282399154055477,3.350193314356783,3.1855919194761366,3.7029280179735937,3.6744311754872143,0.3515869375527709,172.265625,2.715261358963816,0.0404825359582901,0.2025822351983779,0.0936895310878753,806.1743124404205,0.3327357440534088
anxiolytic.anxiety_relief.p2.g7,anxiolytic.anxiety_relief.p2,anxiolytic,anxiety_relief,peaceful music to calm my nerves,0,60944,8,1.0,45.0,-23.593746530119187,2.9851390818289123,3.5284799594105167,2.901104447828557,2.764281297529968,2.862198069417695,3.230987686119343,3.240744182949939,0.3927357788926951,112.34714673913044,2.8209436408296944,0.0431642048060894,0.1804286039731174,0.0684188231825828,624.5672611273689,-0.0560152581924308
anxiolytic.anxiety_relief.p2.g9,anxiolytic.anxiety_relief.p2,anxiolytic,anxiety_relief,peaceful music to calm my nerves,0,31510,8,1.0,45.0,-21.737146554231085,3.705211328332104,3.437865601279689,3.4693076625001433,3.666056885690864,3.4471427223413635,2.989326103328194,2.9793621918491526,0.3666982051043406,123.046875,0.918419038184438,0.0326608754694461,0.154067149601006,0.077219508588314,657.2568801602108,0.22193131684519
anxiolytic.anxiety_relief.p2.g11,anxiolytic.anxiety_relief.p2,anxiolytic,anxiety_relief,peaceful music to calm my nerves,0,40771,8,1.0,45.0,-23.2630090394614,3.0337529697858048,4.280053623418952,3.1141691134814957,3.0474170378152228,3.135147611507732,3.5249306516991274,3.5279219503392536,0.306189596346795,129.19921875,3.109828022428884,0.0391296781599521,0.1203526889010244,0.0710772946476936,883.5137153157694,-0.0975770620625667
anxiolytic.anxiety_relief.p3.g1,anxiolytic.anxiety_relief.p3,anxiolytic,anxiety_relief,gentle reassuring music for stress relief,0,63306,8,1.0,45.0,-24.60589908208195,2.770201568268256,3.387082172345063,2.896399208423171,2.694211586932934,2.7769191452368123,3.187643348078865,3.2115301298558574,0.2524848577835564,60.09265988372093,1.427200672238372,0.0440587811172008,0.1090713866569612,0.0580913498997688,522.685590565503,-0.2687984261252212
anxiolytic.anxiety_relief.p3.g3,anxiolytic.anxiety_relief.p3,anxiolytic,anxiety_relief,gentle reassuring music for stress relief,0,91446,8,1.0,45.0,-21.14229919230814,3.53602128498981,3.7171277345320695,3.433207646160143,3.287160619786247,3.1135993667458735,3.733492749988936,3.680471049411363,0.3664816018254434,86.1328125,1.9333333333333331,0.0385766178369522,0.1262429650496894,0.0924667716026306,672.3002411610306,0.1345715968067986
anxiolytic.anxiety_relief.p3.g5,anxiolytic.anxiety_relief.p3,anxiolytic,anxiety_relief,gentle reassuring music for stress relief,0,33821,8,1.0,45.0,-21.680062598313235,4.69200649746425,4.454821010317824,4.4116450776323655,4.258745468120012,4.2344154288183615,4.493997661146432,4.448398308493628,0.1645706988459623,86.1328125,2.977777777777778,0.0463552176952362,0.1909051288894215,0.0843987390398979,1329.544358011742,0.3269281453476518
anxiolytic.anxiety_relief.p3.g7,anxiolytic.anxiety_relief.p3,anxiolytic,anxiety_relief,gentle reassuring music for stress relief,0,43695,8,1.0,45.0,-24.263981297617864,3.67599923894636,3.245878509662363,3.4430971884972785,3.842731748830398,3.661503789153065,3.6606599200664505,3.6869931620073615,0.2660084960184763,129.19921875,2.045487545172948,0.0391445010900497,0.1294978681264413,0.0573222152888774,511.2724381716493,0.3499973201193985
anxiolytic.anxiety_relief.p3.g9,anxiolytic.anxiety_relief.p3,anxiolytic,anxiety_relief,gentle reassuring music for stress relief,0,18226,8,1.0,45.0,-23.03283695066671,3.6620570750944834,3.732608629253402,3.5912740026938743,3.6620570750944834,3.588331598507545,3.4128983531059767,3.4127086639686883,0.174451589409899,89.10290948275862,1.8986265120967745,0.0310037322342395,0.1630349971157411,0.0617908760905265,582.6316615761718,0.168165896365775
anxiolytic.anxiety_relief.p3.g11,anxiolytic.anxiety_relief.p3,anxiolytic,anxiety_relief,gentle reassuring music for stress relief,0,37860,8,1.0,45.0,-22.890041638507583,3.0939642692998364,3.1418558206451253,3.4020206748976314,3.042386759776851,3.3976079453811914,2.838685260519387,2.8383477272380944,0.1943632660352662,92.28515625,1.3595066713483146,0.0455506443977355,0.0708225996166735,0.0600862056016922,653.0149534106586,0.2543800332640523
anxiolytic.anxiety_relief.p4.g1,anxiolytic.anxiety_relief.p4,anxiolytic,anxiety_relief,tranquil music to ease tension and worry,0,56708,8,1.0,45.0,-19.83388493874271,3.541260376944081,3.855971886345193,3.414603780313377,3.52830210107011,3.2952899237193245,3.778831631281264,3.76666522458756,0.4154869561503078,123.046875,5.552440242416035,0.0430903583765029,0.0741435324187682,0.0835100784897804,1311.886368566748,-0.1457330293615488
anxiolytic.anxiety_relief.p4.g3,anxiolytic.anxiety_relief.p4,anxiolytic,anxiety_relief,tranquil music to ease tension and worry,0,92891,8,1.0,45.0,-20.688778551543884,3.2495613088107147,3.1258803729974107,3.108948071203737,3.1381391600897715,3.014071610610339,2.7515667093728755,2.710066189077855,0.3359775740111354,117.45383522727272,0.689596381069215,0.0606776103377342,0.034772884278177,0.0847447961568832,727.8337116483817,-0.0338717951156133
anxiolytic.anxiety_relief.p4.g5,anxiolytic.anxiety_relief.p4,anxiolytic,anxiety_relief,tranquil music to ease tension and worry,0,27727,8,1.0,45.0,-19.687677202605364,2.950396626421869,3.520652121697984,3.1540329877337903,2.94589704462118,2.9491319644344633,3.287483300340898,3.2028823162669333,0.3514537421201066,86.1328125,3.133349790892193,0.0451830253005027,0.1524678891845491,0.1064020991325378,632.0546137972555,-0.2693183222244887
anxiolytic.anxiety_relief.p4.g7,anxiolytic.anxiety_relief.p4,anxiolytic,anxiety_relief,tranquil music to ease tension and worry,0,48948,8,1.0,45.0,-18.784078336601656,4.166543355736394,3.800059378534693,4.196376913770129,4.162750190167484,3.8806609407089176,3.107146013397617,3.008981907910645,0.3152161613192483,123.046875,2.4474897540983607,0.0566073283553123,0.1132781561798688,0.1009622886776924,1611.323886176192,0.009921378057238
anxiolytic.anxiety_relief.p4.g9,anxiolytic.anxiety_relief.p4,anxiolytic,anxiety_relief,tranquil music to ease tension and worry,0,32630,8,1.0,45.0,-17.462882416259568,3.332128077669612,3.108837238509631,3.3193216458324386,3.0995605528426786,2.9958656098760885,3.161416463748412,2.9831516236904605,0.2360398468995039,123.046875,5.548007246376812,0.0733922868967056,0.1062321000780064,0.1313953101634979,592.309157963722,-0.008545952555175
anxiolytic.anxiety_relief.p4.g11,anxiolytic.anxiety_relief.p4,anxiolytic,anxiety_relief,tranquil music to ease tension and worry,0,52355,8,1.0,45.0,-20.299158226053297,2.6788192488838387,2.9810359307735155,2.83763607181426,2.6528985409059667,2.8154343331365608,2.1567229803312107,2.121752009283492,0.3788540811152485,123.046875,0.3955315538897893,0.0430688597261905,0.3165037286544997,0.0904648303985595,945.080252552424,0.0301447548855817
anxiolytic.anxiety_relief.p5.g1,anxiolytic.anxiety_relief.p5,anxiolytic,anxiety_relief,comforting slow music for when I feel overwhelmed,0,40487,8,1.0,45.0,-19.70931835627319,3.899661947459464,3.484186133598261,3.977138343263141,3.0100810049431166,3.195523506877592,3.655093808432307,3.5846109138519218,0.2892178466537938,129.19921875,2.6236943434412736,0.035464771091938,0.1296613382719656,0.0921946838498115,675.7010955756998,0.2642267122622006
anxiolytic.anxiety_relief.p5.g3,anxiolytic.anxiety_relief.p5,anxiolytic,anxiety_relief,comforting slow music for when I feel overwhelmed,0,29539,8,1.0,45.0,-22.77257577636806,3.088357713745796,2.9953783044777067,2.8483776987013725,2.935610472287004,2.795666980340349,3.0214002739649213,3.0198176894594644,0.4023193298512019,64.599609375,0.9998429537089468,0.0243286788463592,0.0864551850158325,0.0654323399066925,513.5118662345494,-0.0470226516685863
anxiolytic.anxiety_relief.p5.g5,anxiolytic.anxiety_relief.p5,anxiolytic,anxiety_relief,comforting slow music for when I feel overwhelmed,0,17886,8,1.0,45.0,-21.373465357671783,4.010594445089825,4.107191846225303,3.8259967501670324,3.755751360127788,3.6227566794517174,3.729353663404273,3.711061946965354,0.4594543821335077,135.99917763157896,2.3837494234317345,0.0282091218978166,0.1730070670975114,0.0838284268975257,994.4276463637063,0.3710943225453792
anxiolytic.anxiety_relief.p5.g7,anxiolytic.anxiety_relief.p5,anxiolytic,anxiety_relief,comforting slow music for when I feel overwhelmed,0,44578,8,1.0,45.0,-25.721363647783637,3.347018445204848,3.7017021401298025,3.4336699969643667,3.419138079614973,3.431766315629786,3.303069442559468,3.3151351859071045,0.3603570374435931,129.19921875,1.6503137303149606,0.0228107646107673,0.1713312335660952,0.0410389341413974,525.0433188771711,0.2911221326610456
anxiolytic.anxiety_relief.p5.g9,anxiolytic.anxiety_relief.p5,anxiolytic,anxiety_relief,comforting slow music for when I feel overwhelmed,0,45535,8,1.0,45.0,-21.859464559274155,3.142634594705972,3.553194166632835,3.2342399827253567,3.0706661827619204,3.1463200568437086,3.145614223811162,3.149775794632132,0.4046437920629255,129.19921875,1.2057683736133122,0.0197886135429143,0.1703970617549139,0.059097733348608,468.7675165074481,0.3264330662248782
anxiolytic.anxiety_relief.p5.g11,anxiolytic.anxiety_relief.p5,anxiolytic,anxiety_relief,comforting slow music for when I feel overwhelmed,0,64114,8,1.0,45.0,-24.59215532266476,3.17728547324698,3.632073712643286,3.0885918597890027,3.2643440089555327,3.223263177762611,3.1330238493161,3.133582392217622,0.371128044420573,129.19921875,1.19563784363092,0.0210641212761402,0.1248420568522344,0.0439321286976337,466.3082330333884,0.167358147185852
anxiolytic.anxiety_relief.p6.g1,anxiolytic.anxiety_relief.p6,anxiolytic,anxiety_relief,soft grounding music to slow my racing heart,0,38356,8,1.0,45.0,-28.62359150607941,3.7676618662674897,2.789639439794048,3.677281447713878,3.845715218799176,3.7001449561136965,3.2982044394804326,3.3467960665663385,0.2254409787784652,123.046875,1.6942658492822968,0.0311645530164241,0.1095650535696742,0.0330920740962028,556.0060012523927,0.1779531589058366
anxiolytic.anxiety_relief.p6.g3,anxiolytic.anxiety_relief.p6,anxiolytic,anxiety_relief,soft grounding music to slow my racing heart,0,65735,8,1.0,45.0,-19.959214313962523,4.013663624687125,3.919961466563752,3.9978714593288656,3.2466343489181493,3.3942852931406478,3.867113442715781,3.7953853661763497,0.3160996057091663,117.45383522727272,2.858175442913386,0.0396040789783,0.1486693827984441,0.102226622402668,954.6903154793198,0.0451848990523349
anxiolytic.anxiety_relief.p6.g5,anxiolytic.anxiety_relief.p6,anxiolytic,anxiety_relief,soft grounding music to slow my racing heart,0,71436,8,1.0,45.0,-18.45523354557661,3.736705145916568,4.179749817664281,3.7068707576039026,3.1621440132575613,3.437446011659984,3.458847797555993,3.387420367694615,0.2647240913082813,123.046875,1.495691066014333,0.0301278941333293,0.1502049464980724,0.12137071788311,781.6538556634562,0.1908757006852597
anxiolytic.anxiety_relief.p6.g7,anxiolytic.anxiety_relief.p6,anxiolytic,anxiety_relief,soft grounding music to slow my racing heart,0,98783,8,1.0,45.0,-17.84559792798838,2.793292222343458,3.2150829223301165,3.2405380463249136,2.73553633036746,3.0246084824764603,3.352043132935557,3.264666415118275,0.2844994065300757,143.5546875,1.0492874404131356,0.0330755636096,0.1249880699461285,0.1235357895493507,456.3079003005263,0.3027648053480474
anxiolytic.anxiety_relief.p6.g9,anxiolytic.anxiety_relief.p6,anxiolytic,anxiety_relief,soft grounding music to slow my racing heart,0,25409,8,1.0,45.0,-16.644251570659655,4.147518254786614,4.25682851144673,4.2835367343339685,3.3596294792919585,3.547356053211221,4.364731377306721,4.262531747099449,0.2530578523166326,129.19921875,3.286646792763158,0.030454384163022,0.1708352386147757,0.1508663594722747,1401.475545414289,0.3297690980767982
anxiolytic.anxiety_relief.p6.g11,anxiolytic.anxiety_relief.p6,anxiolytic,anxiety_relief,soft grounding music to slow my racing heart,0,82952,8,1.0,45.0,-17.840076505886614,4.666429200934871,3.985006217398078,4.400490284524386,3.384119801906744,3.524291870850983,3.945290849614496,3.763608449647866,0.2612548467884583,123.046875,2.167153205299786,0.039870373904705,0.1742700183787824,0.1327030658721923,1118.7912246432911,-0.1105308805222252
anxiolytic.anxiety_relief.p7.g1,anxiolytic.anxiety_relief.p7,anxiolytic,anxiety_relief,warm gentle music to feel safe and relaxed,0,21873,8,1.0,45.0,-23.157233519143283,3.5525944588882714,3.53532338797888,3.512917292284809,3.517130774897756,3.512238474494231,3.398552641829411,3.3994584435034554,0.3460688793815855,86.1328125,1.6459935373036647,0.0395232364535331,0.0837457807082814,0.0561907179653644,662.827877664346,0.30676298512884
anxiolytic.anxiety_relief.p7.g3,anxiolytic.anxiety_relief.p7,anxiolytic,anxiety_relief,warm gentle music to feel safe and relaxed,0,23394,8,1.0,45.0,-21.156472154417195,3.1012704172344017,3.7087171157210257,3.1564431531642616,2.962973694098241,2.9679743700772727,3.63988546821113,3.6145278819723208,0.4069207306607367,117.45383522727272,2.0809397977941173,0.0370123572647571,0.2154898820763693,0.08737563341856,729.9457844943505,0.2122986517128179
anxiolytic.anxiety_relief.p7.g5,anxiolytic.anxiety_relief.p7,anxiolytic,anxiety_relief,warm gentle music to feel safe and relaxed,0,53725,8,1.0,45.0,-27.702001821429388,3.0566054756522574,3.249625606158168,3.2134364371742485,2.826388134176603,3.0830181689046485,3.362481072125799,3.3999700778011217,0.3211474010800982,172.265625,1.5333333333333334,0.0360063873231411,0.0961590595728804,0.0346766784787178,598.4720843628695,0.300625646972348
anxiolytic.anxiety_relief.p7.g7,anxiolytic.anxiety_relief.p7,anxiolytic,anxiety_relief,warm gentle music to feel safe and relaxed,0,93349,8,1.0,45.0,-20.810511644799817,4.418820836410503,4.161039097295522,4.15939185332824,4.013413033654015,3.8186498774407367,4.562215081382585,4.475959308416536,0.3383642633371027,172.265625,3.911111111111111,0.0514155849814415,0.1473833743191244,0.1002626493573188,1376.3359884657705,-0.0076532162292431
anxiolytic.anxiety_relief.p7.g9,anxiolytic.anxiety_relief.p7,anxiolytic,anxiety_relief,warm gentle music to feel safe and relaxed,0,49705,8,1.0,45.0,-21.33250730412131,3.5491350274249247,4.810569988932671,3.9711586006807367,3.484828029870888,3.797112505490363,4.220241274669951,4.184973545910493,0.326885600173555,172.265625,3.779343060299527,0.0342864654958248,0.1748014818422822,0.092376708984375,1297.4429179646856,0.1353893461519365
anxiolytic.anxiety_relief.p7.g11,anxiolytic.anxiety_relief.p7,anxiolytic,anxiety_relief,warm gentle music to feel safe and relaxed,0,96736,8,1.0,45.0,-25.34980309133581,2.8513077535869518,2.619263144682328,2.8440803154943084,2.921715644379804,2.8010933676510503,3.0196767008767518,3.0172652258303394,0.3062683936871093,129.19921875,0.6438117325146823,0.0277179684489965,0.0728891367779206,0.0342759303748607,547.78994100604,0.352968739594773
anxiolytic.anxiety_relief.p8.g1,anxiolytic.anxiety_relief.p8,anxiolytic,anxiety_relief,quiet consoling music for a stressful day,0,70513,8,1.0,45.0,-20.860355173430797,3.174417274675478,4.288451446950331,3.0743651964000094,3.153519465430043,3.0383336435036554,3.885379661666307,3.851822321259011,0.3434750042982369,123.046875,6.2833840854632586,0.045696523040533,0.0776336043181649,0.0885943844914436,925.256792494976,0.1241651037792715
anxiolytic.anxiety_relief.p8.g3,anxiolytic.anxiety_relief.p8,anxiolytic,anxiety_relief,quiet consoling music for a stressful day,0,4498,8,1.0,45.0,-30.162166995115246,3.372768707820946,2.8067688250602774,3.2653978203717493,2.9827658527223817,3.0961397685234706,3.0192668654476917,3.049765814913304,0.3014629659894262,123.046875,1.46407761833159,0.0310878716409206,0.0759330154301166,0.029097469523549,1184.994489742534,0.100697595313728
anxiolytic.anxiety_relief.p8.g5,anxiolytic.anxiety_relief.p8,anxiolytic,anxiety_relief,quiet consoling music for a stressful day,0,45747,8,1.0,45.0,-30.55720828523431,3.9946674097104937,3.0511463245463664,3.906430079964765,3.9354557899378095,3.740658348682836,3.37394222649335,3.410182760643592,0.3168013281516006,123.046875,4.076552972560976,0.0349112711846828,0.1045280916760446,0.0295485965907573,896.9831914190302,0.1049698453805099
anxiolytic.anxiety_relief.p8.g7,anxiolytic.anxiety_relief.p8,anxiolytic,anxiety_relief,quiet consoling music for a stressful day,0,57433,8,1.0,45.0,-19.72935921172546,3.5451953044504005,4.1467693399484284,3.8995232198794127,3.514099245496992,3.7796074264621664,3.945209248410128,3.9009025676170994,0.350405108626568,123.046875,4.232627467105263,0.0421152748167514,0.1245577846814326,0.1021366268396377,965.1911729579527,0.2895105586867136
anxiolytic.anxiety_relief.p8.g9,anxiolytic.anxiety_relief.p8,anxiolytic,anxiety_relief,quiet consoling music for a stressful day,0,15395,8,1.0,45.0,-30.803553232941645,3.053483069389631,3.417228771944413,3.0385176828141356,2.7315760487937317,2.799001407354886,3.2066089597419865,3.223794956801755,0.3634126019911857,123.046875,2.4687748805732483,0.029161624610424,0.122266704264912,0.0241279769688844,1180.2672675061517,-0.3258358722915073
anxiolytic.anxiety_relief.p8.g11,anxiolytic.anxiety_relief.p8,anxiolytic,anxiety_relief,quiet consoling music for a stressful day,0,20682,8,1.0,45.0,-21.856274151027264,3.5786417814285216,3.152744548650406,3.442744260733724,3.540266382928421,3.5043563863440084,2.7743727612890035,2.7730642369798093,0.3696784593746831,123.046875,0.7702934451219512,0.0329229049384593,0.0859161668529796,0.072857066988945,1554.7712744567757,0.0116764542937768
anxiolytic.anxiety_relief.p9.g1,anxiolytic.anxiety_relief.p9,anxiolytic,anxiety_relief,serene music that helps anxiety melt away,0,75083,8,1.0,45.0,-20.60676058552413,2.941970268998965,3.7055258185029767,3.4068236872896103,2.668015148178564,3.1675976667855394,2.8198311398421017,2.805587484434146,0.2891953757013966,123.046875,0.1026001340083383,0.0303476136177778,0.3437910081753881,0.0948621332645416,1111.2417144612537,0.0791734963921628
anxiolytic.anxiety_relief.p9.g3,anxiolytic.anxiety_relief.p9,anxiolytic,anxiety_relief,serene music that helps anxiety melt away,0,9032,8,1.0,45.0,-22.90613938068128,3.236476218652153,3.28179278520686,3.5141627391487873,3.2007416469502155,3.5145324175012362,3.5354593901963334,3.5421947582210223,0.4348601098480378,129.19921875,5.448509000672948,0.0343834869563579,0.1036216805150449,0.0539219081401824,1587.92711770561,-0.0050733570217557
anxiolytic.anxiety_relief.p9.g5,anxiolytic.anxiety_relief.p9,anxiolytic,anxiety_relief,serene music that helps anxiety melt away,0,75370,8,1.0,45.0,-22.9410322149657,3.845627196793841,4.103026252233869,4.177916140320522,3.757009865772715,4.156572185716298,3.997665526755396,3.9979984266654496,0.3691661794268356,107.666015625,4.896019245016164,0.0576477944850921,0.1200772858275992,0.0526111386716365,1586.2052980952624,-0.033288887968869
anxiolytic.anxiety_relief.p9.g7,anxiolytic.anxiety_relief.p9,anxiolytic,anxiety_relief,serene music that helps anxiety melt away,0,82023,8,1.0,45.0,-21.65677330791621,5.837422935185822,5.540599936167695,5.625748245213406,5.8959181254862685,5.628236694323835,5.735657034271767,5.655169850655534,0.0641665198260536,129.19921875,4.627155807783019,0.0534503795206546,0.3095554179746139,0.0629812479019165,3316.797078616149,-0.1239789111957981
anxiolytic.anxiety_relief.p9.g9,anxiolytic.anxiety_relief.p9,anxiolytic,anxiety_relief,serene music that helps anxiety melt away,0,7929,8,1.0,45.0,-28.925220515891507,2.9161311206916145,2.9277682541176087,2.844937813984978,2.5946001933279006,2.6344355253269223,2.495061808278101,2.5022379171349365,0.3274045583311952,123.046875,1.0187752016129032,0.0473325364291667,0.0662834920254692,0.0306994393467903,563.222054768553,-0.0033672939124647
anxiolytic.anxiety_relief.p9.g11,anxiolytic.anxiety_relief.p9,anxiolytic,anxiety_relief,serene music that helps anxiety melt away,0,80093,8,1.0,45.0,-28.932966333368395,2.9793844763206496,2.716220364176587,3.0035442364708476,2.5437328355237896,2.718558479871418,3.0294964393018318,3.021936529535809,0.3015156087244395,151.99908088235293,0.8212326486259114,0.0333560220897197,0.1035583819004599,0.0198606494814157,680.7579247621002,-0.2096340201196491
anxiolytic.meditation.p0.g1,anxiolytic.meditation.p0,anxiolytic,meditation,slow meditation music with soft sustained tones,0,46385,8,1.0,45.0,-20.940904336498832,3.734327390534521,4.253418219135783,3.5223536301243583,4.07525105094293,3.662214227885486,4.280187337155862,4.244605700994741,0.2357377556589232,129.19921875,7.393862668383519,0.0519395396113395,0.0838293069079088,0.0852007567882537,779.794862326068,0.2654670676047096
anxiolytic.meditation.p0.g3,anxiolytic.meditation.p0,anxiolytic,meditation,slow meditation music with soft sustained tones,0,15510,8,1.0,45.0,-19.90617901095401,3.109416223486914,3.628447305856852,3.273119278225775,2.902091972225895,3.079661623363394,3.9871878972144223,3.910914213534928,0.3007204469152602,123.046875,6.094725546305932,0.0624533109366893,0.0659373244428988,0.1039448380470275,542.1365209953137,0.0421231182783522
anxiolytic.meditation.p0.g5,anxiolytic.meditation.p0,anxiolytic,meditation,slow meditation music with soft sustained tones,0,57844,8,1.0,45.0,-19.789607900027143,3.479356248058943,3.722266260339614,3.595293777025681,3.3015469614677504,3.2596088502480915,3.3704892447061283,3.310787365680607,0.2348680791890363,123.046875,4.007248495989305,0.0511025227606296,0.0701227657454626,0.0957347527146339,650.8220342403633,-0.0565674526140655
anxiolytic.meditation.p0.g7,anxiolytic.meditation.p0,anxiolytic,meditation,slow meditation music with soft sustained tones,0,35,8,1.0,45.0,-21.865737460110733,3.028509431435253,3.327051772034996,3.1097588682991457,3.0425257063571176,3.074005746714064,3.800151178465661,3.764135619409945,0.2590661035490861,129.19921875,7.081282405004232,0.0441381335258483,0.2104056700161993,0.0850532054901123,452.86892799350994,-0.0991489977120676
anxiolytic.meditation.p0.g9,anxiolytic.meditation.p0,anxiolytic,meditation,slow meditation music with soft sustained tones,0,24206,8,1.0,45.0,-20.769853862428658,2.968088080120666,3.378050888600624,3.029530629682866,2.882056975604239,2.9853363418185874,3.70289900521327,3.705927010435888,0.324586620651549,123.046875,6.766271894904459,0.0324035212397575,0.1064211023626387,0.0775906890630722,560.1239812964667,0.1785898265036288
anxiolytic.meditation.p0.g11,anxiolytic.meditation.p0,anxiolytic,meditation,slow meditation music with soft sustained tones,0,52451,8,1.0,45.0,-21.177820037683716,3.177836328344034,4.143247765685644,3.027060861178101,2.9924515138283767,3.0196023854237,3.6911391220677663,3.6698555859728623,0.2973407447534776,123.046875,7.353922091782284,0.0418092533946037,0.0556152108549398,0.0877505391836166,378.7714626919594,0.0847353036594336
anxiolytic.meditation.p1.g1,anxiolytic.meditation.p1,anxiolytic,meditation,peaceful ambient music for mindfulness meditation,0,7165,8,1.0,45.0,-17.52679632159278,3.8907960334941336,4.229292120023615,3.746598035417287,3.268786311969117,2.991557579195135,3.864312046528494,3.752342374539024,0.4226434134361772,123.046875,3.090781662269129,0.0492917373776435,0.0467616644807634,0.1236641258001327,1127.1692480528247,0.2483610399300823
anxiolytic.meditation.p1.g3,anxiolytic.meditation.p1,anxiolytic,meditation,peaceful ambient music for mindfulness meditation,0,50091,8,1.0,45.0,-17.38206080394627,3.813350272029635,3.524865380699422,3.749907390389528,3.134429787353448,3.334394370698719,4.052118576427692,3.940182823680465,0.3029200612209979,123.046875,5.965811634213278,0.0474050380289554,0.1566663318778005,0.1305468082427978,629.1491947679418,0.3422629467162068
anxiolytic.meditation.p1.g5,anxiolytic.meditation.p1,anxiolytic,meditation,peaceful ambient music for mindfulness meditation,0,7110,8,1.0,45.0,-16.64943177633957,3.7933391655911017,3.6997536975672505,3.630359551821738,3.313824936275231,3.281628106743029,3.243672021169986,3.0798966144908952,0.1802668975140166,123.046875,4.9069024820243365,0.0472284518182277,0.0299461302528679,0.1407541036605835,517.0770385679566,0.0334819977697113
anxiolytic.meditation.p1.g7,anxiolytic.meditation.p1,anxiolytic,meditation,peaceful ambient music for mindfulness meditation,0,31336,8,1.0,45.0,-20.790897569435717,3.024207621105911,3.9457331719322566,3.164555600283333,3.063161959127809,3.194183253348169,4.019270002800203,3.984152344210054,0.2747679811810338,129.19921875,7.46392793062201,0.0386718399822711,0.2594564195018727,0.0920232459902763,425.54534856132494,0.3054455982510384
anxiolytic.meditation.p1.g9,anxiolytic.meditation.p1,anxiolytic,meditation,peaceful ambient music for mindfulness meditation,0,2101,8,1.0,45.0,-19.83313839726013,3.2179720309499413,3.022540345577481,3.1624518032366415,3.11804454269329,3.0191597021000556,3.1823197916236943,3.0961845435665256,0.1597265396742089,123.046875,0.2222222222222222,0.0667186751961708,0.2108505598035616,0.1039180010557174,737.2640438908959,0.2527232298788617
anxiolytic.meditation.p1.g11,anxiolytic.meditation.p1,anxiolytic,meditation,peaceful ambient music for mindfulness meditation,0,98861,8,1.0,45.0,-17.681877096240562,3.035714721119484,3.969811508221013,3.453622463885715,3.049803308577303,3.0886675298959645,4.087259278068461,3.9444716868370095,0.3775680286427431,123.046875,6.377777777777778,0.0409986078739166,0.433913511399584,0.1433784514665603,557.1235764925478,-0.2566039264660121
anxiolytic.meditation.p2.g1,anxiolytic.meditation.p2,anxiolytic,meditation,"serene meditative soundscape, gentle and warm",0,33865,8,1.0,45.0,-20.1956754198147,2.9330224103195865,3.277499966726892,3.159637923065447,2.9412592698306668,3.1326436866639478,3.180570062064448,3.1421440802161174,0.4285168941504167,123.046875,4.455145474137932,0.0391127727925777,0.0792559839664835,0.1025330051779747,380.0177916948174,0.3463349211328779
anxiolytic.meditation.p2.g3,anxiolytic.meditation.p2,anxiolytic,meditation,"serene meditative soundscape, gentle and warm",0,43329,8,1.0,45.0,-18.35824910073398,3.287437440952945,3.047310517365532,3.4110070182142955,3.0014753322305205,3.2130273121350315,2.9794499397893333,2.9144405215682365,0.4153789277691303,123.046875,4.08288907672737,0.0340569764375686,0.1804423938599303,0.1268119364976883,391.884438058225,0.2099239915903175
anxiolytic.meditation.p2.g5,anxiolytic.meditation.p2,anxiolytic,meditation,"serene meditative soundscape, gentle and warm",0,54217,8,1.0,45.0,-21.71433469398076,2.931165340393717,3.318269568107068,3.4084853505059707,2.904709945219182,3.412528795198648,3.804199324777004,3.7905270244749154,0.4103914441768061,123.046875,5.935434194711538,0.0467063635587692,0.171281535260845,0.0840677395462989,598.9768515044394,0.33515869701662
anxiolytic.meditation.p2.g7,anxiolytic.meditation.p2,anxiolytic,meditation,"serene meditative soundscape, gentle and warm",0,92560,8,1.0,45.0,-20.35864247398292,3.2352815379319475,3.4230497992277558,3.327188357903585,3.1740048271229853,3.2345398495584554,2.5644797036289524,2.5278510223484694,0.3725489298283217,117.45383522727272,0.635948113555818,0.0699400603771209,0.0790675822204266,0.0779584944248199,837.1729447878062,-0.0941813702183355
anxiolytic.meditation.p2.g9,anxiolytic.meditation.p2,anxiolytic,meditation,"serene meditative soundscape, gentle and warm",0,19571,8,1.0,45.0,-18.1423779356051,4.065414450101139,3.988317911173516,4.0847571468392045,3.535696054394276,3.5763635623546315,4.201762057241438,4.130427656745583,0.3596113320569231,123.046875,5.789692670630817,0.0377215258777141,0.2644482772362954,0.1282416880130767,855.4568365353223,0.3196987668791329
anxiolytic.meditation.p2.g11,anxiolytic.meditation.p2,anxiolytic,meditation,"serene meditative soundscape, gentle and warm",0,23049,8,1.0,45.0,-19.28396675273469,3.2998682232386267,3.595589881688684,3.2150556475093395,3.084905025419204,3.0907681135752947,3.50567779573934,3.4246161226894665,0.4446935649239587,129.19921875,2.2275727370689657,0.0441166684031486,0.1536392519769532,0.1129995733499527,782.1315388701207,0.3684272053615892
anxiolytic.meditation.p3.g1,anxiolytic.meditation.p3,anxiolytic,meditation,"calm breathing meditation music, very slow tempo",0,27163,8,1.0,45.0,-20.309136445453277,2.849842324144665,3.4683552459419995,2.951666622338468,2.7318432488558577,2.834533455155369,2.844780266406379,2.829051812533527,0.2835628983523013,117.45383522727272,5.797400841346153,0.0449210479855537,0.0253485710014438,0.0899730324745178,793.4451539886659,-0.0079684515108422
anxiolytic.meditation.p3.g3,anxiolytic.meditation.p3,anxiolytic,meditation,"calm breathing meditation music, very slow tempo",0,8331,8,1.0,45.0,-24.3433449518584,3.4120941249170404,3.712154993525679,3.629492597250949,3.342004718842638,3.568556399027474,3.1479816506940264,3.166361943589119,0.2419375770019613,112.34714673913044,5.473725766377379,0.0897361785173416,0.0477613034338288,0.044964388012886,769.3591591509897,0.2089407642361638
anxiolytic.meditation.p3.g5,anxiolytic.meditation.p3,anxiolytic,meditation,"calm breathing meditation music, very slow tempo",0,49591,8,1.0,45.0,-20.442420395967563,2.509211755021605,3.308271065447049,2.4852536706300765,2.5487668018349336,2.5621393220760758,1.8474882835876203,1.8482867133645968,0.2499639091376245,123.046875,0.8937866944292736,0.0526573061943054,0.0830946579441075,0.0580262839794158,450.3033418915506,-0.0291241304282465
anxiolytic.meditation.p3.g7,anxiolytic.meditation.p3,anxiolytic,meditation,"calm breathing meditation music, very slow tempo",0,39128,8,1.0,45.0,-20.71222126377134,2.6052687578729423,3.641402885076143,2.764599057605028,2.5809584552322065,2.741774446182206,2.819427830669899,2.820125799129708,0.2448379699120736,123.046875,6.224262752391073,0.0500317476689815,0.0652137324816314,0.067150205373764,635.6735875057667,-0.0392674974405224
anxiolytic.meditation.p3.g9,anxiolytic.meditation.p3,anxiolytic,meditation,"calm breathing meditation music, very slow tempo",0,52215,8,1.0,45.0,-25.22452924918921,2.5924403455598086,2.9618858157437526,2.640104555806137,2.563113738115477,2.651192565960577,2.8624250204878723,2.878748316888668,0.2246247527737273,112.34714673913044,0.2997661687935034,0.0450689047574996,0.0774610923928978,0.046827457845211,527.4371323265917,-0.0455216707280313
anxiolytic.meditation.p3.g11,anxiolytic.meditation.p3,anxiolytic,meditation,"calm breathing meditation music, very slow tempo",0,90815,8,1.0,45.0,-20.70124738859672,2.740716475990971,3.176065061057612,2.9524887718637647,2.5860814224335966,2.813002473973774,2.622871250755046,2.6021702881722786,0.3710108693704289,123.046875,5.488397759625813,0.0411141775548458,0.0766287789547794,0.0934935361146926,731.7360253033622,-0.1577251069607559
anxiolytic.meditation.p4.g1,anxiolytic.meditation.p4,anxiolytic,meditation,still and spacious ambient music for deep relaxation,0,63129,8,1.0,45.0,-24.119300617788973,3.5223175868799546,4.13785390999023,3.290239810281867,3.405822844962937,3.2688305620419102,3.5656989473863065,3.5778867054520926,0.3764310103723732,123.046875,6.228512327658976,0.0363034345209598,0.1350729620146637,0.0621103644371032,442.5821764832221,0.145942264238001
anxiolytic.meditation.p4.g3,anxiolytic.meditation.p4,anxiolytic,meditation,still and spacious ambient music for deep relaxation,0,51582,8,1.0,45.0,-19.04796390966354,3.69519493091367,4.158287895112856,3.691625700473325,3.4854372500519264,3.739949895508276,4.071889130193982,3.997664321858028,0.4405863280658834,143.5546875,3.639414612676057,0.0354181043803691,0.2676448444982337,0.1204553171992302,1049.0196396636318,0.3009465673839548
anxiolytic.meditation.p4.g5,anxiolytic.meditation.p4,anxiolytic,meditation,still and spacious ambient music for deep relaxation,0,76437,8,1.0,45.0,-24.09543176339713,3.254693368115858,3.1253702644214325,3.007028455676133,3.0534415457071,2.94226027542493,3.0649785966981407,3.0702553997570803,0.3824701901425847,123.046875,3.5963129700466805,0.0308606587350368,0.1640465688488087,0.0656988397240638,399.3127154565825,0.21043727588514
anxiolytic.meditation.p4.g7,anxiolytic.meditation.p4,anxiolytic,meditation,still and spacious ambient music for deep relaxation,0,53203,8,1.0,45.0,-22.0913981257636,2.770163087068514,3.616968035204476,2.936873507145188,2.763331818115339,2.9199167566366038,3.560854097365501,3.5533449562246875,0.3733232836163019,129.19921875,6.289218482601255,0.0411915220320224,0.2358990274643032,0.0871441066265106,353.4326607585066,0.0378801931842739
anxiolytic.meditation.p4.g9,anxiolytic.meditation.p4,anxiolytic,meditation,still and spacious ambient music for deep relaxation,0,96961,8,1.0,45.0,-20.90396802632076,2.474033761117426,3.1479171304662463,2.7508849020273884,2.527316906441507,2.7900998151016587,2.8488095774474376,2.8169893270205124,0.3280839916763105,123.046875,1.5942204607664234,0.0436801202595233,0.2318252802375834,0.0899359211325645,713.2891578987878,-0.0757415011113147
anxiolytic.meditation.p4.g11,anxiolytic.meditation.p4,anxiolytic,meditation,still and spacious ambient music for deep relaxation,0,67080,8,1.0,45.0,-21.17330301505996,3.091170996150085,4.264552658118666,3.1336625877440536,2.980494836193548,3.105381899182466,4.031676909672933,4.006540550863767,0.2846157249942386,123.046875,6.644922703472959,0.0498375855386257,0.227576538983174,0.0851591005921363,769.3720475370291,0.1962171583283009
anxiolytic.meditation.p5.g1,anxiolytic.meditation.p5,anxiolytic,meditation,floating ambient drone for quiet meditation,0,81460,8,1.0,45.0,-20.73318412167861,2.530092118433423,3.1053071369986456,3.0190445380647764,2.463528783520642,2.988241749801723,3.7458993595148327,3.702994395486824,0.1977456657101141,129.19921875,7.109157294984076,0.0829855874180793,0.2186403850636688,0.0897169187664985,318.72226984542584,-0.3018680927420709
anxiolytic.meditation.p5.g3,anxiolytic.meditation.p5,anxiolytic,meditation,floating ambient drone for quiet meditation,0,85283,8,1.0,45.0,-19.08201663502909,3.445310862375448,3.625065566651221,3.4445987945275247,3.364636403440878,3.3315026164159365,4.221811762876261,4.098302567812113,0.1304301171190587,129.19921875,7.1626233552631575,0.0723393261432647,0.1214914830955347,0.1144401952624321,308.909939543591,0.0787408119515159
anxiolytic.meditation.p5.g5,anxiolytic.meditation.p5,anxiolytic,meditation,floating ambient drone for quiet meditation,0,3782,8,1.0,45.0,-19.69800204817835,2.670626677184026,3.1760525319307544,3.0024396068267345,2.695311929388581,2.923971105339845,3.220653677707178,3.1571711975612384,0.1989874241746392,123.046875,6.968304459549072,0.0243215542286634,0.0209409815259979,0.1039058715105056,404.2993793758339,0.0068370023549025
anxiolytic.meditation.p5.g7,anxiolytic.meditation.p5,anxiolytic,meditation,floating ambient drone for quiet meditation,0,10110,8,1.0,45.0,-21.820701352631502,2.9364815380325573,3.28444308508818,2.9777470428543316,2.9973509985803743,3.0065877692919245,3.445372529732077,3.444596782864957,0.2368458209053508,123.046875,6.229117183068633,0.0613342821598053,0.0232436092229853,0.0709319114685058,245.00890006237904,0.0798316433248144
anxiolytic.meditation.p5.g9,anxiolytic.meditation.p5,anxiolytic,meditation,floating ambient drone for quiet meditation,0,77575,8,1.0,45.0,-17.873257751870913,2.905480961214902,3.13889278925159,3.0134995313571205,2.974645513441054,2.8837070983592796,3.4552535945282945,3.421373291192823,0.1588949857553353,123.046875,6.533074770673604,0.042748749256134,0.1201914304113868,0.112818032503128,368.0579715766281,0.0540184525163762
anxiolytic.meditation.p5.g11,anxiolytic.meditation.p5,anxiolytic,meditation,floating ambient drone for quiet meditation,0,9207,8,1.0,45.0,-16.90577892896974,3.177158842061126,3.205549153078484,3.1935375832226174,2.8968104831451185,2.9371543054396745,3.429680985817945,3.2369409139076533,0.2446390682777587,123.046875,7.382138639786419,0.0603244490921497,0.0806454636740467,0.1289525926113128,454.6784196263173,0.0259512832338482
anxiolytic.meditation.p6.g1,anxiolytic.meditation.p6,anxiolytic,meditation,gentle zen music for a calm clear mind,0,87419,8,1.0,45.0,-19.96570937387168,2.9666046415091136,4.285779125596396,3.200467646775671,3.0738927352600345,3.133565455143034,3.68388596877304,3.629614508027739,0.3945559855330258,135.99917763157896,2.2871166356877324,0.0348226204514503,0.0713279665194278,0.0960703566670417,1237.539437417465,0.1885403773449281
anxiolytic.meditation.p6.g3,anxiolytic.meditation.p6,anxiolytic,meditation,gentle zen music for a calm clear mind,0,59978,8,1.0,45.0,-19.551017064008253,3.706119106892252,2.828263398148785,3.628537642915623,3.477576731289333,3.367653273705206,2.7574823119517684,2.708966539222951,0.2404528555849713,86.1328125,0.8519122527329516,0.0436538085341453,0.1310445098073184,0.088841289281845,710.0393877335651,0.1251719289121604
anxiolytic.meditation.p6.g5,anxiolytic.meditation.p6,anxiolytic,meditation,gentle zen music for a calm clear mind,0,10917,8,1.0,45.0,-22.830966289328916,3.7607046024865713,4.422040308906984,3.6217840077911796,3.7395133355850514,3.653907336292164,3.6980819317668434,3.6935932462351087,0.270710245738535,129.19921875,2.2085336538461537,0.060777585953474,0.0514387984793917,0.074502520263195,685.8613854619686,0.1637347584046723
anxiolytic.meditation.p6.g7,anxiolytic.meditation.p6,anxiolytic,meditation,gentle zen music for a calm clear mind,0,64053,8,1.0,45.0,-22.329549945355268,2.444424086250921,3.2492363530688158,2.6443600314973037,2.4095037769124112,2.6473574950675056,3.097418758479561,3.0924506597337347,0.4110449548425561,143.5546875,0.7181861881828637,0.0249610226601362,0.0520823980042275,0.0724070742726326,451.6199817490791,-0.0658804818581937
anxiolytic.meditation.p6.g9,anxiolytic.meditation.p6,anxiolytic,meditation,gentle zen music for a calm clear mind,0,77921,8,1.0,45.0,-21.84528757731877,2.9065997648561352,3.672824741860932,2.9675400950970157,2.8595683565410104,2.9274937538433408,2.5578847320549576,2.5606961482484527,0.282035367328143,89.10290948275862,0.6204871764941302,0.039963599294424,0.0568205298611148,0.0515991486608982,703.8746741750759,0.1350899138865259
anxiolytic.meditation.p6.g11,anxiolytic.meditation.p6,anxiolytic,meditation,gentle zen music for a calm clear mind,0,61932,8,1.0,45.0,-18.53382769026445,3.4283189008133923,3.004366011597316,3.2979186551040813,2.719272103483506,2.6610326765397465,2.748871299688232,2.693978042544708,0.3870734203207139,83.35433467741936,0.8070747657470068,0.0288458913564682,0.0146624574867086,0.0900271236896514,697.2461823114683,0.3181668934267356
anxiolytic.meditation.p7.g1,anxiolytic.meditation.p7,anxiolytic,meditation,soft spa music for deep rest and healing,0,3802,8,1.0,45.0,-22.55997233488084,3.2516852411669155,3.3194011896598354,3.0521443244757775,3.1722498841194398,3.045688110209859,3.995388651659872,4.00508177336599,0.4773420375188331,129.19921875,7.451636418583377,0.0422077886760234,0.2051393201706947,0.0743772685527801,509.4551023214885,0.2181850788057673
anxiolytic.meditation.p7.g3,anxiolytic.meditation.p7,anxiolytic,meditation,soft spa music for deep rest and healing,0,84645,8,1.0,45.0,-23.54388472067006,3.839868465129154,3.9122538615202784,3.3730989595057084,3.7777971028527726,3.3455448134022943,4.363295932484492,4.365919160004576,0.304676598563288,123.046875,6.606650984789392,0.0541258938610553,0.3354104929586895,0.065684288740158,841.2757583477255,-0.0694012331677532
anxiolytic.meditation.p7.g5,anxiolytic.meditation.p7,anxiolytic,meditation,soft spa music for deep rest and healing,0,61243,8,1.0,45.0,-22.176196250226955,2.4770717873455,4.188858578808559,2.6885444275213386,2.5566560872601056,2.685491943954349,3.704368657847671,3.721197225865751,0.3662591195174641,129.19921875,7.210102962936865,0.0459127575159072,0.0855485092823704,0.0600894801318645,925.119706022854,0.0384779642560507
anxiolytic.meditation.p7.g7,anxiolytic.meditation.p7,anxiolytic,meditation,soft spa music for deep rest and healing,0,98564,8,1.0,45.0,-25.54136710532212,3.4213923587918456,3.397501454306302,3.3475448102786616,3.0629181643620877,3.156213358055816,3.5286071375434886,3.580104661767012,0.4724041500376775,129.19921875,7.049695041972718,0.0345886424183845,0.0627317504137193,0.0531980171799659,440.8395815619104,0.1594716011818076
anxiolytic.meditation.p7.g9,anxiolytic.meditation.p7,anxiolytic,meditation,soft spa music for deep rest and healing,0,70081,8,1.0,45.0,-23.033596537169,3.3481651146933813,3.5272640604049355,3.0608842839105868,3.3344958076895512,3.054885371038309,2.998278878734312,3.006742983833882,0.324527163450867,123.046875,1.615868423735726,0.0420284867286682,0.2272608589985787,0.0690144672989845,689.0223555250209,-0.1073466177796331
anxiolytic.meditation.p7.g11,anxiolytic.meditation.p7,anxiolytic,meditation,soft spa music for deep rest and healing,0,21727,8,1.0,45.0,-22.766982270130374,2.678845221898352,4.0094119654592095,3.0495852053952928,2.69497720248818,3.063266348724091,4.2437986567678525,4.239840339914362,0.4291958166357938,129.19921875,7.140428063279626,0.0562296845018863,0.1641651707050519,0.0734133869409561,1094.9876856109115,-0.1590772123074997
anxiolytic.meditation.p8.g1,anxiolytic.meditation.p8,anxiolytic,meditation,slow flowing ambient music for yoga relaxation,0,49169,8,1.0,45.0,-18.817030670016635,2.9931607547159755,3.9021986660011465,3.449297523477333,2.751023114783792,3.0550835867419734,3.632393236635776,3.5567739318662395,0.3755942207153318,123.046875,5.629011605290456,0.0437891781330108,0.1964558167844528,0.1116530448198318,765.3685901962272,-0.184765350657141
anxiolytic.meditation.p8.g3,anxiolytic.meditation.p8,anxiolytic,meditation,slow flowing ambient music for yoga relaxation,0,11995,8,1.0,45.0,-21.03300492809458,3.1178315951790267,4.140360661901543,2.9856915464544462,3.128008649484592,2.9237218819677304,3.7446840775188655,3.730216294474025,0.3354894715464647,123.046875,3.5311324273482096,0.0421663038432598,0.3276500516105567,0.0908606126904487,795.6013404674276,-0.0068483485130318
anxiolytic.meditation.p8.g5,anxiolytic.meditation.p8,anxiolytic,meditation,slow flowing ambient music for yoga relaxation,0,97741,8,1.0,45.0,-26.08411777774236,3.634336376609944,3.176964992367386,3.442651851523668,3.4832610884807345,3.2844024929937077,3.136651688815597,3.178000495352147,0.3791644199373183,129.19921875,0.5408653846153846,0.0492745041847229,0.0804482411649836,0.0507377162575721,902.2697843741588,0.320824655917037
anxiolytic.meditation.p8.g7,anxiolytic.meditation.p8,anxiolytic,meditation,slow flowing ambient music for yoga relaxation,0,20512,8,1.0,45.0,-19.27961698774057,3.764780164756235,4.033939378683059,3.8744856662861493,3.391784683258108,3.7022521149061256,4.139887156842948,4.082612937193513,0.3289289267265404,123.046875,6.984387048982243,0.0405682250857353,0.2072422284833211,0.1129920929670333,684.7444539943044,0.2373443882681909
anxiolytic.meditation.p8.g9,anxiolytic.meditation.p8,anxiolytic,meditation,slow flowing ambient music for yoga relaxation,0,56046,8,1.0,45.0,-18.453701335547617,3.86723095495495,3.78399968033409,3.582161968900774,3.1969125310940694,3.1285366439482942,3.9586956152608814,3.8266874996713502,0.3286195887986581,129.19921875,4.428017761612734,0.0436852611601352,0.2061023017988022,0.1258763074874878,822.1127816842838,0.2323047000354725
anxiolytic.meditation.p8.g11,anxiolytic.meditation.p8,anxiolytic,meditation,slow flowing ambient music for yoga relaxation,0,65712,8,1.0,45.0,-20.97784394742309,3.5502459405617484,3.8249678024792826,3.457949913081174,3.324188419100144,3.3739954782891806,3.952264472616751,3.904380934633077,0.2742126312151395,123.046875,5.794389204545455,0.0452547557651996,0.1324705533287844,0.100625991821289,588.3824052903615,0.2669703412986955
anxiolytic.meditation.p9.g1,anxiolytic.meditation.p9,anxiolytic,meditation,minimal peaceful tones for silent contemplation,0,72952,8,1.0,45.0,-23.582110027779365,3.3177790225810027,3.836288439688225,3.1538769766799897,3.224439188260121,3.138581005585636,3.508997373512069,3.500527726413523,0.0465727550263043,123.046875,6.079057939994044,0.0431112609803676,0.0862161748576811,0.0505453646183013,492.8899425008944,0.2558260934745201
anxiolytic.meditation.p9.g3,anxiolytic.meditation.p9,anxiolytic,meditation,minimal peaceful tones for silent contemplation,0,55237,8,1.0,45.0,-19.20663082570585,3.4112999632020515,3.756761708385686,3.3627054161202414,3.206363144654377,3.1996359954185656,2.861475448786221,2.800316296559943,0.0507437139242089,123.046875,5.463992655915417,0.0941777378320694,0.0331277163457092,0.0828339308500289,625.1112904865181,0.0133284089678431
anxiolytic.meditation.p9.g5,anxiolytic.meditation.p9,anxiolytic,meditation,minimal peaceful tones for silent contemplation,0,15893,8,1.0,45.0,-24.32476448606058,3.063045884862677,3.551167211699327,2.985917905748713,3.1032837415870347,3.0027934583577998,3.204720173096118,3.2400765089292705,0.0525914243827856,99.38401442307692,4.055477528089888,0.0770916119217872,0.1115663174648598,0.0548197627067565,316.3937909737363,-0.0830512560157542
anxiolytic.meditation.p9.g7,anxiolytic.meditation.p9,anxiolytic,meditation,minimal peaceful tones for silent contemplation,0,59534,8,1.0,45.0,-24.64440782541613,3.8573862614089967,3.327050458411457,3.606141850901639,3.4703607152040603,3.445997145914846,3.7277713958819834,3.7513416294886577,0.0863504036397505,123.046875,6.547063765985718,0.062102522701025,0.0181865904914332,0.0610461942851543,384.2464821639975,0.0256878613201655
anxiolytic.meditation.p9.g9,anxiolytic.meditation.p9,anxiolytic,meditation,minimal peaceful tones for silent contemplation,0,52297,8,1.0,45.0,-30.811494302760824,3.1663844351368646,3.1411272697009096,3.099858299568823,3.0361439829575336,3.0603391894988734,1.631582590597345,1.7609178019233471,0.0599349401291882,123.046875,2.9646343766421444,0.060208149254322,0.0079121546354377,0.0248829592019319,679.347321542952,-0.0257330116407128
anxiolytic.meditation.p9.g11,anxiolytic.meditation.p9,anxiolytic,meditation,minimal peaceful tones for silent contemplation,0,6401,8,1.0,45.0,-22.392125468562288,2.5919986328454208,3.365244133404488,2.737817701098435,2.586859268586696,2.6983214425374347,3.1248458927481906,3.1200633365826267,0.1531007288355467,129.19921875,6.771447523584906,0.0295411758124828,0.0524520140450571,0.0751392170786857,267.0247722211703,-0.0141876949116362
anxiolytic.study_calm.p0.g1,anxiolytic.study_calm.p0,anxiolytic,study_calm,soft calm background music for focused studying,0,42617,8,1.0,45.0,-25.565882486857035,2.9864242821071643,3.2983138750199545,2.917135561430219,2.838935826923427,2.8324358665468,2.812676722514808,2.81524944556484,0.1715064047052025,129.19921875,1.1096014492753623,0.0266856048256158,0.1114708605511118,0.0456210114061832,403.4209735290539,0.3128068372940816
anxiolytic.study_calm.p0.g3,anxiolytic.study_calm.p0,anxiolytic,study_calm,soft calm background music for focused studying,0,17283,8,1.0,45.0,-19.937066407902737,4.046294292795741,3.629289793419976,4.439757138917299,3.545803280837837,3.877474605880959,3.856062240616729,3.795557060302941,0.287908822010141,86.1328125,3.021008455300633,0.0376504436135292,0.1184651889918595,0.0977347716689109,587.0759385634273,0.2729602288919117
anxiolytic.study_calm.p0.g5,anxiolytic.study_calm.p0,anxiolytic,study_calm,soft calm background music for focused studying,0,53452,8,1.0,45.0,-19.51204037452421,3.436592188095102,3.59837696660308,3.4109759175959695,3.243899480026588,3.454825582521874,3.42860920999895,3.3566675405797843,0.1977262196947756,129.19921875,1.8479567307692304,0.0397349223494529,0.1068249042009718,0.1095487847924232,467.99011564854845,0.327398916991545
anxiolytic.study_calm.p0.g7,anxiolytic.study_calm.p0,anxiolytic,study_calm,soft calm background music for focused studying,0,24547,8,1.0,45.0,-22.470468397591013,2.9428154340939265,3.721893853136681,2.9890635953960123,2.6801597059413016,2.7489385758977964,3.409160979150263,3.4000944786110563,0.2655625936713575,172.265625,1.5333333333333334,0.037500724196434,0.0978783322753529,0.0589191801846027,597.2081250377408,-0.2134883259079453
anxiolytic.study_calm.p0.g9,anxiolytic.study_calm.p0,anxiolytic,study_calm,soft calm background music for focused studying,0,79572,8,1.0,45.0,-16.77733867134984,4.044718224401108,3.928866026097303,4.0438121766976405,3.039091749810312,3.2754501905853552,3.711095839704959,3.5727806234757007,0.2460656012259308,129.19921875,2.701582679889299,0.0295945964753627,0.0862263225302644,0.1591163426637649,410.1740523327213,0.2389709038849374
anxiolytic.study_calm.p0.g11,anxiolytic.study_calm.p0,anxiolytic,study_calm,soft calm background music for focused studying,0,1439,8,1.0,45.0,-20.487096605284453,3.3297774244943468,3.5818190944493637,3.1413618655157634,3.2290024610181653,3.0235365605691276,3.2424883276626124,3.222744241211853,0.2884578999972629,172.265625,1.8812158736349451,0.0286792237311601,0.1709485884950232,0.0915303379297256,429.4403665431929,0.1532441498077008
anxiolytic.study_calm.p1.g1,anxiolytic.study_calm.p1,anxiolytic,study_calm,gentle low-key instrumental music for concentration,0,64939,8,1.0,45.0,-26.245442071602465,2.502444578069052,3.280426770929078,2.9040842008235828,2.568625816329184,3.0021626659877136,2.9649021537921776,2.954965990315754,0.2522746322016438,151.99908088235293,0.7885071688206785,0.0319773182272911,0.1392017829389372,0.0311404205858707,526.2747761129067,-0.1239235817179437
anxiolytic.study_calm.p1.g3,anxiolytic.study_calm.p1,anxiolytic,study_calm,gentle low-key instrumental music for concentration,0,2423,8,1.0,45.0,-21.51079741384775,3.0518300382589945,3.115490631639175,3.1913323593824243,2.728861322530943,2.9497943861823863,3.0995136862778825,3.078646298344804,0.2483302054306096,60.09265988372093,0.9987791620651576,0.0408748425543308,0.0654093519834704,0.0673173740506172,640.6446634230052,-0.0876692804856242
anxiolytic.study_calm.p1.g5,anxiolytic.study_calm.p1,anxiolytic,study_calm,gentle low-key instrumental music for concentration,0,18704,8,1.0,45.0,-24.397245458679453,2.6069287763881075,3.800154905687952,2.701463086323117,2.832178844129445,2.718754726613142,3.0431943658059257,3.0568846405048635,0.3274103995863774,184.5703125,1.3084607451545311,0.0382342785596847,0.0917524885370589,0.0534795373678207,445.015514967251,-0.089414440007167
anxiolytic.study_calm.p1.g7,anxiolytic.study_calm.p1,anxiolytic,study_calm,gentle low-key instrumental music for concentration,0,93575,8,1.0,45.0,-30.06741494723873,2.6941597826851287,2.6122931374250347,2.724832369278295,2.2803829951918284,2.467568846537258,2.7833707225184443,2.75832548126957,0.3023845550374286,129.19921875,0.4219898271638541,0.0217272657901048,0.0845628552875265,0.0182320158928632,569.5303439170237,-0.2175525569218144
anxiolytic.study_calm.p1.g9,anxiolytic.study_calm.p1,anxiolytic,study_calm,gentle low-key instrumental music for concentration,0,29255,8,1.0,45.0,-19.95544820377089,4.197788150617485,3.861246247304422,3.6682559398823678,3.841870558681412,3.372749393253585,3.287640684334537,3.257302714824141,0.3504279848409172,83.35433467741936,1.4386407260237069,0.0270712822675704,0.2119358743552941,0.0932823792099952,664.9700320234789,-0.1444082448609974
anxiolytic.study_calm.p1.g11,anxiolytic.study_calm.p1,anxiolytic,study_calm,gentle low-key instrumental music for concentration,0,35523,8,1.0,45.0,-24.36551010061163,2.9862926395057934,3.0021073277242616,2.976981304172197,2.8801217440795184,2.897962475419496,3.252501068100728,3.253280869884735,0.3239176866153218,151.99908088235293,0.9462608018488744,0.0283476822078228,0.1371288927206922,0.0384310781955719,543.7683337902797,0.3489300311145765
anxiolytic.study_calm.p2.g1,anxiolytic.study_calm.p2,anxiolytic,study_calm,quiet mellow music to stay relaxed while working,0,30662,8,1.0,45.0,-28.021443896973967,3.740376020038058,4.367219039790908,3.7031509738759567,3.31688639939916,3.475539577299737,3.926651942557294,3.997691210236677,0.1667417832579803,80.74951171875,2.2222222222222223,0.0529234036803245,0.1387461534532756,0.0386459380388259,1642.9561441440717,0.3806508176752033
anxiolytic.study_calm.p2.g3,anxiolytic.study_calm.p2,anxiolytic,study_calm,quiet mellow music to stay relaxed while working,0,45851,8,1.0,45.0,-20.36659288122181,3.9273696083058023,4.26167884052123,4.036964125521132,3.445496270108727,3.550454518343912,4.352900265632139,4.28506368130073,0.2038353530514365,129.19921875,3.3578725961538463,0.0468538738787174,0.163261235022583,0.1005661487579345,1259.469793804603,0.1783991123154682
anxiolytic.study_calm.p2.g5,anxiolytic.study_calm.p2,anxiolytic,study_calm,quiet mellow music to stay relaxed while working,0,17598,8,1.0,45.0,-44.11593837670549,2.9719123434434445,2.824671004337413,3.263996979597735,3.155427993062784,3.370994832681977,3.73084999588948,3.806914215782267,-0.0133668508763666,129.19921875,1.1374348621180737,0.0509072616696357,0.3903755574358879,0.0058763180859386,1503.3829899758312,-0.1130487941799038
anxiolytic.study_calm.p2.g7,anxiolytic.study_calm.p2,anxiolytic,study_calm,quiet mellow music to stay relaxed while working,0,42390,8,1.0,45.0,-26.530446130957696,3.0697136974208803,3.399041498746437,2.83726464857731,3.032464868948936,2.780465613378232,2.210191303752404,2.197466997051716,0.1766772566459087,123.046875,0.3248543574892241,0.0393924228847026,0.0240877058321232,0.0288222432136535,682.6577680751129,0.2142961336483156
anxiolytic.study_calm.p2.g9,anxiolytic.study_calm.p2,anxiolytic,study_calm,quiet mellow music to stay relaxed while working,0,43151,8,1.0,45.0,-27.15143747925205,2.3968215958856374,2.774529725052078,2.86501968488882,2.225098371111373,2.670371566170076,3.3239971051641755,3.348747266741079,0.1643568871761887,151.99908088235293,1.3002871225923998,0.0315653793513774,0.1191712565921093,0.0321486517786979,481.90335464840376,0.0361752734103316
anxiolytic.study_calm.p2.g11,anxiolytic.study_calm.p2,anxiolytic,study_calm,quiet mellow music to stay relaxed while working,0,62411,8,1.0,45.0,-24.02048978892272,3.1164602895199853,3.217691125093722,2.9174578237089426,2.884232037886262,2.802483090841751,2.7293614719954444,2.7432826542846804,0.1796574846889574,129.19921875,0.989239032451923,0.0400179252028465,0.1528348473543504,0.0638129860162735,625.9892151623609,0.0521833042604088
anxiolytic.study_calm.p3.g1,anxiolytic.study_calm.p3,anxiolytic,study_calm,smooth peaceful background music without distractions,0,95329,8,1.0,45.0,-22.589956243916383,4.612291709531219,4.60238388495887,4.317354461017317,4.599001924025294,4.28539413692477,4.85442328040304,4.8328605487989496,0.2439657890720798,86.1328125,4.775098118102996,0.0546185672283172,0.1349296568625415,0.0822099223732948,1233.8127276161997,0.316037096347301
anxiolytic.study_calm.p3.g3,anxiolytic.study_calm.p3,anxiolytic,study_calm,smooth peaceful background music without distractions,0,80761,8,1.0,45.0,-28.865388474255287,3.0997609882166177,2.840624129208375,3.273650801677172,3.05810444075273,3.014118802966021,2.7587319309963174,2.76053329807679,0.2207754550156594,86.1328125,0.4729836524566473,0.0377887822687625,0.0374281689758079,0.0200446136295795,830.3554171238752,0.2283104258393787
anxiolytic.study_calm.p3.g5,anxiolytic.study_calm.p3,anxiolytic,study_calm,smooth peaceful background music without distractions,0,23273,8,1.0,45.0,-28.850905876582065,3.923679410678439,2.8859782621191306,3.6972532320884177,3.5734736563434946,3.556189058995783,3.130056427610593,3.207895027693743,0.3207404610287468,86.1328125,1.0738636363636365,0.0422367863357067,0.0660222475875064,0.0316133685410022,1001.9685377845124,0.288107705907743
anxiolytic.study_calm.p3.g7,anxiolytic.study_calm.p3,anxiolytic,study_calm,smooth peaceful background music without distractions,0,97405,8,1.0,45.0,-24.172410586270576,2.818977225351116,3.8708430939584746,2.9509023071834473,2.8340159951412827,2.997042689057159,3.2358670827188947,3.2503935448929853,0.2145187086415101,135.99917763157896,1.6025759139150944,0.0685722306370735,0.078912114930775,0.0432631857693195,575.313175864088,0.1636363028859698
anxiolytic.study_calm.p3.g9,anxiolytic.study_calm.p3,anxiolytic,study_calm,smooth peaceful background music without distractions,0,8329,8,1.0,45.0,-25.09196809044054,3.503639981179179,4.11745901003158,3.3731669478812862,3.434484386275076,3.2809728015840234,3.5924350109981877,3.613807334910593,0.2000181941188839,112.34714673913044,2.1333333333333333,0.0544047355651855,0.2153433665000507,0.0452635958790779,1318.820926597244,-0.065955130964829
anxiolytic.study_calm.p3.g11,anxiolytic.study_calm.p3,anxiolytic,study_calm,smooth peaceful background music without distractions,0,67804,8,1.0,45.0,-29.379310845658388,2.909757770045782,3.5794695000296164,3.1105204556327313,3.165768429563116,3.360890818189005,4.196755594159737,4.284716257148257,-0.2156798667944287,123.046875,0.2222222222222222,0.0387102179229259,0.5596124027581142,0.036404762417078,1651.3124196829929,-0.1644478938052088
anxiolytic.study_calm.p4.g1,anxiolytic.study_calm.p4,anxiolytic,study_calm,light airy calm instrumental for reading,0,87187,8,1.0,45.0,-31.757580650974944,3.580317098471855,2.408577121636612,3.526278388751058,3.664293239532821,3.4385497265857756,3.5579575300183506,3.5574000349807444,0.3034956037046786,112.34714673913044,0.8855646306818182,0.0205481983721256,0.0894072753216529,0.0142769878730177,843.0830435938678,0.3211371518383962
anxiolytic.study_calm.p4.g3,anxiolytic.study_calm.p4,anxiolytic,study_calm,light airy calm instrumental for reading,0,25467,8,1.0,45.0,-25.521262182162904,2.7298476570467702,3.515202407900737,2.8611435024327703,2.697122778886379,2.8770157884341456,2.627611105559462,2.644746589626316,0.3566948384470041,135.99917763157896,0.7880827839074274,0.0387900806963443,0.0644979576455991,0.0394083634018898,417.9277482898792,0.17935354859069
anxiolytic.study_calm.p4.g5,anxiolytic.study_calm.p4,anxiolytic,study_calm,light airy calm instrumental for reading,0,44630,8,1.0,45.0,-18.32868123091908,4.588528747689435,4.751465824374549,4.853040107613106,4.335071483154242,4.552178792054043,4.152951791656449,3.963193660425005,0.0961101931034166,123.046875,4.033954326923077,0.0604297928512096,0.1630669488746283,0.1032968014478683,1539.0311924354728,-0.0311055842938282
anxiolytic.study_calm.p4.g7,anxiolytic.study_calm.p4,anxiolytic,study_calm,light airy calm instrumental for reading,0,69017,8,1.0,45.0,-20.35360347438275,3.830644321332029,3.184558322235839,4.018748049851686,3.6525163977924993,3.873888366370399,3.604936096377344,3.5744019071360604,0.3298403814021693,129.19921875,1.8555206948138296,0.026692820712924,0.0658271537594698,0.0727491900324821,727.1142848079064,0.2764337947237432
anxiolytic.study_calm.p4.g9,anxiolytic.study_calm.p4,anxiolytic,study_calm,light airy calm instrumental for reading,0,97441,8,1.0,45.0,-20.110009166408013,4.199188789464629,3.0329520633240614,4.054166276868469,3.797344483439646,3.606429990681542,3.4144505698468257,3.383163824284723,0.2570338995886794,117.45383522727272,1.4834983363778704,0.0309977605938911,0.0443865598053314,0.0742380768060684,763.8361432590924,0.1833530811653729
anxiolytic.study_calm.p4.g11,anxiolytic.study_calm.p4,anxiolytic,study_calm,light airy calm instrumental for reading,0,27504,8,1.0,45.0,-20.70341443138531,3.428359842070785,3.2925989077588658,3.523975329042012,3.0606333482462444,3.234278775330567,3.18372869674067,3.1802719106295267,0.3074222868494322,123.046875,1.0960697242841997,0.0207069516181945,0.0936182683088381,0.0826940089464187,470.3213651926035,0.3259274786121529
anxiolytic.study_calm.p5.g1,anxiolytic.study_calm.p5,anxiolytic,study_calm,unobtrusive soft music for deep focus,0,25902,8,1.0,45.0,-20.825089185513388,4.517376149918006,4.549028285113528,4.352670639571436,4.434693747611955,4.095578638817434,4.665975772334835,4.591168113621168,0.3453160726739544,117.45383522727272,5.676308614594451,0.0512092821300029,0.1642879150837122,0.0809501633048057,1149.1117001784569,0.2757870230892751
anxiolytic.study_calm.p5.g3,anxiolytic.study_calm.p5,anxiolytic,study_calm,unobtrusive soft music for deep focus,0,19187,8,1.0,45.0,-15.52146751972427,4.455565614129451,5.417892968745857,4.643010525699404,3.830949774538482,3.8455524642896073,5.421425588930573,4.853970476387419,0.2203920183362028,117.45383522727272,5.883388831967213,0.060640413314104,0.2523523735114465,0.1717004626989364,1331.7011660713736,0.0190387874885273
anxiolytic.study_calm.p5.g5,anxiolytic.study_calm.p5,anxiolytic,study_calm,unobtrusive soft music for deep focus,0,69921,8,1.0,45.0,-17.935622096039104,4.188733934170413,4.517317633924088,4.030493634058958,3.144443934639994,3.0942553163885465,3.678235264214268,3.541945943651545,0.3055619180462026,129.19921875,3.3777777777777778,0.050869233906269,0.124606453618854,0.1261487007141113,1235.2026007703876,-0.1319410816129724
anxiolytic.study_calm.p5.g7,anxiolytic.study_calm.p5,anxiolytic,study_calm,unobtrusive soft music for deep focus,0,60039,8,1.0,45.0,-19.23792712690702,3.951214312726598,4.117033761037279,3.9565458367892696,3.740785453990387,3.6784248631117706,4.178774354854864,4.067762446808385,0.2983651634072916,117.45383522727272,4.014088418246446,0.0492053143680095,0.1014207514111826,0.117994874715805,1257.0233018113606,0.1558031018802196
anxiolytic.study_calm.p5.g9,anxiolytic.study_calm.p5,anxiolytic,study_calm,unobtrusive soft music for deep focus,0,60764,8,1.0,45.0,-18.457602558078463,3.464496614073877,3.6246944314680496,3.325197214328116,3.050182282622393,2.9717706916331035,3.4464459441388726,3.3513769363350048,0.277468889674237,112.34714673913044,4.030960025551372,0.0378394499421119,0.1523925198692644,0.1281195133924484,761.1351600511589,-0.0168499308932968
anxiolytic.study_calm.p5.g11,anxiolytic.study_calm.p5,anxiolytic,study_calm,unobtrusive soft music for deep focus,0,33553,8,1.0,45.0,-18.079976354709085,4.99860930837195,5.059064654475723,4.382994431653892,3.9760088125314192,3.6748150417344334,4.618677415886035,4.495646238160211,0.2118279931811163,117.45383522727272,5.818546376329787,0.0513600409030914,0.0814868895344421,0.1545435488224029,1620.7422485599832,-0.1875948518226778
anxiolytic.study_calm.p6.g1,anxiolytic.study_calm.p6,anxiolytic,study_calm,calm minimal piano for quiet study sessions,0,32807,8,1.0,45.0,-27.4794074520638,2.6789751029532747,2.9080335223369222,2.8197816826480095,2.6340148540898665,2.7020001941402083,2.8233339947335474,2.806167077720265,0.213242006877923,117.45383522727272,0.4222222222222222,0.0173068810254335,0.1005950278510059,0.0297290328890085,418.6375831633799,0.1747644802666069
anxiolytic.study_calm.p6.g3,anxiolytic.study_calm.p6,anxiolytic,study_calm,calm minimal piano for quiet study sessions,0,5683,8,1.0,45.0,-22.26903035633485,2.390121029899384,3.298232482272536,2.632610856870956,2.478736278538637,2.638469292196859,3.2579690007605926,3.2519012486973944,0.1706577835760615,95.703125,2.62104046432319,0.0387068800628185,0.1344708746492941,0.0737514570355415,435.18447097037006,-0.10405098814673
anxiolytic.study_calm.p6.g5,anxiolytic.study_calm.p6,anxiolytic,study_calm,calm minimal piano for quiet study sessions,0,87054,8,1.0,45.0,-26.456132009425502,2.7043198794461083,2.920864207699524,2.8003498351485714,2.4363305760436367,2.650052627441644,2.7569861445731965,2.7453970816894344,0.2189506290153633,129.19921875,0.2771028820375335,0.0233775321394205,0.085020174567263,0.0271370187401771,566.6942682571279,0.0614244830332739
anxiolytic.study_calm.p6.g7,anxiolytic.study_calm.p6,anxiolytic,study_calm,calm minimal piano for quiet study sessions,0,95752,8,1.0,45.0,-23.96689309510796,2.5466150480059757,3.4133483262384225,2.77958632018872,2.513429500566407,2.7805946168865545,2.6866770034596983,2.679719857175884,0.1340368537754556,151.99908088235293,0.4515793149834436,0.0277176536619663,0.1541443267321993,0.0476578027009964,343.9313016615571,0.0948335413471498
anxiolytic.study_calm.p6.g9,anxiolytic.study_calm.p6,anxiolytic,study_calm,calm minimal piano for quiet study sessions,0,20627,8,1.0,45.0,-21.67171812646704,2.314705397032178,3.6026549140191286,2.4701392806861167,2.1948072557704075,2.4645095563090003,2.795716521338244,2.8061776166763712,0.1301898954996929,117.45383522727272,0.3239815623320795,0.0183774419128894,0.0719542473918995,0.0602403059601783,371.8364672869682,0.2491608749096878
anxiolytic.study_calm.p6.g11,anxiolytic.study_calm.p6,anxiolytic,study_calm,calm minimal piano for quiet study sessions,0,11583,8,1.0,45.0,-20.69302577907636,2.823070877169723,3.455284199879863,3.008474675047676,2.55029436695936,2.8268280205893523,2.98053043443372,2.9728531973045857,0.2015491395096603,95.703125,1.18052352398524,0.0274774264544248,0.0686108519407538,0.0873214080929756,448.6904758453728,0.1140944977876468
anxiolytic.study_calm.p7.g1,anxiolytic.study_calm.p7,anxiolytic,study_calm,relaxed slow lofi instrumental for homework,0,87644,8,1.0,45.0,-26.26998135997713,2.903876598239088,3.45828966184325,3.4755657285482955,2.903876598239088,3.4542805315727008,2.8574571102484403,2.8584600239359617,0.0310812312798823,92.28515625,2.5253599476439788,0.031874768435955,0.8053493158823688,0.0105127925053238,1877.8762387612123,-0.1087325965310677
anxiolytic.study_calm.p7.g3,anxiolytic.study_calm.p7,anxiolytic,study_calm,relaxed slow lofi instrumental for homework,0,33714,8,1.0,45.0,-24.94560441595609,3.9480460862005207,4.113814327689478,3.953380425536243,3.995068439734837,4.026244337964465,4.528106532744338,4.601833932488008,0.4163260455736641,75.99954044117646,2.5174517223382047,0.0478214025497436,0.0874810546242079,0.0445050336420536,1633.7009842991447,-0.0806426120787367
anxiolytic.study_calm.p7.g5,anxiolytic.study_calm.p7,anxiolytic,study_calm,relaxed slow lofi instrumental for homework,0,82461,8,1.0,45.0,-21.58208677458403,4.370506251875785,4.376014304743101,4.535818734460239,4.180753285625721,4.129209076134379,4.292169273190014,4.228185889272925,0.356000840307909,161.4990234375,3.2444444444444445,0.0589116811752319,0.1229823292049539,0.0725725144147872,969.5758548823663,0.1194202190267478
anxiolytic.study_calm.p7.g7,anxiolytic.study_calm.p7,anxiolytic,study_calm,relaxed slow lofi instrumental for homework,0,6577,8,1.0,45.0,-19.91895880380088,4.644619167282127,4.047047020831158,4.401153939484214,4.218688213219796,4.264883729310844,3.9354904017638095,3.809443113431265,0.4161035066319971,151.99908088235293,3.209918478260869,0.0530255585908889,0.0682617012360103,0.1117338836193084,892.6478520846739,0.1548312411115361
anxiolytic.study_calm.p7.g9,anxiolytic.study_calm.p7,anxiolytic,study_calm,relaxed slow lofi instrumental for homework,0,27637,8,1.0,45.0,-21.50634178408691,4.036208787465639,4.041823084572592,4.186439767906705,3.7512679817874055,3.9729269481946816,4.214663865449092,4.168374702337171,0.3564131852400528,151.99908088235293,2.787983141447368,0.0492289923131465,0.2839733438938447,0.0534304343163967,1979.8377682869504,0.1206930876906021
anxiolytic.study_calm.p7.g11,anxiolytic.study_calm.p7,anxiolytic,study_calm,relaxed slow lofi instrumental for homework,0,44166,8,1.0,45.0,-19.12003554720767,4.65354465041963,4.490517603156068,4.655978426834945,4.364565005065447,4.3706065123753515,4.469271286574108,4.299744615538625,0.4523482318169388,172.265625,3.023764197212184,0.0587548986077308,0.2049770719869922,0.0924761444330215,1383.1895303318254,0.0487423494543078
anxiolytic.study_calm.p8.g1,anxiolytic.study_calm.p8,anxiolytic,study_calm,peaceful mellow background for writing,0,47135,8,1.0,45.0,-46.90314860524143,3.2635586772904195,3.0562587493899818,3.3938536297168653,3.273627215360866,3.8678505489957744,5.704223160894047,5.7250278928357705,0.1553459407532017,143.5546875,1.6572616029641185,0.0260187555104494,0.1280523505350143,0.0008081814157776,3838.2308491038666,-0.1491254996002751
anxiolytic.study_calm.p8.g3,anxiolytic.study_calm.p8,anxiolytic,study_calm,peaceful mellow background for writing,0,53073,8,1.0,45.0,-49.51132360360807,3.7598860686272526,4.31112020510343,3.9276026056334294,4.133013609471589,4.21765898296874,0.8260127171329152,0.9232608368900648,0.1939536331144569,123.046875,5.546772742146596,0.1067305654287338,0.0998550557455585,0.0047973105683922,2528.1290086480008,-0.0740732823664401
anxiolytic.study_calm.p8.g5,anxiolytic.study_calm.p8,anxiolytic,study_calm,peaceful mellow background for writing,0,1449,8,1.0,45.0,-51.60808810511292,2.7739696169361654,2.999379478920932,2.8737794484088743,2.8684852505349703,2.9702926929032865,-0.698176490438926,-0.6785477341716479,0.155409291231195,123.046875,0.8479396049222798,0.1309608519077301,0.0766426231207233,0.0025785185862332,2103.5242294576315,-0.0269159824079479
anxiolytic.study_calm.p8.g7,anxiolytic.study_calm.p8,anxiolytic,study_calm,peaceful mellow background for writing,0,38633,8,1.0,45.0,-43.0695938676304,4.725488873660857,4.696575537932558,4.747368779416633,4.270347521849401,4.8580497135897875,6.411171540562876,6.469809546240306,0.1849319336949203,135.99917763157896,3.693324860317048,0.0400336943566799,0.6165788816358706,0.0025482601486146,3214.188851133792,-0.0437429642457302
anxiolytic.study_calm.p8.g9,anxiolytic.study_calm.p8,anxiolytic,study_calm,peaceful mellow background for writing,0,17516,8,1.0,45.0,-38.35662894795103,3.068198450172427,3.4724618622366994,3.279986097141709,3.529150434256028,3.500488556529394,2.841152389326432,2.9982821819983405,0.0968687086328752,151.99908088235293,3.172603595219436,0.0864834636449813,0.1633545107197586,0.0060719847679138,2291.6930199065705,-0.1046341053551422
anxiolytic.study_calm.p8.g11,anxiolytic.study_calm.p8,anxiolytic,study_calm,peaceful mellow background for writing,0,85169,8,1.0,45.0,-33.19121874364031,4.724190241231392,4.496394454425005,4.924950282293268,4.991003862293969,5.1592064284767165,5.2386881815946325,5.258879301399272,0.2939010855596755,129.19921875,4.14056309429477,0.0608935840427875,0.4907777068536032,0.0082491561770439,3483.910023999858,0.0479534677735106
anxiolytic.study_calm.p9.g1,anxiolytic.study_calm.p9,anxiolytic,study_calm,soothing steady music for a calm workday,0,19141,8,1.0,45.0,-19.97064459812867,3.57877994581053,3.4327669530592395,3.322469536559523,3.5011408083795774,3.311809230054795,3.288563094637228,3.276231487791748,0.4664556061404812,151.99908088235293,2.1863432046536224,0.0209269374608993,0.0731783737543448,0.1201555728912353,696.6689204312978,0.308367579933515
anxiolytic.study_calm.p9.g3,anxiolytic.study_calm.p9,anxiolytic,study_calm,soothing steady music for a calm workday,0,64242,8,1.0,45.0,-22.510878104223952,2.7685665130195165,3.3147967106398384,2.90787629400834,2.822026405257508,2.937474409465575,2.8645095788891,2.8600845146340914,0.3851574885067712,135.99917763157896,0.4500146943573668,0.02056192047894,0.1572705956995043,0.0554246455430984,412.7139332928707,0.185989700162274
anxiolytic.study_calm.p9.g5,anxiolytic.study_calm.p9,anxiolytic,study_calm,soothing steady music for a calm workday,0,46277,8,1.0,45.0,-25.318588923912998,4.148212574204482,3.888571733218493,4.0484774406501876,4.040742302022528,4.129044033403146,4.138338621383168,4.1749735716635445,0.2989404674723791,172.265625,2.6222222222222222,0.0274566784501075,0.2085920452726876,0.0547392666339874,1054.5825380818287,0.0646269443676319
anxiolytic.study_calm.p9.g7,anxiolytic.study_calm.p9,anxiolytic,study_calm,soothing steady music for a calm workday,0,80407,8,1.0,45.0,-31.30894835099736,3.197757388622936,2.8931484162571355,3.4936785495955904,3.597370161604756,3.5436017345586412,2.316482625223565,2.4284917374350328,0.2895363440918165,86.1328125,1.4330327823992994,0.0547828823328018,0.0227757872683403,0.0188922304660081,1431.593664825314,-0.0585256940562681
anxiolytic.study_calm.p9.g9,anxiolytic.study_calm.p9,anxiolytic,study_calm,soothing steady music for a calm workday,0,59429,8,1.0,45.0,-20.4594034106353,3.913429520302963,4.298489095181802,3.9793617389939273,3.9380968724851626,3.668201168969174,3.5290444024584904,3.4664647095103227,0.354578775358719,86.1328125,1.2444444444444445,0.0444216839969158,0.1847257183253614,0.1057485863566398,581.1759626832195,0.1175989145104532
anxiolytic.study_calm.p9.g11,anxiolytic.study_calm.p9,anxiolytic,study_calm,soothing steady music for a calm workday,0,30949,8,1.0,45.0,-23.10474831104572,3.0291395239005463,3.68812193167788,2.9759104599018213,3.032043014323028,2.9723480650175977,3.1157549914905003,3.117015658716024,0.4422355851421418,107.666015625,2.6487850082372324,0.0339134968817234,0.1873623392710426,0.0698501542210578,554.6327315013903,0.2184502158138096
anxiolytic.nature_calm.p0.g1,anxiolytic.nature_calm.p0,anxiolytic,nature_calm,gentle rain sounds with soft calming piano,0,67081,8,1.0,45.0,-27.86452190320333,3.5844028280895066,2.970299926160902,3.510693181008752,3.6224518014490297,3.522996505576235,4.167041638109763,4.197882135408565,0.2024453819688733,123.046875,0.6743174256263048,0.0469736456871032,0.2173392642652945,0.0117534417659044,1541.9386771126156,-0.0550657445375089
anxiolytic.nature_calm.p0.g3,anxiolytic.nature_calm.p0,anxiolytic,nature_calm,gentle rain sounds with soft calming piano,0,11470,8,1.0,45.0,-46.16560244388941,2.559201136302653,2.7392245433769395,2.8436449889544746,2.444562585655898,2.7575808596679883,4.091468715498372,4.257927427944822,0.3341787852496493,129.19921875,1.9973476582855652,0.1028647869825363,0.0872404846115113,0.0112402886152267,1351.6398591888612,0.1019377641587057
anxiolytic.nature_calm.p0.g5,anxiolytic.nature_calm.p0,anxiolytic,nature_calm,gentle rain sounds with soft calming piano,0,88222,8,1.0,45.0,-24.60431199017557,3.5275149569005837,2.933101001322884,3.3452573547178703,3.5017954173448578,3.389616552255834,3.4930605631317406,3.4988020095572576,0.3270288897479925,89.10290948275862,0.897696335515767,0.0242024343460798,0.0580526852940119,0.0319868512451648,907.3767798540506,0.2173771458676227
anxiolytic.nature_calm.p0.g7,anxiolytic.nature_calm.p0,anxiolytic,nature_calm,gentle rain sounds with soft calming piano,0,91346,8,1.0,45.0,-25.88698628804561,2.646644299817665,3.145985922449904,2.6169338531014112,2.882466338765079,2.808564286232704,3.032932471633153,3.0531710593753667,0.2341399479038555,92.28515625,0.6487926136363636,0.0403531417250633,0.0813877103589609,0.0322588495910167,973.551661752022,0.0357913711880977
anxiolytic.nature_calm.p0.g9,anxiolytic.nature_calm.p0,anxiolytic,nature_calm,gentle rain sounds with soft calming piano,0,14781,8,1.0,45.0,-32.24576045908319,3.0332952672434463,3.5525725311708354,3.344254902136823,3.0436229904217043,3.416523386071053,5.482819379377685,5.501892116371044,0.2159923143606522,129.19921875,3.2750965953181583,0.0267912149429321,0.5095104018303986,0.022060964256525,2978.125075673228,-0.0858779466191324
anxiolytic.nature_calm.p0.g11,anxiolytic.nature_calm.p0,anxiolytic,nature_calm,gentle rain sounds with soft calming piano,0,88312,8,1.0,45.0,-28.222986589080705,3.2878390292203834,2.9724304550977223,3.1219604122859037,3.03539763670797,3.1348313704166477,4.622322184619069,4.64381053812403,0.2204664776782789,129.19921875,2.642249360907184,0.0361898653209209,0.2985397466467244,0.0165784265846014,2012.463441687378,0.0244458654869311
anxiolytic.nature_calm.p1.g1,anxiolytic.nature_calm.p1,anxiolytic,nature_calm,peaceful forest ambience with quiet warm pads,0,91315,8,1.0,45.0,-35.625947236945365,4.515346001712229,4.4935877746154125,4.494808309514813,4.633798186861704,4.691878513559297,6.543250652491993,6.65202670399395,0.3147746100585567,129.19921875,6.255204251567399,0.032178096473217,0.719929642252919,0.0135566610842943,2910.696318217456,-0.0136372352842458
anxiolytic.nature_calm.p1.g3,anxiolytic.nature_calm.p1,anxiolytic,nature_calm,peaceful forest ambience with quiet warm pads,0,90854,8,1.0,45.0,-38.3328198313658,2.65074325525396,3.1502076991178285,3.020613578448135,2.7249336876041887,2.917316014033838,4.933858775116708,5.026544855520421,0.3777252061002272,123.046875,5.7029607856016815,0.0649467855691909,0.16304409894564,0.0207652878016233,1810.2764454669968,-0.0129778379659223
anxiolytic.nature_calm.p1.g5,anxiolytic.nature_calm.p1,anxiolytic,nature_calm,peaceful forest ambience with quiet warm pads,0,35487,8,1.0,45.0,-49.928530736121175,3.3008066294122718,2.8663446502361234,3.401057134645977,3.4748533390138943,3.4710142128743557,3.104193838163069,3.25229586914216,0.3265434098878456,123.046875,6.334611730119542,0.0482431501150131,0.4096330045166912,0.0036910944618284,2498.27307141002,-0.0431806179440268
anxiolytic.nature_calm.p1.g7,anxiolytic.nature_calm.p1,anxiolytic,nature_calm,peaceful forest ambience with quiet warm pads,0,71703,8,1.0,45.0,-41.546541805813696,3.135861298843256,3.20561490550382,3.374395046616452,3.624465406681896,3.8181213590405783,6.405892895725019,6.535745608160161,0.3446387254510312,123.046875,6.343806729771784,0.0325203724205493,0.5345222410098222,0.0077279102988541,2950.1290382889024,0.0384942243383887
anxiolytic.nature_calm.p1.g9,anxiolytic.nature_calm.p1,anxiolytic,nature_calm,peaceful forest ambience with quiet warm pads,0,32056,8,1.0,45.0,-36.02698054934086,2.5598937516215754,3.239108933101066,3.3123663461744286,2.880572184794666,3.672630109181565,3.810277046573523,3.9328830677201054,0.2970806115375183,123.046875,5.408548153335071,0.0327729992568492,0.6229057394819969,0.0130201270803809,3417.6066630872424,-0.0110566713519397
anxiolytic.nature_calm.p1.g11,anxiolytic.nature_calm.p1,anxiolytic,nature_calm,peaceful forest ambience with quiet warm pads,0,5376,8,1.0,45.0,-37.48795439076896,3.065368536990361,3.495572466648873,3.2384970959450263,3.262999510424303,3.4736247450058877,7.3097336839609905,7.430164052593451,0.2535847129175055,123.046875,6.810605998825678,0.0309167131781578,0.889068624460375,0.0107945604249835,3679.837531444792,-0.1579054822976624
anxiolytic.nature_calm.p2.g1,anxiolytic.nature_calm.p2,anxiolytic,nature_calm,calm ocean waves with slow soothing melody,0,92336,8,1.0,45.0,-28.635759292985394,3.1971940681650097,3.333296819430993,3.2947112526249365,3.4113623474690926,3.654943050659592,5.059669874370219,5.066530885208009,0.3323833641066272,123.046875,5.888073353195391,0.0332183837890625,0.534079263875572,0.0226361025124788,2758.1524662758857,0.0065883968662575
anxiolytic.nature_calm.p2.g3,anxiolytic.nature_calm.p2,anxiolytic,nature_calm,calm ocean waves with slow soothing melody,0,43040,8,1.0,45.0,-25.88730684814976,3.333420003718857,3.910716524649316,3.2849495799940542,3.356748424554896,3.6168591525092872,5.6403262705377,5.666110625738713,0.3214422461156305,129.19921875,4.143613219637224,0.0285629574209451,0.8227961571800104,0.0379795357584953,2362.3744763679806,0.043948781671967
anxiolytic.nature_calm.p2.g5,anxiolytic.nature_calm.p2,anxiolytic,nature_calm,calm ocean waves with slow soothing melody,0,84605,8,1.0,45.0,-29.53377571057508,2.840639067144379,3.270002240864197,3.27157452369879,3.0319870169263714,3.504316635625333,5.859205312249894,5.834517275321177,0.337568242502216,129.19921875,4.917384238138686,0.025798562914133,0.6712325005689491,0.0178470816463232,2890.9922020118065,-0.2244909260065435
anxiolytic.nature_calm.p2.g7,anxiolytic.nature_calm.p2,anxiolytic,nature_calm,calm ocean waves with slow soothing melody,0,39049,8,1.0,45.0,-29.11330538946842,3.182147197463434,3.334139395466491,3.080686922865321,3.532559139199254,3.430857241729977,5.2771692694511225,5.280719636575633,0.4263351345167764,129.19921875,3.4506901990114462,0.0300591420382261,0.7109236301953875,0.0229125879704952,2783.491952455319,-0.1219132023148208
anxiolytic.nature_calm.p2.g9,anxiolytic.nature_calm.p2,anxiolytic,nature_calm,calm ocean waves with slow soothing melody,0,67697,8,1.0,45.0,-29.071285182037027,2.8316717825544493,3.045074885363944,3.113325569112105,2.9434487504632068,3.432652453869701,4.639023494980306,4.629774129080219,0.329506307510841,117.45383522727272,0.4033274258584807,0.0324734225869178,0.5651101926968914,0.0219664555042982,2416.6559564127247,-0.1154580995844878
anxiolytic.nature_calm.p2.g11,anxiolytic.nature_calm.p2,anxiolytic,nature_calm,calm ocean waves with slow soothing melody,0,56770,8,1.0,45.0,-25.14726361840417,3.4235278492396093,3.688185581692739,3.791682802770238,3.5447202439488272,3.8490875003618092,5.909147133473767,5.920993038316447,0.3641187110932874,123.046875,4.377777777777778,0.0286275409162044,0.7472233827056207,0.0435689464211463,2653.298530813829,0.1143496923663025
anxiolytic.nature_calm.p3.g1,anxiolytic.nature_calm.p3,anxiolytic,nature_calm,"soft wind and distant chimes, deeply relaxing",0,99317,8,1.0,45.0,-23.80422509733783,3.766795641236227,3.3724512732549266,3.6057290766225862,3.862376990441565,3.6136934453481437,2.4773327846741564,2.477101800158145,0.3686062611593052,83.35433467741936,0.9425685578426264,0.0495201051235199,0.0755997938287773,0.023789670318365,1348.6888496114118,0.2649737471113325
anxiolytic.nature_calm.p3.g3,anxiolytic.nature_calm.p3,anxiolytic,nature_calm,"soft wind and distant chimes, deeply relaxing",0,20141,8,1.0,45.0,-42.71956775349644,3.2345581982173237,3.094434684823379,3.099254787792195,2.6456938305007918,2.771933095376009,2.721064678673323,2.825798477458652,0.3788502212550609,123.046875,0.9540026700949368,0.0531479232013225,0.0413465945003706,0.0052267792634665,1014.8423550582093,0.0157224587845057
anxiolytic.nature_calm.p3.g5,anxiolytic.nature_calm.p3,anxiolytic,nature_calm,"soft wind and distant chimes, deeply relaxing",0,3637,8,1.0,45.0,-34.232798427381894,3.151395782100816,2.6699757047801014,3.020165485412484,2.8845860928870604,2.909530753824207,0.8758345471251441,0.8511370670061318,0.4308207626802937,143.5546875,0.3018130896226415,0.0357644781470298,0.0247731215550856,0.0067454781383275,1440.2405852405134,0.0905041414488088
anxiolytic.nature_calm.p3.g7,anxiolytic.nature_calm.p3,anxiolytic,nature_calm,"soft wind and distant chimes, deeply relaxing",0,17804,8,1.0,45.0,-27.032177448535894,3.126628940578966,3.177492955172833,3.2283766270496757,3.113611828531083,3.2001565508882925,2.2713163066540574,2.2763609482015297,0.3771796222729668,86.1328125,0.4279891304347826,0.0335176885128021,0.0117644042340932,0.0137451710179448,1252.490550230572,-0.1368476335829025
anxiolytic.nature_calm.p3.g9,anxiolytic.nature_calm.p3,anxiolytic,nature_calm,"soft wind and distant chimes, deeply relaxing",0,59269,8,1.0,45.0,-35.63522264603166,2.835710894779444,3.316805502137775,2.9420701681545127,2.594189330635776,2.726848001587837,2.935433435679855,3.008450027210793,0.4471559520064573,123.046875,3.4071523931962027,0.0567156746983528,0.0345545079880126,0.0123472660779953,641.19184899607,-0.0819807349803197
anxiolytic.nature_calm.p3.g11,anxiolytic.nature_calm.p3,anxiolytic,nature_calm,"soft wind and distant chimes, deeply relaxing",0,36051,8,1.0,45.0,-45.94684112817206,3.019791276007418,2.6499638715945126,2.857591668914757,2.5853803088240066,2.6048591641071317,2.5722743792171907,2.6881526534098708,0.4453610773401308,117.45383522727272,0.2008278011658031,0.1076234132051467,0.0532169250501548,0.0038956778589636,622.0736892000855,0.0895287612734936
anxiolytic.nature_calm.p4.g1,anxiolytic.nature_calm.p4,anxiolytic,nature_calm,quiet stream sounds with gentle acoustic guitar,0,69120,8,1.0,45.0,-22.1600832195858,3.7848286075101214,3.608443218059149,3.5183160627075365,3.7269789803629383,3.484897171389189,3.731189501385507,3.723141698737016,0.2721008655688109,151.99908088235293,2.124251606308411,0.028481725603342,0.0963974900737687,0.071729339659214,1196.7841146517062,0.1302189284947438
anxiolytic.nature_calm.p4.g3,anxiolytic.nature_calm.p4,anxiolytic,nature_calm,quiet stream sounds with gentle acoustic guitar,0,99158,8,1.0,45.0,-18.803670928766067,4.422622366528922,3.728642300705579,4.6094073472147725,3.46442398996661,3.7297147400231596,4.0057843062861,3.8964825275896695,0.2908561226797249,86.1328125,3.380481350806452,0.0399603657424449,0.1004587595460383,0.1104598715901374,867.5970360731437,0.2906344147061419
anxiolytic.nature_calm.p4.g5,anxiolytic.nature_calm.p4,anxiolytic,nature_calm,quiet stream sounds with gentle acoustic guitar,0,69999,8,1.0,45.0,-19.85722974588005,3.50787238222466,3.7311584302483456,3.434231487716063,2.6901595254967234,2.7705483248387552,3.4337701634278943,3.3949049024219424,0.1861969341679256,117.45383522727272,2.3951370320855614,0.0389182157814502,0.0611120573081494,0.0856420919299125,1008.1889110783868,0.2372041795619619
anxiolytic.nature_calm.p4.g7,anxiolytic.nature_calm.p4,anxiolytic,nature_calm,quiet stream sounds with gentle acoustic guitar,0,97729,8,1.0,45.0,-20.095627620494746,3.3687053582708244,3.1302372926196544,3.146252750827579,2.836102021913569,2.8237672757505985,3.257058676346571,3.250001911357005,0.2027270791887524,112.34714673913044,1.863559531662269,0.0320560336112976,0.0861252514529224,0.0794741809368133,822.5864132539822,0.3013903166872569
anxiolytic.nature_calm.p4.g9,anxiolytic.nature_calm.p4,anxiolytic,nature_calm,quiet stream sounds with gentle acoustic guitar,0,14347,8,1.0,45.0,-16.79480188532333,4.044028145402146,3.3289566770895824,4.1527321070487755,3.31358530717092,3.5114074816288556,4.010555259432435,3.770473592650241,0.2776132223214163,184.5703125,3.1069497926540284,0.0438656359910965,0.101970303743441,0.1583813726902008,754.7289514926698,0.0954089883903173
anxiolytic.nature_calm.p4.g11,anxiolytic.nature_calm.p4,anxiolytic,nature_calm,quiet stream sounds with gentle acoustic guitar,0,69343,8,1.0,45.0,-16.217119224138592,3.502677128038207,3.2326815907764,3.422311081384513,2.7865251300531604,3.021167358464052,3.263068528166298,3.1960961484970243,0.2844433185593982,151.99908088235293,2.170275590551181,0.0306317210197448,0.1038277015078034,0.1483596265316009,609.0622329521508,0.3256670303800471
anxiolytic.nature_calm.p5.g1,anxiolytic.nature_calm.p5,anxiolytic,nature_calm,relaxing rainfall with warm ambient drones,0,46776,8,1.0,45.0,-23.829951298987872,4.6569930071653305,4.692032222023583,4.640318603712331,4.707868935820525,4.711605425154596,5.972216694988973,6.028596415168872,-0.1159562094840155,95.703125,7.994498066334557,0.0569378025829792,0.3515732733986417,0.0696230083703994,1931.2682335604009,-0.1252747312280525
anxiolytic.nature_calm.p5.g3,anxiolytic.nature_calm.p5,anxiolytic,nature_calm,relaxing rainfall with warm ambient drones,0,27302,8,1.0,45.0,-20.68353285849375,5.304298912848381,5.196915078780228,5.63335053585622,5.194696408047816,5.410597341252806,5.454365411962666,5.400192145825112,-0.0644757636424326,129.19921875,9.446824596774194,0.0445306599140167,0.3138323765264935,0.083058588206768,2555.8397080399427,0.0759869316094374
anxiolytic.nature_calm.p5.g5,anxiolytic.nature_calm.p5,anxiolytic,nature_calm,relaxing rainfall with warm ambient drones,0,18352,8,1.0,45.0,-24.040147043376557,4.354113164403043,5.093373372721911,4.474609190958108,4.408179850329274,4.568053053535019,4.118514546999337,4.1444990623876095,-0.0632236524784137,161.4990234375,4.573423672566372,0.0663079097867012,0.1281469395649393,0.0680399909615516,1797.1507024606308,0.0031982697329173
anxiolytic.nature_calm.p5.g7,anxiolytic.nature_calm.p5,anxiolytic,nature_calm,relaxing rainfall with warm ambient drones,0,87052,8,1.0,45.0,-25.00735425654701,4.665120180017023,5.389008660044926,4.835643490959621,4.655015681680944,4.791579129607542,7.3944356133205105,7.429069809507695,-0.0452116046519923,161.4990234375,9.89640080229794,0.0277601443231105,0.6568025933416389,0.0493349693715572,3659.5213727364544,-0.0697751560908321
anxiolytic.nature_calm.p5.g9,anxiolytic.nature_calm.p5,anxiolytic,nature_calm,relaxing rainfall with warm ambient drones,0,41037,8,1.0,45.0,-24.169428411212863,5.02820942072246,5.343525372873184,5.043541447726966,5.007411642970449,4.999415611308066,5.608526299853736,5.660110415944131,-0.1059509365691207,107.666015625,9.608637550057209,0.0422462299466133,0.4999254189153995,0.0524527691304683,2310.425290777828,-0.0648338328270298
anxiolytic.nature_calm.p5.g11,anxiolytic.nature_calm.p5,anxiolytic,nature_calm,relaxing rainfall with warm ambient drones,0,96959,8,1.0,45.0,-20.97566534621048,4.132543665745398,5.480865355732962,4.252529416969497,4.048544777288169,4.086538328395854,5.055906234372803,4.901767735111274,-0.1126936822002717,95.703125,7.7706776494565215,0.067921869456768,0.3472430004211346,0.0965483859181404,1232.2734860389826,-0.1573284337313427
anxiolytic.nature_calm.p6.g1,anxiolytic.nature_calm.p6,anxiolytic,nature_calm,serene night crickets with soft slow synth,0,28242,8,1.0,45.0,-27.663080767389804,4.406312971302755,3.829666238448342,4.420428165677623,4.285447913508402,4.228768687891888,6.132853319176213,6.203305857159052,0.4088476241820037,117.45383522727272,5.666043047971919,0.0441715195775032,3.1563942517456454,0.0193726029247045,4375.365847851343,0.1499659956473379
anxiolytic.nature_calm.p6.g3,anxiolytic.nature_calm.p6,anxiolytic,nature_calm,serene night crickets with soft slow synth,0,21212,8,1.0,45.0,-32.75285003836046,4.742479601561444,4.349529840946838,5.00606269943489,4.737988130479605,5.131023773665037,3.079780063013088,3.2047392069945184,0.3191076811937249,123.046875,6.483599059069524,0.0465590879321098,1.3763426010197004,0.018993018195033,3296.561595442328,-0.0567952745093331
anxiolytic.nature_calm.p6.g5,anxiolytic.nature_calm.p6,anxiolytic,nature_calm,serene night crickets with soft slow synth,0,35806,8,1.0,45.0,-29.6619879973547,4.59914845679657,4.403776653150376,4.5594127907635595,4.410989808731727,4.5262407189533524,6.226780822272742,6.419267451007913,0.4569485779007479,151.99908088235293,4.979695337249208,0.0467792712152004,2.7789310554324165,0.0193218663334846,4572.58196276624,0.3043034711842315
anxiolytic.nature_calm.p6.g7,anxiolytic.nature_calm.p6,anxiolytic,nature_calm,serene night crickets with soft slow synth,0,68777,8,1.0,45.0,-41.99372928197292,2.475763099498591,3.4741249878750424,2.9673166570962435,2.719491682635119,3.114388997551216,1.3377585939781405,1.3392356586142349,0.4097091497680766,129.19921875,0.6072025946475196,0.0375406630337238,1.064112146320847,0.0045651770196855,3858.255285927864,-0.1927457399363603
anxiolytic.nature_calm.p6.g9,anxiolytic.nature_calm.p6,anxiolytic,nature_calm,serene night crickets with soft slow synth,0,87119,8,1.0,45.0,-30.42194576535731,3.613446532139232,3.42505284511807,3.755235939629067,3.67474356065719,3.8487354437560577,3.2885280354633557,3.403687356384311,0.4144585971537313,123.046875,5.728708186619718,0.0395679511129856,1.5820969216189753,0.0203868634998798,3341.790031974927,0.0359755937724307
anxiolytic.nature_calm.p6.g11,anxiolytic.nature_calm.p6,anxiolytic,nature_calm,serene night crickets with soft slow synth,0,22985,8,1.0,45.0,-33.95932042473753,4.017901927956928,4.310285148398162,4.272887224416609,3.777247405051192,4.126226433446771,2.32354718196113,2.5953849613227606,0.4204277988044256,123.046875,3.849258182176656,0.0664448514580726,1.2370892005659673,0.0246806424111127,3157.650108066148,-0.1191673879547537
anxiolytic.nature_calm.p7.g1,anxiolytic.nature_calm.p7,anxiolytic,nature_calm,tranquil birdsong morning with mellow piano,0,69771,8,1.0,45.0,-30.433408700141463,3.2505602467725105,3.5667865998120223,3.633677469863673,3.0379103524817537,3.4411919886779407,2.676606840579824,2.7584841815029786,0.263812601302502,129.19921875,3.8880982806691446,0.041259542107582,1.2275353529610158,0.0145512660965323,2794.994586785174,-0.057595329192685
anxiolytic.nature_calm.p7.g3,anxiolytic.nature_calm.p7,anxiolytic,nature_calm,tranquil birdsong morning with mellow piano,0,55261,8,1.0,45.0,-34.12812153829343,3.4089679329500178,3.2751010015322715,3.542375696541785,3.387566517436322,3.5624193469795244,6.088724282017088,6.200076422250994,0.2770412859530459,129.19921875,4.532119191753926,0.0361525863409042,0.4819575600022207,0.0157255586236715,3075.8174413542006,0.0519115691200147
anxiolytic.nature_calm.p7.g5,anxiolytic.nature_calm.p7,anxiolytic,nature_calm,tranquil birdsong morning with mellow piano,0,73319,8,1.0,45.0,-32.593446330890245,3.541290248971211,3.933773974060884,4.065842268959865,3.4527117193259653,3.8445991956017793,3.671285984709765,3.708370210447021,0.2795391544609824,123.046875,5.029653284671533,0.035448171198368,1.8332219834200447,0.0097961015999317,3580.535304195261,0.0848936338429642
anxiolytic.nature_calm.p7.g7,anxiolytic.nature_calm.p7,anxiolytic,nature_calm,tranquil birdsong morning with mellow piano,0,21126,8,1.0,45.0,-32.718537837178594,3.20828362060206,3.6397776296553896,3.49017232938007,3.1039166221850287,3.387320071430372,4.2481671145551045,4.331994864587193,0.2780597372886341,123.046875,6.599070258275494,0.0366777740418911,0.9155975900167964,0.0149266654625535,3405.1116828530203,-0.1565397218653786
anxiolytic.nature_calm.p7.g9,anxiolytic.nature_calm.p7,anxiolytic,nature_calm,tranquil birdsong morning with mellow piano,0,35266,8,1.0,45.0,-32.2888391090674,3.735848340620028,4.045464214095581,4.13953119300766,3.6920073276620826,3.8843846229919974,6.21358008597811,6.310252452195496,0.244465440267238,123.046875,5.1762507512019225,0.0353225544095039,0.7559430614379061,0.015739282593131,2782.710247744175,0.052131599211544
anxiolytic.nature_calm.p7.g11,anxiolytic.nature_calm.p7,anxiolytic,nature_calm,tranquil birdsong morning with mellow piano,0,8071,8,1.0,45.0,-30.897891632233733,3.1001168135325434,3.472050898964494,3.489312544983285,3.214452920296313,3.3879898535213626,2.7311328586946826,2.781434339246806,0.3009446260303847,129.19921875,2.608023548578199,0.03586071357131,1.5491622015435025,0.0101661095395684,3494.3769270976954,-0.0447042037032341
anxiolytic.nature_calm.p8.g1,anxiolytic.nature_calm.p8,anxiolytic,nature_calm,soothing thunderstorm far away with calm strings,0,22445,8,1.0,45.0,-22.78438612452015,2.7631021041249864,3.569195029736199,2.858190258083048,2.7540041873167653,2.8703548896958986,3.487203184782659,3.5160749655973618,0.2933865957536927,129.19921875,0.9878695043691972,0.064998060464859,0.4090075557831752,0.0433226451277732,1218.0618943323116,0.130937445166518
anxiolytic.nature_calm.p8.g3,anxiolytic.nature_calm.p8,anxiolytic,nature_calm,soothing thunderstorm far away with calm strings,0,7605,8,1.0,45.0,-27.87492535889599,2.6449354990856286,3.183777587484872,2.845282466220806,2.6256687534053778,2.811265940461204,3.306221220846851,3.3059209101185347,0.3985363478571187,129.19921875,1.72265625,0.0678985640406608,0.4061254621470151,0.020702751353383,1129.53670557561,-0.0032098833871441
anxiolytic.nature_calm.p8.g5,anxiolytic.nature_calm.p8,anxiolytic,nature_calm,soothing thunderstorm far away with calm strings,0,86571,8,1.0,45.0,-23.771581090052027,2.735615325979382,3.8262496275708857,3.0904546490338847,2.663011656256608,3.0794603471430344,4.140941610940142,4.149469147083246,0.391912983492062,129.19921875,4.214242788461538,0.0630851984024047,0.3928623755595116,0.0429672263562679,1286.2863759933146,-0.0191260332926756
anxiolytic.nature_calm.p8.g7,anxiolytic.nature_calm.p8,anxiolytic,nature_calm,soothing thunderstorm far away with calm strings,0,38749,8,1.0,45.0,-25.966824278501413,2.386655488483865,3.045225067957922,2.6222430477148007,2.411153629139796,2.6194788295951277,3.689053174827912,3.692689615774873,0.4092473031509681,112.34714673913044,2.7372715836864403,0.0666806623339653,0.3578974130971227,0.0294618867337703,1267.075072910891,0.077155081501884
anxiolytic.nature_calm.p8.g9,anxiolytic.nature_calm.p8,anxiolytic,nature_calm,soothing thunderstorm far away with calm strings,0,26538,8,1.0,45.0,-25.856947352430925,2.5533602826488706,3.0758922895697323,2.7886125902715575,2.6108591186678587,2.808572816970749,3.5852521948921225,3.6023186448990243,0.3003161010500034,123.046875,1.1345705268935238,0.0618042759597301,0.4558872650844114,0.0302301067858934,1289.6106228121596,0.0939971188030918
anxiolytic.nature_calm.p8.g11,anxiolytic.nature_calm.p8,anxiolytic,nature_calm,soothing thunderstorm far away with calm strings,0,56984,8,1.0,45.0,-23.359512086443825,2.7250708713061407,3.202883933966993,3.1594748820070073,2.945537291872828,3.198248618000682,4.123249073458846,4.128762631149584,0.3609507891473198,117.45383522727272,2.797398834468308,0.0558822453022003,0.4286317463310198,0.0492925122380256,1548.1272379670584,0.2995985379094196
anxiolytic.nature_calm.p9.g1,anxiolytic.nature_calm.p9,anxiolytic,nature_calm,"still lake at dawn, airy peaceful soundscape",0,70945,8,1.0,45.0,-43.81282526093264,3.6302302903425696,3.778046279653191,4.038043186941694,4.335172750388047,4.365623668456211,5.342833949401364,5.508001499063603,0.4771274011804182,123.046875,5.194955531984334,0.036793652921915,0.4019538772766141,0.0057596992701292,2167.800566784684,-0.0149278395473437
anxiolytic.nature_calm.p9.g3,anxiolytic.nature_calm.p9,anxiolytic,nature_calm,"still lake at dawn, airy peaceful soundscape",0,63023,8,1.0,45.0,-31.081384071793703,3.1406245248034166,3.699039413311308,3.53273316191925,3.166457503120072,3.637269882755438,6.211606694754035,6.299884245519339,0.4799520952641866,123.046875,5.472781920241287,0.0333859026432037,0.6968793047701932,0.0204006247222423,2858.789054619813,0.0066844588656127
anxiolytic.nature_calm.p9.g5,anxiolytic.nature_calm.p9,anxiolytic,nature_calm,"still lake at dawn, airy peaceful soundscape",0,67178,8,1.0,45.0,-35.28831805909959,3.1772445687338577,3.605765138746776,3.573727857525305,4.050920019951525,4.058776349503023,5.616569602134787,5.707135951444431,0.3973340028922465,123.046875,4.42509000389206,0.0312849096953868,0.5763513872806239,0.0154610630124807,2450.818637083409,0.0925500596203861
anxiolytic.nature_calm.p9.g7,anxiolytic.nature_calm.p9,anxiolytic,nature_calm,"still lake at dawn, airy peaceful soundscape",0,47261,8,1.0,45.0,-35.0685338575958,3.386934333867246,3.7509199614910016,3.6867910843322873,3.970454847481145,4.2671103785592095,5.420958072110333,5.5316857252405285,0.3993926520398025,123.046875,5.5294028901357,0.0369060300290584,0.3662269800266552,0.0190042965114116,2262.652538488397,-0.0745889292763484
anxiolytic.nature_calm.p9.g9,anxiolytic.nature_calm.p9,anxiolytic,nature_calm,"still lake at dawn, airy peaceful soundscape",0,41238,8,1.0,45.0,-21.149854178325825,2.54180161176337,4.07901215786549,2.822039569958528,2.4865445910712043,2.827035627220085,2.866348361064832,2.849399669137544,0.1371900668673753,123.046875,4.722979063799376,0.0335058756172657,0.0556171572670729,0.0810314640402793,468.7831695703426,0.1158067602514028
anxiolytic.nature_calm.p9.g11,anxiolytic.nature_calm.p9,anxiolytic,nature_calm,"still lake at dawn, airy peaceful soundscape",0,39227,8,1.0,45.0,-35.37580808033286,3.062809440557017,3.4430545880046743,3.325178087677398,3.152803210991344,3.2337737761020704,4.423068706447475,4.514005852286681,0.4644512210285081,123.046875,5.83340954222408,0.0388545840978622,0.8286527513811932,0.0109883276745677,2323.3311411247246,-0.0019758892212797
controls.neutral.p0.g1,controls.neutral.p0,controls,neutral,instrumental music,0,32012,8,1.0,45.0,-22.306998773047077,2.927360100086173,3.0927858562056336,2.810732610513459,2.647626084472797,2.7801957556599035,2.782069482205299,2.774697864162446,-0.0458874580334183,117.45383522727272,1.471569674319274,0.0401349663734436,0.0613154104918913,0.0746249705553054,547.4812647834734,-0.0828950308155723
controls.neutral.p0.g3,controls.neutral.p0,controls,neutral,instrumental music,0,80869,8,1.0,45.0,-25.471780451360697,3.631069303233874,3.1080732981487738,3.302482254639925,3.709752844102409,3.329190299269917,3.0264721820417617,3.0450827001857617,0.1053800656337747,135.99917763157896,0.6023273601398601,0.0365103334188461,0.1511471954080702,0.051463883370161,1001.702033091314,-0.0736879357307894
controls.neutral.p0.g5,controls.neutral.p0,controls,neutral,instrumental music,0,7112,8,1.0,45.0,-27.667822667531286,2.908729178249009,3.280171957978586,3.0170713563259293,2.875433509814277,2.849234375392485,3.083527534165278,3.1220553387680074,-0.1074882893679526,86.1328125,1.0036189959865356,0.0321293212473392,0.0991215742079417,0.0341505222022533,546.7359570397728,0.1185885935630912
controls.neutral.p0.g7,controls.neutral.p0,controls,neutral,instrumental music,0,35092,8,1.0,45.0,-28.77965227167494,2.8692104100871347,2.592959737749866,2.668400922722922,2.3002545685928952,2.4168556036642603,2.0807821202177883,2.0771049701501725,-0.1197792808872293,123.046875,0.3888098280669145,0.0375932678580284,0.0616422281433986,0.0239621382206678,538.8908923807069,-0.1044592370055095
controls.neutral.p0.g9,controls.neutral.p0,controls,neutral,instrumental music,0,78422,8,1.0,45.0,-24.1469859970105,3.580888625355265,3.2657805307645744,3.2116819798100025,3.53150601748756,3.1477892236238114,3.2747874700222424,3.273113469209576,0.0849739139406852,117.45383522727272,1.723613813229572,0.0338484235107898,0.1295265827820649,0.0575753524899482,962.1399712656864,-0.0485990561485392
controls.neutral.p0.g11,controls.neutral.p0,controls,neutral,instrumental music,0,3327,8,1.0,45.0,-26.03668690131372,3.0523039171821096,2.6221634548797264,2.87476952650522,3.0667166226535194,2.9305764331164705,2.9744274804227944,2.979184461642961,-0.0178269594729491,86.1328125,0.6360017800632911,0.026087399572134,0.0273464898543596,0.0303286928683519,711.5602772829809,0.191859825378959
controls.neutral.p1.g1,controls.neutral.p1,controls,neutral,a piece of background music,0,18884,8,1.0,45.0,-22.916632876428128,3.508342628697542,3.429333237225813,3.201874062768355,3.50486724633151,3.1979540324926896,3.289198591502539,3.2890080066122507,0.2740089025152146,129.19921875,1.2855643656716418,0.0224643629044294,0.0469358248914173,0.0633477345108985,628.3352985838286,0.1687744966161382
controls.neutral.p1.g3,controls.neutral.p1,controls,neutral,a piece of background music,0,36914,8,1.0,45.0,-23.50513563532694,3.212712189771389,3.7260363773105234,3.5958999004683037,3.3607371887128505,3.7039637165025687,3.597700380810921,3.6111504403156953,0.2958968753178447,135.99917763157896,1.9554967991024288,0.0357122346758842,0.0895997161150327,0.0635231211781501,810.2093138372553,-0.1908140609502409
controls.neutral.p1.g5,controls.neutral.p1,controls,neutral,a piece of background music,0,79565,8,1.0,45.0,-18.77102662624442,3.993317077236157,3.4237646909934,3.807385162411169,3.1806605650835817,3.3233976599946318,3.18889792481192,3.1535840948801632,0.3721952954501447,123.046875,0.3661331030818279,0.0295617803931236,0.1177138451439887,0.1134845912456512,924.6657717828712,0.2328599207597542
controls.neutral.p1.g7,controls.neutral.p1,controls,neutral,a piece of background music,0,73414,8,1.0,45.0,-21.750698158661464,3.5231260432918865,4.300187557210856,3.453827644243925,3.418270313790486,3.3388171453398092,3.2413539859122222,3.23216504553933,0.3036572334114001,103.359375,2.357219827586207,0.0230955518782138,0.0991672371856807,0.0780316442251205,513.2058986052848,0.2188254992555418
controls.neutral.p1.g9,controls.neutral.p1,controls,neutral,a piece of background music,0,20415,8,1.0,45.0,-20.140729976217663,2.311186414245887,3.358375678511704,2.590579268465116,2.234705333582717,2.536112111025255,2.520160602642974,2.5427812534211403,0.2174180445881086,103.359375,0.6927572050938339,0.0270019527524709,0.1014705284945302,0.0660253837704658,400.6156712977421,0.0274590728626498
controls.neutral.p1.g11,controls.neutral.p1,controls,neutral,a piece of background music,0,83611,8,1.0,45.0,-17.5553825310497,3.9619021567675854,3.4187845026072763,3.9910955237051207,3.0451804097804707,3.183443091930827,3.845777662692917,3.710339307905193,0.3302666541611578,161.4990234375,3.3642029494382024,0.0429306961596012,0.1449778066452219,0.1340998113155365,651.1626589194943,0.3523571514639502
controls.neutral.p2.g1,controls.neutral.p2,controls,neutral,melodic instrumental track,0,21641,8,1.0,45.0,-14.579380521908574,5.846703363349902,5.576424722813682,5.866299156742702,5.214458045675173,5.321902885241287,5.732674334132914,5.172960341685154,0.3711379089898615,172.265625,5.044444444444444,0.0542509332299232,0.1549870535347297,0.212607592344284,2002.777820931792,-0.2183802560713597
controls.neutral.p2.g3,controls.neutral.p2,controls,neutral,melodic instrumental track,0,86776,8,1.0,45.0,-16.996787118896115,6.094666955802196,6.36831483551548,6.432430877813776,5.935074535095878,6.093370119012439,6.5644497746370725,6.325892849435918,0.321774959242434,129.19921875,7.6397235576923075,0.0390727594494819,0.1152228306068639,0.1514454931020736,2765.1158804979887,-0.0205789930383294
controls.neutral.p2.g5,controls.neutral.p2,controls,neutral,melodic instrumental track,0,50922,8,1.0,45.0,-17.402278197034825,6.141750302660458,5.488270484560639,6.107519513242282,5.28234708754314,5.5245902397465,6.237372519742641,5.840854098255389,0.2626230714079091,129.19921875,6.4227764423076925,0.0514696389436721,0.1355711788234468,0.1737893372774124,2389.8155206174447,-0.2574904271857373
controls.neutral.p2.g7,controls.neutral.p2,controls,neutral,melodic instrumental track,0,27405,8,1.0,45.0,-17.745204093527004,6.318171722669651,5.391063409498483,6.184543153236264,5.494082245231208,5.575970766617774,6.026206350397741,5.65728858003833,0.2721663574934103,129.19921875,5.859375,0.0601509362459182,0.1044743805007475,0.1744673997163772,2267.4912874850475,-0.0858660939798549
controls.neutral.p2.g9,controls.neutral.p2,controls,neutral,melodic instrumental track,0,71807,8,1.0,45.0,-17.526602797632755,6.148031067071521,5.292139063105367,5.914272282647625,5.36542548262452,5.344374003685513,6.001754738786089,5.62752136603337,0.2846766707434605,129.19921875,4.935396634615384,0.0518101826310157,0.1445623007855166,0.1703594028949737,2503.1825761868545,-0.0826579533192679
controls.neutral.p2.g11,controls.neutral.p2,controls,neutral,melodic instrumental track,0,33787,8,1.0,45.0,-20.934816056629376,4.804576362315892,4.950525973437502,4.809323154182679,4.651500027022515,4.636985434164456,4.727108664038628,4.635096781571838,0.2780839500030592,86.1328125,3.4444444444444446,0.0442225597798824,0.1290883894858156,0.0975062027573585,1983.671917032152,0.2487926443157611
controls.neutral.p3.g1,controls.neutral.p3,controls,neutral,an instrumental composition,0,66949,8,1.0,45.0,-27.17663196332681,3.3029385058720533,2.914702043265412,2.9072243656319547,3.0756026754713406,2.8650235423069157,3.239830912755492,3.287883694294333,0.3047508231035162,117.45383522727272,0.797948236500794,0.0485854223370552,0.0887504020397832,0.0390435494482517,1245.361569394922,-0.081367923374979
controls.neutral.p3.g3,controls.neutral.p3,controls,neutral,an instrumental composition,0,98919,8,1.0,45.0,-25.95766889467126,3.068746107497965,3.376619281262323,3.186428575363376,3.136603312357657,3.2244083739393803,3.4114359097376914,3.4418304068353835,0.4248275409758161,129.19921875,1.9690116626794256,0.0480181127786636,0.2248907464403827,0.0477367639541626,987.8263594959648,0.1896321033265037
controls.neutral.p3.g5,controls.neutral.p3,controls,neutral,an instrumental composition,0,35237,8,1.0,45.0,-32.10442856031375,3.2089180674105786,2.2787387201654785,3.0654546085108985,2.701678869061628,2.7441745350986837,3.0989868002967924,3.057925621420131,0.3376563486060539,198.76802884615384,0.439453125,0.0171609949320554,0.1214742501537964,0.0116441063582897,718.3531702193258,0.0954986066798847
controls.neutral.p3.g7,controls.neutral.p3,controls,neutral,an instrumental composition,0,18266,8,1.0,45.0,-30.46434128780849,2.900294895254617,2.8747029605460983,3.0696063811469876,2.556462335015093,2.9076089506301033,2.9211539685879533,2.9468054986961816,0.1855924536275106,107.666015625,1.4902744684750733,0.0737704113125801,0.0675562029236689,0.0192644633352756,733.5106616633387,-0.0693731361155418
controls.neutral.p3.g9,controls.neutral.p3,controls,neutral,an instrumental composition,0,20231,8,1.0,45.0,-19.22797588136778,4.6358173465953305,4.8922856476671495,4.958116054224037,4.343529533590919,4.77513366211756,4.926105148854302,4.798266741586581,0.197772890131588,86.1328125,4.021054376657825,0.061567910015583,0.3807320417394451,0.0755971223115921,3340.4656261013874,0.0231899642225486
controls.neutral.p3.g11,controls.neutral.p3,controls,neutral,an instrumental composition,0,72194,8,1.0,45.0,-22.71532207229877,3.527855366924705,3.802868373040653,3.437322301892094,3.499983629109435,3.417911281452953,3.7247165857175686,3.720552873204383,0.2750902769198865,172.265625,2.21484375,0.045005165040493,0.1108595691864301,0.0643041133880615,984.9432159505344,-0.3379825940156173
controls.neutral.p4.g1,controls.neutral.p4,controls,neutral,a musical piece with melody and accompaniment,0,19264,8,1.0,45.0,-21.94800855537714,3.0431450073620057,2.720195771909026,3.1645051628014818,3.020410680414839,3.1740540989728507,3.2768912202514047,3.2524820799578578,0.0911504903209947,86.1328125,1.5656385833772393,0.0463374517858028,0.1071391610698695,0.0792941972613334,465.8877262256328,0.249875812734293
controls.neutral.p4.g3,controls.neutral.p4,controls,neutral,a musical piece with melody and accompaniment,0,6340,8,1.0,45.0,-23.562665578653014,3.889429142326605,3.778623775752734,3.848312755176915,3.8248066142021786,3.9019021589322365,3.668933485614554,3.682191189398309,0.1538725287491665,123.046875,1.560034474478595,0.0478431768715381,0.1064404318647926,0.0566208846867084,816.5732312767707,0.2539560816245277
controls.neutral.p4.g5,controls.neutral.p4,controls,neutral,a musical piece with melody and accompaniment,0,14907,8,1.0,45.0,-19.97600103177711,3.785900289445384,3.975340634854551,3.925043631139951,3.853893523132729,3.8010894934653416,4.651617625012605,4.591230315560121,0.3492956664225732,117.45383522727272,1.4818548387096775,0.0325528420507907,0.0969871296966522,0.0878598093986511,2117.309342171385,0.1659813895949232
controls.neutral.p4.g7,controls.neutral.p4,controls,neutral,a musical piece with melody and accompaniment,0,76425,8,1.0,45.0,-23.82327346646149,4.188071821714455,3.5989660081955663,4.070578549875121,4.236370333405824,4.120843575766807,3.713102113494486,3.7329007798909086,0.1190648893754072,117.45383522727272,3.094315516085791,0.0434777401387691,0.0821960519292743,0.0561330169439315,974.011523876474,0.1256165421967877
controls.neutral.p4.g9,controls.neutral.p4,controls,neutral,a musical piece with melody and accompaniment,0,66795,8,1.0,45.0,-20.94417724724516,3.8211206043296944,3.9076742838463656,3.88293463657252,3.6606764609214215,3.7017904762582887,4.268776572028821,4.205307944902806,0.3837165392038454,117.45383522727272,2.132949446994992,0.0467628575861454,0.0677154718086747,0.0812766700983047,1526.696357823103,0.0021174499226191
controls.neutral.p4.g11,controls.neutral.p4,controls,neutral,a musical piece with melody and accompaniment,0,36843,8,1.0,45.0,-21.165649965451465,3.3377276746612194,3.5455412651731004,3.6095536446540115,3.438210338738044,3.5557466611880093,3.472749318419893,3.4460383300973114,0.3811164281937606,117.45383522727272,1.1580882352941175,0.0497486628592014,0.0970319022779872,0.0739137977361679,1231.6537406672771,0.0712802002198047
controls.neutral.p5.g1,controls.neutral.p5,controls,neutral,a song without vocals,0,7984,8,1.0,45.0,-21.224792291446462,4.254117806513443,4.5290333211577005,4.480719694014996,4.289770830014756,4.435021928819138,4.765685286112028,4.749269059034719,0.2543424365361239,117.45383522727272,2.486774114173228,0.0316749885678291,0.1537782024997016,0.0749493390321731,2408.691385246409,0.3174734531794544
controls.neutral.p5.g3,controls.neutral.p5,controls,neutral,a song without vocals,0,89549,8,1.0,45.0,-18.02312746315476,5.596336916941587,4.978004449379466,5.244629197283597,4.058588776031958,4.161154439463539,4.772208969976669,4.641275688110415,0.2544271054616947,123.046875,3.249351603308184,0.0407734140753746,0.1484114891929569,0.1192944198846817,2186.907550663488,0.2574786242120406
controls.neutral.p5.g5,controls.neutral.p5,controls,neutral,a song without vocals,0,85105,8,1.0,45.0,-19.254298313311725,5.08980687839645,4.796394105620467,5.237773664648995,4.695964163328207,4.93649382501772,4.941461739340615,4.844689184037519,0.2991870042670056,86.1328125,2.562150397697879,0.0380801521241664,0.1673603297582741,0.1001452654600143,2383.0370021255585,0.4119744579823258
controls.neutral.p5.g7,controls.neutral.p5,controls,neutral,a song without vocals,0,66046,8,1.0,45.0,-19.344663597371284,4.726040028408546,5.022028057852804,4.9410503676918,4.3954380043267545,4.502691049498117,5.312782558128832,5.244333849997475,0.3630113002008009,95.703125,2.8240266393442623,0.0315574780106544,0.1199678386677976,0.092680275440216,2803.628262105005,0.2995903772698516
controls.neutral.p5.g9,controls.neutral.p5,controls,neutral,a song without vocals,0,97407,8,1.0,45.0,-18.905179259301057,4.84505656273372,4.670102262819256,4.952566141192298,4.308922880609567,4.703021199874852,4.849484873288179,4.764689837114312,0.2445813713012102,151.99908088235293,1.9026218977390847,0.028145371004939,0.1682571593237422,0.1001870334148407,2459.988660946416,0.1501044178150894
controls.neutral.p5.g11,controls.neutral.p5,controls,neutral,a song without vocals,0,68628,8,1.0,45.0,-18.15903389617338,5.282007204901344,5.3413553586669416,4.987662241835176,4.502616110580978,4.479134836199448,4.782728903282078,4.6313976362725136,0.2779320343297188,112.34714673913044,2.5634765625,0.0372850336134433,0.1524640812634285,0.1083485409617424,2174.14391416239,0.2784328025580844
controls.neutral.p6.g1,controls.neutral.p6,controls,neutral,a short instrumental tune,0,75292,8,1.0,45.0,-23.02862451843239,3.062183758246035,3.5605403735533336,3.399204389876563,3.081520431375552,3.4156521013411627,2.001470544983328,2.0013595726558715,0.2602568266173371,117.45383522727272,1.0504001524390243,0.0497255213558673,0.0260881448741222,0.0512300468981266,1236.3302314371897,0.0048649009958112
controls.neutral.p6.g3,controls.neutral.p6,controls,neutral,a short instrumental tune,0,54757,8,1.0,45.0,-21.71716803432427,5.29622311264496,5.2524373199357735,5.266241410787885,4.747561586454876,5.1142885777623475,4.9017202478947866,4.865662285973327,0.2345064429083844,112.34714673913044,4.0972268102537,0.0348647460341453,0.1521410709181753,0.0727952569723129,2020.444590398793,-0.1456691392391538
controls.neutral.p6.g5,controls.neutral.p6,controls,neutral,a short instrumental tune,0,95021,8,1.0,45.0,-22.63352918851172,4.710618645248606,4.283063818504329,4.5559414426117115,4.639155824742791,4.517529528317357,4.8291248202620425,4.820598386372716,0.3643988286426801,99.38401442307692,1.7742714185393258,0.042340412735939,0.0654991442139494,0.0424641370773315,1586.9061472100354,0.2470062139977106
controls.neutral.p6.g7,controls.neutral.p6,controls,neutral,a short instrumental tune,0,88183,8,1.0,45.0,-15.02652897054771,4.465904886648524,4.205967469233745,4.257343530667354,3.8581513267056495,3.834606245588559,4.04281263537171,3.769347454793144,0.5111696423645996,112.34714673913044,1.8424131016042784,0.0399814806878566,0.059669181497625,0.1701508611440658,1052.9960332803985,0.2827973377270549
controls.neutral.p6.g9,controls.neutral.p6,controls,neutral,a short instrumental tune,0,92688,8,1.0,45.0,-19.24758599461646,4.424938340549256,4.546748389592103,4.238401927587658,4.204996018024128,3.89887987254077,3.976848971768319,3.887571492153159,0.477222798419972,117.45383522727272,2.01873779296875,0.0390598773956298,0.0375571469247215,0.0877969413995742,2129.309131385324,-0.1802941788144638
controls.neutral.p6.g11,controls.neutral.p6,controls,neutral,a short instrumental tune,0,38681,8,1.0,45.0,-23.51498849642091,2.408733267745862,3.5994507168676457,2.5521936451512497,2.4018008556910027,2.601535667053187,3.0591184276252994,3.064502382629378,0.2107480440862345,83.35433467741936,1.33401361641714,0.0684370845556259,0.1083174484573273,0.0516924075782299,515.392098191381,-0.0573563070169494
controls.neutral.p7.g1,controls.neutral.p7,controls,neutral,music with instruments,0,98625,8,1.0,45.0,-18.764936668583257,3.830065719474994,3.1269300450022643,3.8737960679175876,3.3314548607241354,3.2552595330198932,3.0260542661053704,3.02305421203327,0.2477622475388936,123.046875,0.1127392833769633,0.035469714552164,0.3435423258255261,0.1050185039639473,903.6341666245114,0.3444931625601503
controls.neutral.p7.g3,controls.neutral.p7,controls,neutral,music with instruments,0,47889,8,1.0,45.0,-30.42520238463508,3.863565096457135,3.624845505472476,3.6608840313262605,3.8894511802853073,3.5935476833494002,3.336587881292141,3.3145382349048367,0.0520171361065846,123.046875,6.663104363207546,0.0423981621861457,0.0275132449922818,0.01445675175637,1538.7178829222569,0.0476338743113932
controls.neutral.p7.g5,controls.neutral.p7,controls,neutral,music with instruments,0,18047,8,1.0,45.0,-27.921658600110536,4.287693822147309,3.7430795550117937,4.1906725877133,4.066809057084693,4.1215454917362955,5.145880237951012,5.209756861975119,0.3214934060632969,83.35433467741936,1.769238738299532,0.0287266466766595,0.0437106953633528,0.032324131578207,2407.9609535425707,0.2092609103282295
controls.neutral.p7.g7,controls.neutral.p7,controls,neutral,music with instruments,0,13757,8,1.0,45.0,-23.33064756371877,4.928851117259188,4.079899194191377,4.742979052510565,4.936991299994508,4.764100996245586,4.264846487590686,4.27180227941487,0.062148444250477,99.38401442307692,1.698519395433316,0.0294039156287908,0.166811820110201,0.0512601174414157,1376.885159661805,0.2538210921261904
controls.neutral.p7.g9,controls.neutral.p7,controls,neutral,music with instruments,0,64024,8,1.0,45.0,-23.042198230707985,3.5764753962919964,3.1614230484130443,3.4974916279093384,3.524463776706709,3.489591735907804,3.535378897195814,3.53626597765989,0.4334686314859907,123.046875,0.0455970420857596,0.041808683425188,0.0460620269420696,0.0339325852692127,2583.0187683438025,0.2069690782295579
controls.neutral.p7.g11,controls.neutral.p7,controls,neutral,music with instruments,0,38338,8,1.0,45.0,-24.178969489870724,3.3144807995673884,3.2091305111475985,3.1748131250413025,3.160063907274623,3.15115716761562,3.384075743774833,3.390458621082841,0.2858025301103329,129.19921875,0.061567414224446,0.028691841289401,0.1124927440690724,0.0570700131356716,1299.539002719901,0.1582013444692571
controls.neutral.p8.g1,controls.neutral.p8,controls,neutral,an original instrumental piece,0,21446,8,1.0,45.0,-20.344387186482837,3.985262770361008,4.378267534617773,3.8681867800432634,3.7975047204976464,3.672120456569277,4.2223385470172845,4.122278495876256,0.3565664287816171,172.265625,3.4498220713350785,0.041653785854578,0.104345638154521,0.0937665924429893,1008.4008197338696,0.1549253224001747
controls.neutral.p8.g3,controls.neutral.p8,controls,neutral,an original instrumental piece,0,23247,8,1.0,45.0,-16.94774320048244,4.335936908485365,4.60788447220566,4.419658408489772,3.888788130750785,4.02935895237984,4.718555207765038,4.527565254106841,0.3551704283977287,89.10290948275862,2.274056290827436,0.0301648247987031,0.1824976242600489,0.1377632915973663,1878.9303617288,-0.2680997767359132
controls.neutral.p8.g5,controls.neutral.p8,controls,neutral,an original instrumental piece,0,86954,8,1.0,45.0,-36.39239941745443,4.070945386161944,2.8257384004180146,4.03799388077981,4.227870105021618,4.196632046382185,3.609269296847783,3.5823142967406447,0.1525340376759114,95.703125,3.285107268808777,0.0586276389658451,0.0687896182237675,0.0156961698085069,1778.3630219558302,-0.0045106222918218
controls.neutral.p8.g7,controls.neutral.p8,controls,neutral,an original instrumental piece,0,71852,8,1.0,45.0,-22.001139793068536,2.602476412802528,3.010699742043589,2.9922765481804063,2.624689498240429,2.932673633515067,3.0140420668100827,3.005284372552306,0.2267647085306358,117.45383522727272,1.2178827278880866,0.0377985648810863,0.1686605362412826,0.058049876242876,508.4761910632725,0.2550526929455486
controls.neutral.p8.g9,controls.neutral.p8,controls,neutral,an original instrumental piece,0,69981,8,1.0,45.0,-20.039072932193207,4.432557349395553,4.314090655287735,4.355502724137599,3.9199355958782345,3.744027267871053,4.659467474591953,4.583582795603626,0.2445588255200272,172.265625,4.777777777777778,0.040800753980875,0.2304313681296011,0.1117635294795036,1112.1918143163962,0.2917238406985346
controls.neutral.p8.g11,controls.neutral.p8,controls,neutral,an original instrumental piece,0,62386,8,1.0,45.0,-24.084594797546657,3.33179578905957,3.7897083089067087,3.212397047269122,3.474467730628396,3.3353371630828454,3.9844413649200168,3.997666382724436,0.2831201848536748,161.4990234375,2.6657967582710778,0.028178134933114,0.14697436974941,0.0607106611132621,1226.4140936202373,0.3204548335655712
controls.neutral.p9.g1,controls.neutral.p9,controls,neutral,a melodic composition for small ensemble,0,91393,8,1.0,45.0,-20.211347632914357,4.2994359944252745,3.92303196527486,3.87551580030165,4.05639052370237,3.5878031529283136,3.772996231555402,3.7321821354059055,0.4670337116240374,86.1328125,1.5333333333333334,0.035025019198656,0.1034085337952663,0.0869555994868278,1463.2088675211185,-0.0886341827007662
controls.neutral.p9.g3,controls.neutral.p9,controls,neutral,a melodic composition for small ensemble,0,31352,8,1.0,45.0,-20.096656061889615,4.230158731263526,3.7597629954592544,4.025689711496374,3.5830192175817244,3.3424057877290148,3.977861659473205,3.905812463961108,0.2157273716990987,172.265625,2.4411973596256686,0.0546510629355907,0.15426696442672,0.0971761047840118,666.9941309630997,0.225371702476736
controls.neutral.p9.g5,controls.neutral.p9,controls,neutral,a melodic composition for small ensemble,0,77744,8,1.0,45.0,-21.503731863178853,2.728324135877035,3.052175572493092,2.8571661459520996,2.7872476958274675,2.870116681269947,3.5704587203407456,3.555743743389664,0.3114896897234773,86.1328125,1.6222222222222222,0.0339363627135753,0.055756961540698,0.0686614960432052,432.2547453424429,0.2390251791173608
controls.neutral.p9.g7,controls.neutral.p9,controls,neutral,a melodic composition for small ensemble,0,24545,8,1.0,45.0,-25.316694360832905,3.9594292970539686,4.209329948848263,3.839376276500924,3.761638959191975,3.8023034765706463,3.931152126050887,3.9716279941755976,0.3304217550337286,129.19921875,1.9381009615384612,0.0257655791938304,0.0985325073826349,0.0515867546200752,1170.6365759603525,-0.2209633759943964
controls.neutral.p9.g9,controls.neutral.p9,controls,neutral,a melodic composition for small ensemble,0,24171,8,1.0,45.0,-22.452056224646476,3.5570058643929388,3.9587207301880345,3.593431128797705,3.571063832541238,3.548058038577082,3.568553266198233,3.5530528471901928,0.2668514408096323,123.046875,2.668244735054348,0.0577129609882831,0.1731355341754402,0.0707304254174232,1169.3255339294751,0.2215607914160299
controls.neutral.p9.g11,controls.neutral.p9,controls,neutral,a melodic composition for small ensemble,0,39664,8,1.0,45.0,-23.85216404172004,3.9655649931682286,4.171309752004352,4.0302872793326046,3.824629905854909,4.027092817785411,3.715645213818179,3.747975032983057,0.2476864900309443,129.19921875,2.854348240323436,0.0668603554368019,0.2919077296469429,0.0626075863838195,766.0322715626642,0.1750961137715314
controls.high_arousal.p0.g1,controls.high_arousal.p0,controls,high_arousal,intense energetic workout music with driving beat,0,47863,8,1.0,45.0,-14.117531302228134,5.872147903224024,6.02337962559982,5.610374786338967,5.756067188090632,5.796890342429829,7.426752018519977,6.648277592034584,0.2845775482192981,129.19921875,7.774939903846153,0.0531708262860775,0.1264534549235244,0.2463048696517944,2780.441362977393,-0.2729914758260316
controls.high_arousal.p0.g3,controls.high_arousal.p0,controls,high_arousal,intense energetic workout music with driving beat,0,68798,8,1.0,45.0,-14.554082065374212,5.701896926807735,6.195039952025012,5.798484241293089,5.076539982043611,5.457592796184681,6.685928628878846,5.887024686824368,0.3246537339214652,129.19921875,3.984711921719812,0.0540402568876743,0.1106783140227898,0.2398173660039901,2615.6008385975447,-0.136055471013097
controls.high_arousal.p0.g5,controls.high_arousal.p0,controls,high_arousal,intense energetic workout music with driving beat,0,15287,8,1.0,45.0,-15.236490680841174,6.079338381298324,6.145335782125945,5.886374313030467,5.809375914784731,5.602266957281598,6.719883645010763,6.21146962935242,0.4336968954040869,143.5546875,3.722649918962723,0.0436770804226398,0.1488316994480773,0.1825221627950668,3702.050859959012,-0.1536862971104943
controls.high_arousal.p0.g7,controls.high_arousal.p0,controls,high_arousal,intense energetic workout music with driving beat,0,5101,8,1.0,45.0,-16.046037655952837,6.944826378658906,5.91527224575147,6.689268382423643,5.888894337114969,5.7970734066241905,7.100341337431433,6.426064586886218,0.3167133924178141,129.19921875,6.268304155759162,0.065031312406063,0.1563433216015182,0.1919951140880584,3185.379549910326,-0.2261770071057223
controls.high_arousal.p0.g9,controls.high_arousal.p0,controls,high_arousal,intense energetic workout music with driving beat,0,9784,8,1.0,45.0,-13.041291288864285,5.622587772340705,6.423999474673303,5.476758008318635,5.0786784252076735,5.278248376252119,8.296457405300384,6.858021213461798,0.3104112145180799,129.19921875,4.659643954918033,0.0454319268465042,0.1666546347939022,0.2398846298456192,3582.1936248828265,-0.082997226437001
controls.high_arousal.p0.g11,controls.high_arousal.p0,controls,high_arousal,intense energetic workout music with driving beat,0,60323,8,1.0,45.0,-18.53319694642577,5.914666795115392,6.489719565598229,6.053749456533803,5.537749943331337,5.621575143332838,5.786516989432398,5.576899726195894,0.3115555640919783,129.19921875,2.7001592959694416,0.0384913757443428,0.2084384521383389,0.1300575286149978,2719.2062801013367,-0.2208574313952249
controls.high_arousal.p1.g1,controls.high_arousal.p1,controls,high_arousal,fast aggressive electronic dance music,0,98079,8,1.0,45.0,-21.16117685730004,5.482937589856614,5.8240793968796085,5.521193172544419,5.2943130683344695,5.433654921251541,6.378749837523811,6.264742553715706,0.3048675355246765,161.4990234375,5.357760608856089,0.0587253980338573,0.1866943141067559,0.0969850867986679,2678.0418770911547,-0.0659497590434776
controls.high_arousal.p1.g3,controls.high_arousal.p1,controls,high_arousal,fast aggressive electronic dance music,0,38294,8,1.0,45.0,-14.71350457147754,5.926300844904999,6.608385491571788,5.422551103966401,5.557619581079117,5.324896554632835,6.755989831455134,6.071466907872143,0.5334515288175165,129.19921875,4.9579326923076925,0.0780268982052803,0.1746428522636883,0.2284585386514663,3253.3626324210163,0.1132048317208324
controls.high_arousal.p1.g5,controls.high_arousal.p1,controls,high_arousal,fast aggressive electronic dance music,0,46539,8,1.0,45.0,-17.84066913115122,5.480700463278578,5.633131439115031,5.68547584392538,5.149844600640045,5.555973584521555,6.529509221702284,6.288319387637051,0.3762846585325593,129.19921875,6.555555555555555,0.050720352679491,0.1065745439665464,0.1604787558317184,3023.1209793973,-0.0778677980380462
controls.high_arousal.p1.g7,controls.high_arousal.p1,controls,high_arousal,fast aggressive electronic dance music,0,65361,8,1.0,45.0,-18.19357628748953,6.608644455408251,6.13546501145446,6.293959852537705,5.876454377524487,5.736051347139233,7.208708063173567,6.839082954710392,0.4453743691759024,129.19921875,7.256610576923077,0.0556581914424896,0.1696498862780097,0.1279539167881012,3744.385878007193,-0.1011686825006908
controls.high_arousal.p1.g9,controls.high_arousal.p1,controls,high_arousal,fast aggressive electronic dance music,0,95989,8,1.0,45.0,-21.67173154386892,6.101958045139819,5.836607633090847,5.998105907841892,5.761191753418597,5.849142669346245,5.559456902664053,5.520448336026634,0.3130601343362166,143.5546875,3.1184448500264272,0.0451504588127136,0.142894018260412,0.0900147780776023,2980.324170995954,0.0969187408930642
controls.high_arousal.p1.g11,controls.high_arousal.p1,controls,high_arousal,fast aggressive electronic dance music,0,57515,8,1.0,45.0,-18.98746421786697,6.7357515562814605,6.003100668822811,6.500944943285958,5.913730073333347,5.7874055178685175,6.227445158605253,5.972552249597919,0.3813355263234526,129.19921875,4.777644230769231,0.0532369166612625,0.1375615507539777,0.1213931590318679,3093.47701555522,-0.1298013574545743
controls.high_arousal.p2.g1,controls.high_arousal.p2,controls,high_arousal,"epic dramatic action movie music, loud and powerful",0,29338,8,1.0,45.0,-15.96144915276114,4.760023177493893,3.968889114684994,4.696201964481185,4.532933223399224,4.084417511630292,3.916517860987141,3.846234213714845,0.4833387121695062,117.45383522727272,3.178931926858836,0.0496013052761554,0.2071699572634055,0.1492483019828796,1400.023494413405,-0.1871755259163358
controls.high_arousal.p2.g3,controls.high_arousal.p2,controls,high_arousal,"epic dramatic action movie music, loud and powerful",0,6308,8,1.0,45.0,-13.72086895035746,4.7725715214295406,4.4256120891174655,4.455082375944285,4.106242897371202,4.049360498364285,3.9584094534278496,3.896780988559177,0.4584780380339586,123.046875,0.3394619515239096,0.0322284586727619,0.1867791096421172,0.1855147331953048,1820.7042459227207,-0.0666378068504526
controls.high_arousal.p2.g5,controls.high_arousal.p2,controls,high_arousal,"epic dramatic action movie music, loud and powerful",0,5063,8,1.0,45.0,-12.752378677414976,4.51183097481456,3.8977179899195735,4.4822008314710065,4.215268029652995,3.941843118160932,3.7287108839307455,3.576445670686078,0.5085762734095756,123.046875,0.7739206197145878,0.0346414558589458,0.228949581799742,0.2052875459194183,1571.0874864692787,-0.0912972469225441
controls.high_arousal.p2.g7,controls.high_arousal.p2,controls,high_arousal,"epic dramatic action movie music, loud and powerful",0,12540,8,1.0,45.0,-17.27387046844193,5.184055743098478,4.544783491515593,4.87493499374294,4.682075738588491,4.2165721187749465,3.868288486723889,3.787995204551515,0.5621146293094105,117.45383522727272,3.1126744538834954,0.0525571703910827,0.1937650790885016,0.1271831840276718,1420.4028978192066,-0.2749461465718797
controls.high_arousal.p2.g9,controls.high_arousal.p2,controls,high_arousal,"epic dramatic action movie music, loud and powerful",0,61506,8,1.0,45.0,-17.285926103371622,4.804917228790233,4.662682552131853,4.759292823829943,3.860992082816632,4.167050894596648,4.171336181070042,4.063240710577331,0.5955253833537544,117.45383522727272,1.9679654290648247,0.0449647009372711,0.2506328521127726,0.1318552792072296,1434.43931353279,0.1756717524314062
controls.high_arousal.p2.g11,controls.high_arousal.p2,controls,high_arousal,"epic dramatic action movie music, loud and powerful",0,3760,8,1.0,45.0,-19.33162647023204,3.9576597459952136,3.803811661483025,4.12471838589156,3.583667828894522,3.606696834810747,4.014048009478048,4.009609144147623,0.4445877335744375,103.359375,1.4546239098837208,0.0386499017477035,0.1801785540933687,0.0754294395446777,2538.887929676101,0.0957252371661837
controls.high_arousal.p3.g1,controls.high_arousal.p3,controls,high_arousal,high energy upbeat party music,0,31181,8,1.0,45.0,-21.786406991689283,5.190917024162023,5.791485094234184,5.54568601648869,5.206471326542134,5.4631913503033305,5.281818893669845,5.242200435282543,0.0499217472471268,117.45383522727272,5.067984974041534,0.0352220125496387,0.1521315852897918,0.0814169570803642,2141.1943987228965,0.0622219135817263
controls.high_arousal.p3.g3,controls.high_arousal.p3,controls,high_arousal,high energy upbeat party music,0,46993,8,1.0,45.0,-18.89747992651915,5.904936670179995,5.669051559955404,5.790509877383253,5.054525281676019,5.155078864685834,5.683234827587411,5.48741327464093,0.0770622267548507,92.28515625,4.539248902071316,0.034384399652481,0.2421055171436947,0.1104508340358734,2174.9255657661884,0.0241355606051707
controls.high_arousal.p3.g5,controls.high_arousal.p3,controls,high_arousal,high energy upbeat party music,0,39027,8,1.0,45.0,-21.674766416879013,5.615382778571409,5.633700916549586,5.989344056663778,5.329567027952162,5.860800811232688,5.703477777472307,5.677388202856714,0.0373887046797705,129.19921875,2.452580084247649,0.0273487996309995,0.2450084804834987,0.0722195357084274,2768.785807089046,0.3075070050535136
controls.high_arousal.p3.g7,controls.high_arousal.p3,controls,high_arousal,high energy upbeat party music,0,80461,8,1.0,45.0,-15.53052691028548,5.755351164570144,5.780063628430996,5.507661203855726,4.991354773700043,5.067738994264959,4.739313100473764,4.579207465994532,0.0601134484472818,117.45383522727272,2.5415475263941527,0.025688748806715,0.1417896386646884,0.1406114250421524,2205.7610083644327,0.2117280188971276
controls.high_arousal.p3.g9,controls.high_arousal.p3,controls,high_arousal,high energy upbeat party music,0,79827,8,1.0,45.0,-22.325852453892725,4.989601099227332,5.251901361688807,5.200128594057638,4.787943206691655,5.1198276779390355,5.485016908593194,5.453154386655172,0.0351449346277296,112.34714673913044,3.6222222222222222,0.037422701716423,0.1465030837800151,0.0935683771967887,2292.7628291354067,0.1925969346248352
controls.high_arousal.p3.g11,controls.high_arousal.p3,controls,high_arousal,high energy upbeat party music,0,77019,8,1.0,45.0,-15.945580337665222,5.103257591892821,4.557840751271053,5.228110973815459,4.249321264661925,4.07297771312541,4.757794426888539,4.410876978239404,0.0602575428181318,117.45383522727272,4.098363153276131,0.037112858146429,0.1647130033016624,0.1680451184511184,1332.4461693708292,0.1164801302561505
controls.high_arousal.p4.g1,controls.high_arousal.p4,controls,high_arousal,fast exciting drum heavy music to get pumped up,0,20492,8,1.0,45.0,-23.06864468748518,5.087573419259405,5.757826054931699,5.084980291757759,5.083830758166107,5.095663331337751,8.026032976917747,8.031255622828155,0.3608979281154356,117.45383522727272,5.423009006190728,0.0412908047437667,0.5864063094754766,0.0555693991482257,5014.072890802557,-0.0638643990339782
controls.high_arousal.p4.g3,controls.high_arousal.p4,controls,high_arousal,fast exciting drum heavy music to get pumped up,0,33025,8,1.0,45.0,-16.74898615445123,4.107775679147414,5.430792477281116,4.410284889113855,3.949783367158905,4.248054535883222,6.803446994665326,6.373392199405914,0.5093111694315878,161.4990234375,4.523782169117647,0.0865499451756477,0.1630933212888166,0.1634867787361145,2921.304543678504,0.1600304802910848
controls.high_arousal.p4.g5,controls.high_arousal.p4,controls,high_arousal,fast exciting drum heavy music to get pumped up,0,75704,8,1.0,45.0,-20.10828851638499,5.471648078970667,5.5881122362407,5.674056249908705,4.818983350860684,5.226489186073337,7.4917205537824465,7.334927333998372,0.5085211391132134,143.5546875,5.353819396905806,0.0530954971909523,0.117912891072741,0.1226305142045021,3714.650770203757,0.2709819856103739
controls.high_arousal.p4.g7,controls.high_arousal.p4,controls,high_arousal,fast exciting drum heavy music to get pumped up,0,41741,8,1.0,45.0,-19.253142793686937,5.299118260083258,6.355608454634472,5.252374155511204,5.227473088539195,5.118075710064303,6.85781669451454,6.613290208935445,0.4179943497769366,86.1328125,5.00876168224299,0.0639342293143272,0.1809026079436314,0.1187198534607887,3728.428001790749,-0.0311691615592998
controls.high_arousal.p4.g9,controls.high_arousal.p4,controls,high_arousal,fast exciting drum heavy music to get pumped up,0,24649,8,1.0,45.0,-22.84162043910267,4.419586030607261,4.798364956988854,4.844432408359728,4.421151864089207,4.826629815841013,6.542160269157142,6.545164499883059,0.5385594087555338,161.4990234375,4.431270096463022,0.0460081882774829,0.1388503937560372,0.0879259333014488,3269.337595443452,-0.0498373306034159
controls.high_arousal.p4.g11,controls.high_arousal.p4,controls,high_arousal,fast exciting drum heavy music to get pumped up,0,15054,8,1.0,45.0,-21.28498255472392,4.759749487793615,5.711224628839204,5.067224058371847,4.660939759398598,4.944487548163595,7.23193844320799,7.109452829671941,0.3904913361935998,129.19921875,6.036504641736402,0.0637327507138252,0.0785302613013782,0.1016903594136238,3711.098620307508,0.1301124209102601
controls.high_arousal.p5.g1,controls.high_arousal.p5,controls,high_arousal,adrenaline pumping racing game music,0,74066,8,1.0,45.0,-23.117631758328933,4.644648475242168,3.999534432957567,4.219480327914285,4.617116259245279,4.194691874817065,4.204403833346148,4.206580123617369,0.2064795343003182,117.45383522727272,2.100237389469453,0.0376945585012435,0.200124273019871,0.0630776211619377,1640.401330763921,-0.1540584843869252
controls.high_arousal.p5.g3,controls.high_arousal.p5,controls,high_arousal,adrenaline pumping racing game music,0,30544,8,1.0,45.0,-22.93419219553188,3.960470107144362,4.017749790696981,3.98613183279478,3.960470107144362,3.9411788866063318,4.129116526669385,4.128532711072434,0.1906729601308106,123.046875,1.6599972007328991,0.0332768596708774,0.1334180698809401,0.0586790852248668,1598.8873932305569,0.0517887508765878
controls.high_arousal.p5.g5,controls.high_arousal.p5,controls,high_arousal,adrenaline pumping racing game music,0,62799,8,1.0,45.0,-20.423577854591095,4.880221931561743,4.772335679084588,4.6780519982558495,4.818291016372607,4.378842313696952,4.1101982251681655,4.063033780759906,0.284391568876521,117.45383522727272,1.2966229838709675,0.0340228825807571,0.2271011160299592,0.095201164484024,1606.1592043434516,-0.2389735276286023
controls.high_arousal.p5.g7,controls.high_arousal.p5,controls,high_arousal,adrenaline pumping racing game music,0,88239,8,1.0,45.0,-21.98097645180471,5.2454853663477365,5.859906843336126,5.227673243882793,5.145556637805128,5.133116169645042,5.8503482771373285,5.793766801167846,0.2360258414738452,117.45383522727272,7.204937483080672,0.0536246374249458,0.1566542218740584,0.0943421199917793,1784.8050364827852,0.1774228376061378
controls.high_arousal.p5.g9,controls.high_arousal.p5,controls,high_arousal,adrenaline pumping racing game music,0,83970,8,1.0,45.0,-16.272410377966022,5.1022018559774445,4.54759140072785,5.0884923662982775,4.028602815857967,4.2386147761372674,4.360522091534516,4.229305640018329,0.3288006779243731,143.5546875,3.592681073990436,0.0457378104329109,0.2612818547277135,0.1408297419548034,1392.1552063007914,-0.0537900048702306
controls.high_arousal.p5.g11,controls.high_arousal.p5,controls,high_arousal,adrenaline pumping racing game music,0,78195,8,1.0,45.0,-25.78019933461078,3.824096034799081,4.441402815471266,3.947652653088448,4.220494301941193,4.338073379246024,4.851139587135953,4.88011774510646,0.187988728096847,117.45383522727272,4.132171175373134,0.0344204232096672,0.1646204153801889,0.0431988947093486,2171.932855203207,-0.1827767935305403
controls.high_arousal.p6.g1,controls.high_arousal.p6,controls,high_arousal,loud powerful rock music with heavy drums,0,93606,8,1.0,45.0,-16.295354196929292,6.27192507734526,6.18309065889445,6.241294645419101,5.922284450643311,5.7818210009626565,5.692448893958947,5.356780233563528,0.4460411365340156,99.38401442307692,3.6001175548589344,0.0283011142164468,0.1475666411190435,0.1457421779632568,2772.641563527363,-0.0852653180795173
controls.high_arousal.p6.g3,controls.high_arousal.p6,controls,high_arousal,loud powerful rock music with heavy drums,0,65343,8,1.0,45.0,-17.916641926427637,6.135398868148166,5.333532237668382,6.120417134937953,4.923764485561448,5.361905793787684,5.421039353212288,5.252986188242971,0.3712646659476287,123.046875,3.3869811578372477,0.0318652763962745,0.2753395541423193,0.1345804631710052,2212.3806441600304,-0.1911766549636404
controls.high_arousal.p6.g5,controls.high_arousal.p6,controls,high_arousal,loud powerful rock music with heavy drums,0,22937,8,1.0,45.0,-16.701902873294216,5.9053190111752265,6.077420795826246,5.939572579942655,5.302688855391403,5.614457204003905,5.062577488367075,4.887012278952013,0.4983611994981817,112.34714673913044,2.324863649764151,0.0330228768289089,0.128168452275555,0.1481634378433227,2501.607061486599,-0.0033095306038187
controls.high_arousal.p6.g7,controls.high_arousal.p6,controls,high_arousal,loud powerful rock music with heavy drums,0,61498,8,1.0,45.0,-18.043970899140724,4.9382101453206495,5.091018597338262,4.902558572251902,4.4695300820057176,4.567708706579536,4.599533682757799,4.402092372783098,0.5030587014328705,99.38401442307692,1.3247747490875912,0.0297953858971595,0.2396492322412718,0.1307240426540374,2295.932539528086,0.0584139912870672
controls.high_arousal.p6.g9,controls.high_arousal.p6,controls,high_arousal,loud powerful rock music with heavy drums,0,32103,8,1.0,45.0,-17.068843092580728,5.597404666200556,5.269322503627156,5.579686023081209,4.640603830146509,4.497496180034281,5.712950515195708,5.3924082326540415,0.384334527128128,123.046875,2.0659161669741697,0.0374322421848773,0.1711833093328321,0.144793763756752,2679.841012734338,0.2821307341458946
controls.high_arousal.p6.g11,controls.high_arousal.p6,controls,high_arousal,loud powerful rock music with heavy drums,0,55138,8,1.0,45.0,-20.874129854246046,4.881601211681614,5.60301996436219,4.7885872555226445,4.285259616268252,4.601712696608955,6.842165892707813,6.755463910309008,0.3889601226731736,99.38401442307692,3.4582231999464668,0.0330234542489051,0.2262576395222119,0.0877600237727165,4175.064117115583,-0.1594404801380353
controls.high_arousal.p7.g1,controls.high_arousal.p7,controls,high_arousal,explosive festival EDM with hard drops,0,53238,8,1.0,45.0,-16.11994614111197,5.5856860889195925,6.170265122858855,5.825976678444765,5.607481703237682,5.540939442904454,5.860047907912396,5.542165741084249,0.2161461559756796,129.19921875,2.7446466159326426,0.0402368269860744,0.1782318654099397,0.173686608672142,3357.487713303314,-0.0116037549161053
controls.high_arousal.p7.g3,controls.high_arousal.p7,controls,high_arousal,explosive festival EDM with hard drops,0,218,8,1.0,45.0,-15.507531613219056,6.1062530943365525,6.460566569703917,6.0125113124812986,6.037704267814134,5.931657504152972,6.432923655608603,6.1110668861244335,0.2182408718072489,129.19921875,4.875870112559241,0.04315135627985,0.1862518695972654,0.1880465894937515,3248.3075367038564,-0.0858725136979895
controls.high_arousal.p7.g5,controls.high_arousal.p7,controls,high_arousal,explosive festival EDM with hard drops,0,8628,8,1.0,45.0,-15.467023441808726,6.011233435462031,5.871001912476942,6.015992160645281,5.695566977937428,5.591591333562513,6.013567063531511,5.708108153351395,0.1763122185083741,129.19921875,5.155555555555556,0.0341804474592208,0.2064193704493538,0.1719944775104522,3327.9184113116667,-0.1934355415527511
controls.high_arousal.p7.g7,controls.high_arousal.p7,controls,high_arousal,explosive festival EDM with hard drops,0,8915,8,1.0,45.0,-13.132685782562364,5.187825438144187,6.418233457232732,5.204178315373821,5.115307055592579,5.138927305441744,6.054634773801714,5.639643694224204,0.2188227770524479,129.19921875,2.888888888888889,0.0380809158086776,0.120106039814406,0.2429597824811935,3255.6867334307926,-0.1706298068335436
controls.high_arousal.p7.g9,controls.high_arousal.p7,controls,high_arousal,explosive festival EDM with hard drops,0,15166,8,1.0,45.0,-13.919377550141816,5.6966911322439815,6.428371461894751,5.857841328934581,5.815839695642344,5.691312052024632,6.513654119037019,6.187243737940452,0.2195946404880555,129.19921875,4.777777777777778,0.0382576696574687,0.1531096020950883,0.2451249659061432,3280.312445684117,-0.1233767669281943
controls.high_arousal.p7.g11,controls.high_arousal.p7,controls,high_arousal,explosive festival EDM with hard drops,0,92411,8,1.0,45.0,-13.979854238650782,6.012786575282882,6.437939595697183,6.201171668820356,5.439310901839151,5.685961167358533,6.107704717206636,5.524734511975376,0.154220506394661,129.19921875,4.011418269230769,0.0451564341783523,0.1601891436265823,0.2280199080705642,2921.2904837199403,-0.1389343667876864
controls.high_arousal.p8.g1,controls.high_arousal.p8,controls,high_arousal,urgent intense chase scene music,0,22026,8,1.0,45.0,-23.539643318472496,3.0590632854597475,3.0573270102187275,3.4241744989938754,3.046021471578731,3.410352124736856,3.0896440422359848,3.090060093633814,0.3578474731352203,135.99917763157896,1.1632424033149171,0.042480282485485,0.2318704238296492,0.0471138805150985,1325.0617716921736,-0.0258415257545232
controls.high_arousal.p8.g3,controls.high_arousal.p8,controls,high_arousal,urgent intense chase scene music,0,26934,8,1.0,45.0,-18.7219343056022,4.494517798629654,3.735239295924779,4.674826839159256,4.331418785335615,4.265790332043661,4.162817077221416,4.129710465645805,0.2318885909317818,135.99917763157896,1.3560540513029316,0.0414980202913284,0.2433901296546118,0.0940061658620834,1955.024532071828,-0.1150464876174299
controls.high_arousal.p8.g5,controls.high_arousal.p8,controls,high_arousal,urgent intense chase scene music,0,53183,8,1.0,45.0,-19.227679446400888,5.426077394231222,4.212381515878134,4.978831405478482,4.876986268440449,4.688942948141234,4.718282752840256,4.679412677045339,0.3660399234234567,117.45383522727272,3.622856458913649,0.0383926928043365,0.2529975191194256,0.1028759628534317,2207.4161098558675,-0.1710065810106069
controls.high_arousal.p8.g7,controls.high_arousal.p8,controls,high_arousal,urgent intense chase scene music,0,19962,8,1.0,45.0,-21.39494866457848,5.033516267201243,4.514152969060439,4.916198527270124,4.428704719630256,4.55632669655143,4.364882167464761,4.348450248142112,0.3681621469250566,117.45383522727272,4.274120145631068,0.0448829382658004,0.2657997547437187,0.0842568203806877,1675.5263180062288,0.0165607096462575
controls.high_arousal.p8.g9,controls.high_arousal.p8,controls,high_arousal,urgent intense chase scene music,0,29140,8,1.0,45.0,-21.7467715634678,3.7257586142370354,3.34674198357502,4.153454044068413,3.421105405068978,3.933256716912505,3.420769129210949,3.42115710570457,0.1542987168854483,123.046875,0.0227623711680761,0.0371680073440074,0.3328293247538091,0.0708130821585655,1585.3595070856836,0.0591751543965997
controls.high_arousal.p8.g11,controls.high_arousal.p8,controls,high_arousal,urgent intense chase scene music,0,53645,8,1.0,45.0,-19.06738303982099,4.654143850318148,3.932881738762336,4.656377488837415,4.154370843487929,4.046993994158531,3.5037159508605558,3.470567291399209,0.3248916160727048,123.046875,1.4565864571589626,0.0327537953853607,0.1284891051002555,0.1001668944954872,1720.0764062694514,-0.1001348553062371
controls.high_arousal.p9.g1,controls.high_arousal.p9,controls,high_arousal,thunderous battle music with pounding percussion,0,51382,8,1.0,45.0,-20.98131121499293,3.8142682070096674,4.558173351942267,4.194717481784852,3.709284289115541,4.014538942786828,4.834292045607789,4.761423200037706,0.5546461072767193,172.265625,2.933333333333333,0.0641351416707038,0.2682404388985951,0.1165874227881431,1416.447463809592,-0.0829961472433578
controls.high_arousal.p9.g3,controls.high_arousal.p9,controls,high_arousal,thunderous battle music with pounding percussion,0,41741,8,1.0,45.0,-20.00580054278128,4.5349979958727165,4.43795248850877,4.455902291661703,4.245446536400456,4.192442158152571,4.155015929715871,4.116844817639485,0.4337576027347299,129.19921875,2.3067289879095165,0.0440460219979286,0.2874637796472448,0.0890379399061203,1375.8933581147714,0.0463762084360209
controls.high_arousal.p9.g5,controls.high_arousal.p9,controls,high_arousal,thunderous battle music with pounding percussion,0,28464,8,1.0,45.0,-23.203874354128715,2.434580749615884,3.440027957022998,2.810407149813844,2.560954530899369,2.8320030530783518,2.9583836733543,2.9949895455081608,0.5553151959588144,112.34714673913044,0.2888888888888888,0.0872973948717117,0.1175284316067711,0.0473072789609432,904.5908418730164,-0.0087496909421644
controls.high_arousal.p9.g7,controls.high_arousal.p9,controls,high_arousal,thunderous battle music with pounding percussion,0,85979,8,1.0,45.0,-15.652415640669323,4.750800518948537,3.779577202961924,4.469306480515348,4.35953586101475,4.126962721474664,3.694781017480575,3.6439862775498097,0.3613103028499018,143.5546875,1.3392172156301143,0.0392950288951396,0.2248048081221565,0.1459464728832245,1393.320658810669,0.1160484877529288
controls.high_arousal.p9.g9,controls.high_arousal.p9,controls,high_arousal,thunderous battle music with pounding percussion,0,36835,8,1.0,45.0,-23.15571763642729,2.833074920574236,4.073320743940752,3.086305834188979,2.8038704966468373,3.080186536397894,3.414280353300016,3.4345479118543647,0.4435900445316907,99.38401442307692,0.6967946731471816,0.055651057511568,0.1779214611089572,0.0515209883451461,1531.5735525679474,-0.085869233754328
controls.high_arousal.p9.g11,controls.high_arousal.p9,controls,high_arousal,thunderous battle music with pounding percussion,0,39032,8,1.0,45.0,-23.79902880468877,2.828386943893918,3.424039608847669,3.034986517739648,2.8562409167531766,3.116730110341806,4.336442273309352,4.355963645729237,0.5452234739573399,83.35433467741936,2.3473864172962764,0.060294285416603,0.2605522718595002,0.0772631838917732,1354.2056902702484,0.1189199201120611
