song_id,fold,arousal_label,valence_label,proxy_oof,proxy_insample,aux_oof,aux_insample,human_calm_ref,human_tense_ref,arousal_lowest_quartile,arousal_lowest_decile,arousal_highest_decile,tense_low_valence_ref
2,2,3.0,3.1,4.482973719502091,3.0285890005371945,4.380442458339996,4.4098635088225695,False,False,True,True,False,False
3,4,3.3,3.5,3.068803986376997,3.2937787322483723,3.7761820877948438,3.7443778296889247,False,False,True,False,False,False
4,2,5.5,5.7,5.7022471078714965,5.497368837368116,5.171270780311541,5.244144023784318,False,False,False,False,False,False
5,2,5.3,4.4,4.32026674676881,5.276281843236626,4.551474794880147,4.55886183796646,False,False,False,False,False,False
7,3,6.4,5.8,6.149511708149932,6.402800388889438,5.232809172997383,5.198022332812589,False,True,False,False,False,False
8,2,4.8,3.2,3.845650875779073,4.806112401469449,4.225748313535714,4.228344812510039,False,False,False,False,False,False
10,2,4.7,4.0,4.087958967986984,4.698129021797,4.625617836616454,4.545938773932835,False,False,False,False,False,False
12,2,5.8,5.5,5.168788992721364,5.800097424604694,5.126975786394061,5.122700453968695,False,True,False,False,False,False
13,4,4.0,3.2,4.117421705030536,4.004341353615282,3.85675149495031,3.850048836317681,False,False,False,False,False,False
17,3,6.0,4.4,5.672129047198235,5.973229099079174,5.6922452346805175,5.654341167079392,False,True,False,False,False,True
18,1,3.9,4.8,3.9123222348761697,3.9133310974930087,4.599903747292039,4.645646185215278,False,False,False,False,False,False
19,3,4.3,5.9,4.260152190980868,4.297488786101797,5.121981363701242,5.0755402074178555,False,False,False,False,False,False
20,2,6.5,5.4,5.6278614778414395,6.479342226974818,5.887599466503797,5.86481539555685,False,True,False,False,True,False
21,4,6.3,6.6,6.182382349095085,6.282358940435307,5.4273859696353535,5.445058559340914,False,True,False,False,False,False
22,4,4.8,4.0,4.831897329502949,4.79890366422408,4.698839610594196,4.652988241774374,False,False,False,False,False,False
24,1,3.9,5.3,4.978250872943554,3.9234064269191564,4.87496331628627,4.89302446858521,False,False,False,False,False,False
25,3,4.7,7.9,5.430125860185527,4.703462769585748,5.3418148731987705,5.339941489552653,False,False,False,False,False,False
31,3,3.8,4.7,5.300038689868764,3.8161181798257493,5.600865004627657,5.48371859903565,False,False,True,False,False,False
32,1,3.3,4.2,4.24657672824586,3.307120654578437,4.562824729655634,4.51004214351925,False,False,True,False,False,False
35,3,6.5,4.8,6.347408831186003,6.5132673772537215,5.445480734644406,5.455700564478046,False,True,False,False,True,True
37,4,5.3,6.6,5.571542304920786,5.315563362458349,4.995263822534289,4.988774451229826,False,False,False,False,False,False
39,4,5.4,7.3,5.852456362127162,5.416411588009071,5.586866974740287,5.592052868246642,False,False,False,False,False,False
40,3,4.8,4.6,4.310597117299987,4.784511377335496,4.17744081268033,4.136710945526196,False,False,False,False,False,False
41,0,5.1,4.3,5.257308550044928,5.099935793969342,4.551253521042253,4.561674179326449,False,False,False,False,False,False
42,2,5.1,6.1,4.467295894102064,5.085885060940719,4.56610369940432,4.625386400452217,False,False,False,False,False,False
43,2,3.5,6.7,4.340988787554312,3.5094279222332134,5.000450499049651,4.940357213455741,True,False,True,False,False,False
44,4,4.9,3.9,5.0918995289421005,4.882357066135083,4.888590728167083,4.898582170034651,False,False,False,False,False,False
45,2,2.1,5.1,5.070926198622386,2.1351813727176396,4.668626817506994,4.595861526002308,True,False,True,True,False,False
46,3,4.0,5.3,5.783162463571176,4.051162652079505,4.893334077588863,4.906089410434694,False,False,False,False,False,False
47,0,4.4,4.4,6.349684142401954,4.443099058996609,5.1804724276226475,5.106098221679263,False,False,False,False,False,False
48,0,4.8,4.5,4.913575298257634,4.8105549590559145,4.692286942307258,4.710739756161814,False,False,False,False,False,False
49,1,5.3,3.9,4.493851112387418,5.283354696205301,4.534379704837796,4.532657030902136,False,False,False,False,False,False
50,0,4.8,3.6,3.4671882000390712,4.795060232657237,3.8933758021426126,3.852884541523159,False,False,False,False,False,False
51,2,3.2,3.6,4.202354077667325,3.213049106565902,4.2492943208542595,4.247865351485149,False,False,True,False,False,False
52,4,5.1,4.6,4.9433765839130634,5.099994796744094,5.475441186072699,5.527516092682741,False,False,False,False,False,False
53,3,5.1,4.3,4.216943580678057,5.09425629590584,4.06136086964892,4.133193577371118,False,False,False,False,False,False
54,3,3.3,3.1,4.363623692790557,3.339455660754491,3.6424777784158433,3.6045152680539654,False,False,True,False,False,False
55,4,5.4,5.8,5.387625102065628,5.391817376022917,4.812492286796757,4.822661558511982,False,False,False,False,False,False
56,3,5.8,6.4,5.280400757260719,5.795006201787428,5.198584084384618,5.297769034763464,False,True,False,False,False,False
58,2,3.4,3.3,4.557325928818304,3.405731037723455,4.472088130952086,4.450449970863759,False,False,True,False,False,False
59,4,4.1,5.3,4.832577254316441,4.113986799885487,5.117881904434819,5.1693727050639,False,False,False,False,False,False
60,2,6.4,4.3,5.412524941938284,6.392188868790348,5.069565845974807,5.0918969892249155,False,True,False,False,False,True
62,2,3.9,6.2,5.330944502192479,3.8965274958177516,4.71445118413619,4.609987460425919,False,False,False,False,False,False
64,1,4.9,3.6,5.632904807913116,4.902467828694897,4.954634285848687,4.96281591535478,False,False,False,False,False,False
65,0,5.8,6.4,5.696273202364632,5.806983480242023,5.265466592049599,5.264749684808036,False,True,False,False,False,False
67,2,6.8,7.2,6.657388724768495,6.780156065146703,5.424246924058021,5.453745952065775,False,True,False,False,True,False
68,3,4.9,3.8,5.350268834048998,4.900434415765624,5.0458717770338914,5.022789686471417,False,False,False,False,False,False
69,2,3.9,3.2,4.31837875080731,3.903181816389668,4.394151673553156,4.333688880040056,False,False,False,False,False,False
70,1,3.6,4.4,4.931164577621584,3.6132658798723227,4.653773735376763,4.704600463058684,False,False,True,False,False,False
71,0,3.7,5.9,3.7230575723146764,3.6854744369908143,5.132401188426401,5.002862516591336,True,False,True,False,False,False
72,3,5.6,6.7,6.2877922117547005,5.613068849801218,5.90223451392465,5.902969248850258,False,False,False,False,False,False
73,0,5.6,5.8,4.750820204625378,5.594631708716189,4.142655755298299,4.1656097679606745,False,False,False,False,False,False
74,2,4.3,3.0,4.550825238887948,4.291818233800982,3.9346244460647672,3.954042298940759,False,False,False,False,False,False
76,4,3.2,4.3,4.243996433726983,3.2002210532922732,4.4029158426049575,4.40891436490824,False,False,True,False,False,False
77,1,2.9,4.2,3.3227749895877494,2.9098377804832922,4.578856616156617,4.55214350853158,False,False,True,True,False,False
78,2,3.9,3.4,3.6969731723816905,3.899477862460433,3.4568020836957145,3.47407458098285,False,False,False,False,False,False
79,1,5.5,5.5,6.205672049320049,5.520050217278944,5.816815458180422,5.858394053532,False,False,False,False,False,False
80,3,5.1,6.0,5.7211475996896315,5.085937946757468,5.131703257090984,5.121055435737833,False,False,False,False,False,False
81,1,3.9,6.1,4.918262984664358,3.9075576115653883,5.465107704678732,5.404611943693716,False,False,False,False,False,False
82,0,3.5,2.9,3.573671289442317,3.4974279865799907,4.043837279092627,4.05784344714713,False,False,True,False,False,False
83,2,5.8,6.1,5.070639233573734,5.793701795937296,5.489567151794596,5.4433881626875715,False,True,False,False,False,False
84,3,5.6,5.9,6.499170167148039,5.613451347696568,5.5861877504715265,5.615482942344704,False,False,False,False,False,False
85,3,6.2,7.1,6.112978586903895,6.199684568473849,4.89185409297902,4.8382788890748625,False,True,False,False,False,False
86,1,5.6,5.4,5.791657820124508,5.608311689081441,5.8713889853867265,5.899603384354443,False,False,False,False,False,False
87,4,2.6,5.3,3.935852417555807,2.609042179233323,4.059633797354739,4.130069754891087,True,False,True,True,False,False
88,0,5.5,6.7,5.8239313304873255,5.507073312660894,6.086701165631196,6.093162997314154,False,False,False,False,False,False
89,2,4.8,4.5,3.9722883056607654,4.804168564789958,4.006298070775272,4.044657635982202,False,False,False,False,False,False
90,0,4.2,4.3,4.432147653493697,4.198125828965821,4.324654733173506,4.314735658114603,False,False,False,False,False,False
91,2,5.5,4.5,4.619505202944001,5.482262591603238,4.935111383260355,4.924194324671037,False,False,False,False,False,False
92,0,4.7,5.8,4.808628944504413,4.7179646811944895,4.883276129605316,4.807437004123132,False,False,False,False,False,False
93,0,6.0,7.2,5.5154526564113935,5.997066200913058,5.24164474540918,5.2481483674527185,False,True,False,False,False,False
95,0,4.6,3.3,3.71241586619754,4.589703524600982,4.1640798803577,4.144737932926675,False,False,False,False,False,False
96,2,6.9,6.8,5.553003159512357,6.857862707879476,5.772971846849044,5.836064995874148,False,True,False,False,True,False
98,0,2.7,4.3,4.312958907445409,2.698326081796896,4.640249142400502,4.586368994702301,False,False,True,True,False,False
99,2,4.1,4.3,4.629014196255634,4.1005907614002,4.449368805694009,4.453701657953363,False,False,False,False,False,False
101,3,2.8,3.4,3.0291633452724556,2.802582184627412,3.4305292088333244,3.3996092612148514,False,False,True,True,False,False
102,0,5.4,6.5,6.180177220538716,5.40086476279225,5.146949966123918,5.089283055567801,False,False,False,False,False,False
103,2,3.3,5.6,5.018165759310993,3.32270475999451,4.57153417884223,4.587859606077836,True,False,True,False,False,False
104,0,3.3,6.1,4.127895673692098,3.3183983344546175,4.447341965561314,4.394804588141717,True,False,True,False,False,False
105,3,5.0,6.5,6.156830989518607,5.018196687804766,5.390402697227432,5.415543311843615,False,False,False,False,False,False
106,2,3.3,4.6,4.854504779374942,3.318257131239915,4.298601073848427,4.242471614524306,False,False,True,False,False,False
107,1,4.8,6.0,3.7866865369768985,4.722481091737981,4.489786049950654,4.429601164418574,False,False,False,False,False,False
108,2,4.2,4.5,5.042118259117361,4.2238249905871035,5.623443017904261,5.607794355858704,False,False,False,False,False,False
109,1,4.5,4.4,4.153513934331726,4.493419039518596,4.347855774679272,4.285935700322043,False,False,False,False,False,False
110,1,2.8,4.4,4.236094176864098,2.8144916989983173,4.895056080936714,4.822628971125061,False,False,True,True,False,False
111,2,5.3,5.3,3.9624346629087985,5.279954787374495,4.4918784117611885,4.410410778663126,False,False,False,False,False,False
112,1,6.4,6.8,6.709284791980012,6.426846786054646,5.792187857584812,5.806249688222909,False,True,False,False,False,False
113,4,3.8,5.4,4.9715709962129075,3.8005535751264574,5.158147128075457,5.12122892839838,True,False,True,False,False,False
114,2,5.7,4.8,5.044456819578243,5.685187681530563,4.957862457539985,4.9632053003308885,False,False,False,False,False,False
115,3,7.8,8.4,5.807620916740128,7.761064724113227,5.4771911970663005,5.585445087902627,False,True,False,False,True,False
116,3,3.9,4.4,5.253099006427474,3.908407336450242,4.624538922700538,4.622591618772897,False,False,False,False,False,False
117,4,5.0,3.9,4.3287681665926625,4.9665421761868656,4.267547683114416,4.261942982813629,False,False,False,False,False,False
118,2,4.6,4.9,5.478242806592501,4.619915003771013,5.50431557924599,5.615117876922496,False,False,False,False,False,False
119,3,3.2,4.3,3.9822001000524514,3.217720892504477,4.371036692811727,4.550201733827151,False,False,True,False,False,False
120,2,5.0,3.8,3.882339959119934,4.978711560102924,4.0279107281575985,4.0369615284493054,False,False,False,False,False,False
121,4,3.9,3.1,4.091150853086514,3.8922502215138817,4.498581240871932,4.518761313957373,False,False,False,False,False,False
122,1,4.6,5.5,4.782421212544557,4.5907889245246425,5.441252915566475,5.393470949756084,False,False,False,False,False,False
123,2,6.2,6.1,6.800491054026768,6.232152501725668,5.908405213768845,5.8805136168504895,False,True,False,False,False,False
124,4,2.8,3.7,3.879399450053231,2.8069146892111436,3.894928358413528,3.871527746929624,False,False,True,True,False,False
125,0,4.2,4.5,4.668683095508223,4.21415426491964,4.405343038059204,4.404135953214394,False,False,False,False,False,False
126,1,6.1,5.1,4.586987554600071,6.060936096009045,3.9267016645763033,3.9396049741947277,False,True,False,False,False,False
127,1,5.3,3.0,3.728121127453186,5.253580342069368,4.187774978417921,4.222592617813464,False,False,False,False,False,False
128,2,4.0,3.6,3.62191451344642,3.985349297410762,4.0178289777025045,4.037776890318112,False,False,False,False,False,False
129,4,6.0,4.2,5.375490049528029,5.9898859140820635,4.87904477867051,4.858423755737181,False,True,False,False,False,True
130,3,4.2,3.3,3.1479906062714464,4.16774102132078,3.217561919683624,3.291379910238577,False,False,False,False,False,False
131,2,4.9,6.1,5.507239324269323,4.904510085806758,5.101825930286773,5.127980540986376,False,False,False,False,False,False
133,2,2.2,2.8,3.8175358605948446,2.2279969384438028,2.4854471676242107,2.507906203735874,False,False,True,True,False,False
134,1,6.0,5.4,4.412005023312857,5.982931267816273,4.46504471666969,4.434596376021553,False,True,False,False,False,False
135,3,3.5,3.7,3.420987106410143,3.4977764178979838,2.6974122953342374,2.7598197054279656,False,False,True,False,False,False
136,0,6.2,6.8,6.311561371780271,6.221696920762281,6.19097673531797,6.2056948257551685,False,True,False,False,False,False
137,2,5.8,4.3,4.4287285125478055,5.795495755679503,4.103776011805818,4.136920020350772,False,True,False,False,False,True
138,0,2.4,3.8,3.3295687096151,2.447781297760679,3.0527917396303748,3.090287860519344,False,False,True,True,False,False
140,4,4.5,4.2,5.2886329920890285,4.5219339745288725,4.415875955501318,4.396792396752118,False,False,False,False,False,False
142,1,4.8,4.6,3.9971211304848273,4.790791066149673,4.273879665312588,4.3283291393024355,False,False,False,False,False,False
143,3,4.9,4.0,4.490928767978182,4.9021960448789,4.491017132233412,4.438242544874251,False,False,False,False,False,False
144,0,4.7,3.4,3.8568433450589934,4.6838023354614045,3.8260017712400765,3.7955052306673807,False,False,False,False,False,False
145,3,5.4,3.1,2.7321510836869587,5.320910959023632,3.095933118911752,3.1001581135074625,False,False,False,False,False,False
146,2,3.5,2.4,2.546012452400694,3.4898401863165733,3.0131667786059904,3.0699060024408187,False,False,True,False,False,False
148,1,5.0,4.7,5.869803628453936,5.001180646330995,6.140329078161143,6.179905028449473,False,False,False,False,False,False
149,3,3.1,3.4,2.916083811837599,3.090697696173749,2.8938133130218264,2.9239705998161565,False,False,True,False,False,False
150,2,5.4,5.0,5.4830684708664545,5.399251077836316,5.268992405511873,5.1993690377559725,False,False,False,False,False,False
151,4,4.5,4.0,3.954024021410624,4.498093490040027,3.9986688749598915,3.946023201830695,False,False,False,False,False,False
152,4,5.6,4.4,5.072654978572279,5.595460872163839,4.624793260802062,4.651837130522938,False,False,False,False,False,False
153,0,4.5,3.9,3.8861729611983487,4.5213326594815975,4.246317428053723,4.174842224212658,False,False,False,False,False,False
154,0,4.1,4.2,4.255889250976546,4.106293595060965,3.7267785933137807,3.715310046000974,False,False,False,False,False,False
155,2,5.4,3.6,5.000609755399624,5.38728637054785,4.751774481125822,4.780808945497935,False,False,False,False,False,False
156,1,6.7,6.4,5.782652884980718,6.677123881480138,5.059923751134164,5.0650603063526844,False,True,False,False,True,False
157,3,6.2,4.0,3.569076607681932,6.1681290140054665,4.075300339192642,4.13952534413357,False,True,False,False,False,True
158,1,3.6,2.1,3.4709432675679737,3.585529566518745,3.429793065068645,3.3881654311953486,False,False,True,False,False,False
159,1,3.1,3.8,3.1566101809837126,3.0900002313320845,3.585422037670885,3.482080971281537,False,False,True,False,False,False
160,4,3.5,3.5,4.558454990001412,3.511015583570749,3.611245598632113,3.666444717643543,False,False,True,False,False,False
161,2,3.5,6.3,3.1750028853596577,3.4965980012660443,3.386908533278347,3.4948425354173116,True,False,True,False,False,False
162,2,4.6,3.7,3.726299794579433,4.587854500029008,4.109619842947477,4.145314035663708,False,False,False,False,False,False
163,3,4.5,3.6,3.6140322499739184,4.500241337848887,3.6672276812266893,3.7835213146800672,False,False,False,False,False,False
164,4,2.9,4.1,2.5518862341942614,2.8808306382807425,2.54040296549081,2.573367428286494,False,False,True,True,False,False
166,0,4.2,3.1,5.299062503745489,4.243205194183549,4.928607024962421,4.87362920294906,False,False,False,False,False,False
167,2,3.3,2.7,3.6720927340948726,3.3174172732866585,4.058557268247595,4.09520467008591,False,False,True,False,False,False
168,2,3.4,3.3,3.5808651104739346,3.3974326037459543,3.702670873161944,3.668452905746045,False,False,True,False,False,False
169,2,2.8,2.4,3.3657892236469023,2.832614963461823,3.437532128066132,3.46083209734162,False,False,True,True,False,False
170,2,5.0,3.0,3.3007236777107387,4.979274648032206,3.6566042013753477,3.775768491919183,False,False,False,False,False,False
171,1,3.6,2.1,2.9418531345545853,3.5903102390382156,3.508729960384172,3.550781780716049,False,False,True,False,False,False
172,0,5.0,3.8,4.163245542568962,4.989579323957856,3.4858675678849185,3.4764800546920345,False,False,False,False,False,False
173,2,2.2,4.6,3.167848048055554,2.1960358656725933,2.664392409139886,2.6145681812823165,False,False,True,True,False,False
174,4,3.8,4.0,4.150135470917436,3.834392199666166,3.5324085803190286,3.5782227181345796,False,False,True,False,False,False
175,2,4.3,3.7,3.9605333420650797,4.298018042540887,4.791836047331391,4.677127594747129,False,False,False,False,False,False
176,3,3.9,2.4,3.4466790950357367,3.9022445469768643,3.3854584295951904,3.44739161405567,False,False,False,False,False,False
177,4,5.6,4.8,4.891679713326336,5.578784120449977,5.293900432935163,5.330547353081869,False,False,False,False,False,False
178,1,3.7,2.8,4.639980413291885,3.710316396999114,5.399943767311724,5.4879928062859875,False,False,True,False,False,False
179,1,6.0,5.2,4.367675030958289,5.967090906015852,3.9759552648132375,3.9882029444707405,False,True,False,False,False,False
180,3,5.9,4.8,4.748003265015837,5.866806847075369,4.511354552324121,4.600183855558584,False,True,False,False,False,True
181,4,2.5,3.7,3.4936242325989397,2.513710370142003,3.9583053049273382,4.029709782312361,False,False,True,True,False,False
182,4,3.7,2.2,3.6150010688890153,3.6815013387283377,3.9625854156304077,3.8885687964620104,False,False,True,False,False,False
184,4,3.4,3.6,3.890378165674643,3.388802785507376,3.743502197721629,3.7457088718846334,False,False,True,False,False,False
185,3,4.6,4.9,3.473513396241516,4.590808070906412,3.5505548898592996,3.647344758229048,False,False,False,False,False,False
186,3,4.0,3.7,4.143054129703164,4.010202304761398,3.981515747286312,3.9570996309447337,False,False,False,False,False,False
187,1,3.7,2.5,2.913884304205825,3.697239311758476,3.715809988956107,3.711260175100151,False,False,True,False,False,False
188,1,3.3,4.0,3.7326550422973392,3.3125661493402836,4.013632235316857,4.002237634919607,False,False,True,False,False,False
189,3,7.1,6.5,3.7505494646348017,7.089398017830206,4.436525657351047,4.537101184108661,False,True,False,False,True,False
190,1,3.1,2.8,3.1047523343401155,3.0825781320379284,3.3756041385956124,3.4170868179463483,False,False,True,False,False,False
191,3,6.3,5.1,3.9192269701246674,6.233977497460664,4.267785267809398,4.346282738261415,False,True,False,False,False,False
192,4,6.1,5.8,5.537694429110712,6.1095673416049,4.7076601731024015,4.74267332363243,False,True,False,False,False,False
193,4,3.0,4.1,4.008851706784924,3.006020889078883,4.533176867096958,4.588532286434559,False,False,True,True,False,False
194,0,4.7,2.7,3.8721926436273435,4.679373188749227,4.07129053776463,3.9835965463467486,False,False,False,False,False,False
195,1,2.7,4.2,3.221876041902318,2.70790420963535,3.3825437002398635,3.3450423192071215,False,False,True,True,False,False
196,2,4.5,4.3,3.766449892056154,4.484344933743176,3.7663224458698634,3.7185633539655294,False,False,False,False,False,False
197,2,2.8,2.2,2.5739490284658424,2.7845698851979717,3.300970202733695,3.286966978071959,False,False,True,True,False,False
198,4,3.3,1.9,2.586177372039933,3.2941223424399544,2.717034616189623,2.728299562330929,False,False,True,False,False,False
199,2,5.7,5.3,4.5657856450697,5.6943930349855805,4.149101688795866,4.02045300413378,False,False,False,False,False,False
201,0,4.8,3.7,3.891200895491932,4.7699531136122815,4.083424444856618,4.095967830290985,False,False,False,False,False,False
202,3,5.2,4.6,4.552170070936642,5.174796784688968,4.5326504000576335,4.569492244600343,False,False,False,False,False,False
203,0,4.8,3.5,4.34944930175607,4.765981775710615,3.8527558075162993,3.917836119063839,False,False,False,False,False,False
204,2,2.2,3.6,3.2443918435552423,2.21694448007942,3.7499940968333685,3.7407349823166998,False,False,True,True,False,False
205,3,4.5,3.0,4.257180150377388,4.519310256536831,3.7433030070479267,3.765171289005787,False,False,False,False,False,False
206,0,2.6,2.3,3.3423023588389364,2.6035295160578698,2.4484275767266785,2.447869618320694,False,False,True,True,False,False
207,1,4.8,4.8,4.218051939812926,4.800679483189397,4.680470703119284,4.688706618874887,False,False,False,False,False,False
208,1,6.5,4.8,5.815913688757778,6.49028904619335,5.889337815944482,5.919477147040235,False,True,False,False,True,True
209,3,4.6,3.1,3.6079818982504,4.594694682535959,3.133528451777264,3.13261210892657,False,False,False,False,False,False
210,1,5.5,4.2,3.8633035006483247,5.4789418007356305,4.000411146810341,4.028741237956886,False,False,False,False,False,False
211,2,4.9,3.1,3.7108995347348417,4.873168820874321,3.6358088341873445,3.6719473091120998,False,False,False,False,False,False
212,1,5.4,4.6,4.739664052911733,5.395290793097009,4.681550348847073,4.719459724458583,False,False,False,False,False,False
213,3,2.5,2.6,3.1518911488723336,2.5064903928732507,2.9302793474376383,2.976175533882425,False,False,True,True,False,False
214,1,4.1,3.6,3.9834407334515602,4.099773319841854,4.0264811577434365,4.05581946363618,False,False,False,False,False,False
215,2,2.6,3.2,3.5499958084175076,2.610309054444426,3.0456594241902044,3.102311343772696,False,False,True,True,False,False
216,2,5.3,4.5,4.112512707048252,5.296642009424703,4.585255354625615,4.574555995926163,False,False,False,False,False,False
217,0,4.8,3.5,4.029932848248507,4.806785869592355,4.164009809767873,4.162084117442516,False,False,False,False,False,False
218,0,4.0,2.9,4.51265336300978,4.005060376100578,4.077363224669228,4.041202197588816,False,False,False,False,False,False
219,4,3.8,2.4,4.355161060509659,3.814502602229401,3.6437411444103547,3.661871125794124,False,False,True,False,False,False
220,4,3.4,4.1,3.6303894776135097,3.4007729659316874,3.970968250168917,3.901751873993582,False,False,True,False,False,False
221,0,3.4,4.3,3.382459418373466,3.3898486070042253,3.6985305151292915,3.7022412321626934,False,False,True,False,False,False
222,4,4.3,3.8,3.1006370607349742,4.263572215287214,3.4422813332300217,3.4295695230094054,False,False,False,False,False,False
223,3,3.5,2.2,3.4388838764783243,3.5123432383703936,3.480603431609538,3.534682900578786,False,False,True,False,False,False
224,3,5.7,5.5,5.506337949110287,5.690250708418251,5.373800014230343,5.454348382092677,False,False,False,False,False,False
225,1,4.2,3.7,3.212336300731877,4.197354057291751,3.5411266563503565,3.512454174948317,False,False,False,False,False,False
226,2,5.0,4.9,4.941980783985714,5.011869004989786,3.8519919663013695,3.8652615869208895,False,False,False,False,False,False
227,2,3.5,3.1,4.353535441135115,3.508711011134048,4.034758875218986,3.985258049361068,False,False,True,False,False,False
228,1,4.0,3.5,4.585035240923067,4.01116700915397,4.627545376785058,4.66396937322162,False,False,False,False,False,False
229,0,4.8,4.8,4.944802610851725,4.80802352253197,5.514494788291691,5.446803794061863,False,False,False,False,False,False
231,4,5.6,4.1,4.220368543391001,5.544004118246238,4.500427244396745,4.525148113674693,False,False,False,False,False,False
232,1,2.7,2.5,3.198651262307371,2.716169548354884,3.4581265255181,3.475552042049137,False,False,True,True,False,False
233,1,4.5,4.7,4.740031974296034,4.51105865689374,5.250695262544837,5.275528697201746,False,False,False,False,False,False
234,4,3.9,3.5,4.206760840045262,3.910553722587397,3.8069496820722666,3.7880255140124133,False,False,False,False,False,False
235,4,3.7,3.0,4.02553872635088,3.696269542500327,4.6712812975718006,4.6802438487826485,False,False,True,False,False,False
236,4,2.4,2.5,3.1155810166025755,2.421128121744778,3.4056048736367934,3.348810961064518,False,False,True,True,False,False
237,0,3.9,4.2,3.483407679064582,3.8922103531035854,3.9167689602068023,3.8721314669425877,False,False,False,False,False,False
238,2,4.6,3.0,3.1642992154816105,4.563096167018802,3.417550009060058,3.460524519017918,False,False,False,False,False,False
239,4,3.3,2.3,2.941418413883761,3.324795138984375,2.786695156393573,2.8465122208615248,False,False,True,False,False,False
240,4,6.6,6.4,6.238877228937668,6.5889172058813275,5.083924401073707,5.040288899421734,False,True,False,False,True,False
241,4,4.6,4.1,4.648884441613741,4.589982375191957,3.7851606404914118,3.789359710854754,False,False,False,False,False,False
242,1,4.7,3.5,3.7074825437977155,4.673900272166224,3.648285779336554,3.6982418266171964,False,False,False,False,False,False
243,1,4.1,7.2,4.338930692358054,4.1024173244187185,3.9403174702158372,3.892885317161955,False,False,False,False,False,False
244,0,4.2,4.3,3.5718298168738793,4.19270672409269,4.331619214661279,4.290798869752777,False,False,False,False,False,False
245,2,6.1,4.2,5.0289009373592695,6.106174786615254,4.670515757251257,4.623457610684709,False,True,False,False,False,True
246,0,3.2,4.9,3.5465831796093874,3.1959575777216034,3.5551327414210023,3.5294570317257516,True,False,True,False,False,False
247,2,4.5,3.9,3.1289886222054317,4.481513508928418,4.094885133252852,4.0169342240820125,False,False,False,False,False,False
248,1,3.7,3.4,5.144177052320317,3.7188154639291477,4.583380968458052,4.5421715667569735,False,False,True,False,False,False
250,2,3.6,3.4,3.4992340663743615,3.592965534544569,3.9009727727966146,3.877195010810615,False,False,True,False,False,False
253,4,2.5,6.6,4.433435735940363,2.5177782367306536,4.652517266685847,4.750454325918655,True,False,True,True,False,False
254,3,7.4,5.3,6.971396341681056,7.387073238840161,5.046772820696303,5.138017214153711,False,True,False,False,True,False
257,1,6.9,7.6,5.895246199524865,6.870617811142392,5.541740589769425,5.511864070079324,False,True,False,False,True,False
258,4,4.3,4.3,4.081502584120002,4.288912320251195,3.8855769461117884,3.954846525610961,False,False,False,False,False,False
260,0,3.6,5.3,4.774136978839466,3.6557772737609673,4.784633740367375,4.773268667924366,True,False,True,False,False,False
262,1,6.9,5.6,4.176603014039419,6.849033661250682,4.251090720882953,4.299731487668488,False,True,False,False,True,False
264,2,5.5,5.3,4.507648997615831,5.492640295148724,4.231640552964718,4.207980133123868,False,False,False,False,False,False
265,3,6.4,4.5,5.479856230673915,6.390781353203605,4.966864088695337,4.959196365450275,False,True,False,False,False,True
266,2,4.8,3.6,4.979606183572281,4.857776099911814,4.641501896513557,4.6723289233663206,False,False,False,False,False,False
269,4,4.8,4.3,4.943747070510141,4.814708723544764,5.151370955904111,5.196943139042328,False,False,False,False,False,False
270,1,7.1,6.1,7.05952731585379,7.112945613629171,5.310187381503727,5.324133358221217,False,True,False,False,True,False
272,2,6.4,5.9,5.8009784312746415,6.380037020741877,5.564221996456273,5.644011111642889,False,True,False,False,False,False
273,2,7.2,5.4,6.102028105950567,7.191692227452914,5.329418284578948,5.353998374632667,False,True,False,False,True,False
274,4,6.0,7.7,6.127707943903312,5.992434378469252,6.4471657967896325,6.428553910873825,False,True,False,False,False,False
275,4,5.5,5.3,5.190634924546253,5.509309725510438,4.908583559474029,4.951323398159416,False,False,False,False,False,False
276,1,5.3,6.1,5.9677135106282,5.319031707512537,5.385298144691713,5.392575130161772,False,False,False,False,False,False
278,2,5.1,5.5,5.50866084277191,5.119517473540523,5.029317612703408,5.095911078800677,False,False,False,False,False,False
279,0,4.7,3.6,4.09998746463802,4.712726403359199,4.684763550522255,4.614173283449394,False,False,False,False,False,False
280,3,3.3,4.2,3.319511664252436,3.3009074916648506,2.930695148474396,3.0912571905867203,False,False,True,False,False,False
281,2,7.0,5.4,5.825924423915971,6.994842134261869,5.005305975377928,5.031198044656329,False,True,False,False,True,False
282,1,4.2,3.2,5.160699768567198,4.200915997993587,4.600180625091453,4.640923473069252,False,False,False,False,False,False
284,0,5.2,4.4,4.134405180050911,5.178269040594871,4.128126697126077,4.078155963715461,False,False,False,False,False,False
285,2,5.1,3.5,4.256428257374191,5.085261625787006,4.120790384815687,4.178868903242866,False,False,False,False,False,False
286,0,6.9,5.7,4.844270090601494,6.860507328331806,4.588784860033925,4.512806335321535,False,True,False,False,True,False
288,0,5.2,3.5,4.69664458711868,5.196357972225175,4.979688324615614,4.9734431591471155,False,False,False,False,False,False
289,4,6.7,5.7,5.3998642032686694,6.690028912908466,4.750395800131477,4.712556836670072,False,True,False,False,True,False
290,2,3.9,2.1,3.386959724127162,3.89586899125935,3.9408458199950758,3.960537572761727,False,False,False,False,False,False
292,1,7.4,7.3,5.502316260757766,7.359213028662555,5.14523247245567,5.106191201108022,False,True,False,False,True,False
293,0,4.2,6.3,5.577763458900842,4.234386404938814,5.407899321483101,5.380298355210984,False,False,False,False,False,False
294,3,6.5,5.5,5.063887400762323,6.4895361352309795,4.514553197468398,4.595702574845977,False,True,False,False,True,False
296,4,5.7,5.9,4.722379747466107,5.681825537519957,4.946947096719448,4.908138082469757,False,False,False,False,False,False
297,0,3.6,3.1,3.4995258370418685,3.5692587696510167,4.1736145755637555,4.104860211949068,False,False,True,False,False,False
298,2,5.4,4.0,3.528838526852246,5.3685306352600755,4.367414312911994,4.385478282501565,False,False,False,False,False,False
299,2,4.3,2.8,3.476511994987196,4.266880019611905,4.216617883440633,4.234482522726663,False,False,False,False,False,False
300,0,4.5,6.8,5.468340061529647,4.523071557869114,5.250561392101273,5.2421404633550335,False,False,False,False,False,False
301,0,3.7,3.2,4.486209141409275,3.714903782265955,4.160016431973587,4.191827863854637,False,False,True,False,False,False
302,4,7.0,6.6,5.862529510335512,6.968876799248266,5.280222776483419,5.279686911312014,False,True,False,False,True,False
303,4,6.4,7.0,5.308598593556774,6.40855961645973,5.414293850765184,5.429465032282737,False,True,False,False,False,False
304,0,4.6,3.8,4.340135026789971,4.592387136867582,4.159330017818147,4.165861912209118,False,False,False,False,False,False
305,3,6.8,6.4,4.439122580526801,6.769042800384749,4.622062854381104,4.6738798910509125,False,True,False,False,True,False
306,2,6.7,5.7,7.100928799793769,6.742877361992591,5.088683933269022,5.103840211630519,False,True,False,False,True,False
307,3,6.8,6.1,5.507268850437548,6.765249946256339,5.142382565465099,5.16178508572754,False,True,False,False,True,False
308,2,6.6,4.3,5.168711546471524,6.572773215752877,5.211006189833285,5.285643690742248,False,True,False,False,True,True
309,0,5.8,5.3,5.689450809824222,5.795313059357078,5.465560507531128,5.463996517736404,False,True,False,False,False,False
310,2,2.7,2.1,3.4417084607368054,2.7175432720809205,4.044214336479438,3.994085143977677,False,False,True,True,False,False
311,0,6.9,5.8,4.3275067090475146,6.819303945761717,4.567701079941898,4.571485940319055,False,True,False,False,True,False
312,4,5.8,4.6,4.945387532270779,5.757113351826891,4.494618327721371,4.516092715690697,False,True,False,False,False,True
313,3,5.3,3.6,5.294905355942232,5.314145479118334,4.996897500445578,4.973245000415302,False,False,False,False,False,False
314,3,5.9,5.8,6.015724069157039,5.915289813664956,6.424755197565174,6.359271329325077,False,True,False,False,False,False
315,1,7.5,6.4,6.717655428968337,7.502870241003441,5.52155526977251,5.5870131824549425,False,True,False,False,True,False
316,1,3.5,2.8,4.617030548796781,3.515465015387966,4.899854586268452,4.930493096511259,False,False,True,False,False,False
317,2,4.3,6.1,6.049326162532544,4.315399866463144,5.616505245319589,5.475828046002066,False,False,False,False,False,False
318,3,5.9,5.9,5.8278569100863455,5.895280804002586,6.308011807712358,6.383054160216665,False,True,False,False,False,False
319,4,6.6,4.5,4.717143491373373,6.5522276928869685,4.54666466333437,4.500763375374226,False,True,False,False,True,True
320,0,6.6,7.4,6.92451008579809,6.65263442801642,5.248104984178679,5.190504670299297,False,True,False,False,True,False
321,0,6.0,7.3,6.065501648870021,6.0144429078018184,6.40470042438604,6.352576304809618,False,True,False,False,False,False
322,2,7.6,6.1,4.82476235044117,7.514456388023762,4.889332086998348,4.921614879861134,False,True,False,False,True,False
323,2,5.73,4.82,4.762016627544246,5.732523207430692,4.710423083877615,4.75359609136644,False,False,False,False,False,False
324,1,4.7,3.3,4.266333124052393,4.69482827605583,4.113503108273903,4.110720459873755,False,False,False,False,False,False
325,0,5.4,5.5,5.547243501335135,5.410980884217669,4.964158144800462,4.958009870453357,False,False,False,False,False,False
326,4,7.2,5.4,6.116566685709493,7.1449056302269165,6.011349167236828,6.0271645305127075,False,True,False,False,True,False
327,1,7.1,6.0,4.824946971125545,7.0585204673025865,5.0489133943019935,5.088970164895419,False,True,False,False,True,False
328,3,4.2,5.2,4.976956402256887,4.215259744575547,4.996204499835669,5.04461858379832,False,False,False,False,False,False
329,4,4.2,3.3,3.913200441591121,4.194728458530645,4.177679965101508,4.105988707599645,False,False,False,False,False,False
330,2,3.1,5.9,4.030458544031532,3.1052900913187726,5.013261443401848,4.878405756501752,True,False,True,False,False,False
332,2,6.9,5.5,5.972636235369864,6.902200998114986,6.111353192298155,6.137393525268106,False,True,False,False,True,False
333,1,6.1,6.7,5.099396913277733,6.10080766090438,4.888694083368095,4.915861245670928,False,True,False,False,False,False
334,4,5.9,5.9,5.635594968458124,5.893861688058776,4.5347997226039425,4.5475327218461326,False,True,False,False,False,False
335,3,6.8,6.8,6.180778147683739,6.783274076382907,5.416704081995237,5.442564526868017,False,True,False,False,True,False
336,1,6.6,6.1,6.035951967551153,6.602400290367023,5.47929419746726,5.532244420509981,False,True,False,False,True,False
338,1,3.8,3.0,2.9997145912104104,3.7916655664759364,4.131212871402177,4.138049600828062,False,False,True,False,False,False
339,1,6.9,5.9,6.123776593894295,6.865381436912441,5.821763434172935,5.857701469461686,False,True,False,False,True,False
340,4,4.6,3.8,4.747291807334335,4.618389052569523,4.332821529835811,4.278585074135533,False,False,False,False,False,False
341,0,4.4,3.8,3.6681929530279187,4.412199167607542,3.9213423236123326,3.896679396453724,False,False,False,False,False,False
342,2,5.1,4.0,4.566065747453142,5.079636674228365,4.44218517077102,4.478080685607957,False,False,False,False,False,False
343,1,8.1,7.0,6.258085084271063,8.085691251015378,5.724049881132104,5.762976243850216,False,True,False,False,True,False
344,1,5.2,4.6,4.182161849340644,5.199408786655193,4.255436440737592,4.285556568559744,False,False,False,False,False,False
345,4,6.5,7.2,5.93049954206675,6.483459743418651,5.080127478607309,5.1448464029507575,False,True,False,False,True,False
346,2,7.3,6.7,5.8489271950098,7.252328322173473,5.825280190817734,5.902674204787056,False,True,False,False,True,False
347,4,5.82,3.82,5.210678535978472,5.831097819361518,4.610446308341834,4.597867244867102,False,True,False,False,False,True
348,1,5.7,5.0,6.160234126027827,5.721287375631823,5.692879390906648,5.761265460076685,False,False,False,False,False,False
349,0,5.8,4.6,5.11940018901779,5.803996258563301,4.821270119775709,4.797450520755388,False,True,False,False,False,True
350,0,6.5,6.0,5.227067797743695,6.487185920812252,5.95824652285947,5.9464848131730035,False,True,False,False,True,False
352,2,4.5,5.5,4.945055438921941,4.505305323905259,5.1139538815553705,5.151007185659671,False,False,False,False,False,False
353,0,4.8,4.0,4.735499691190177,4.8004058611673095,4.506272008949473,4.44182848062377,False,False,False,False,False,False
354,3,6.4,7.1,4.95534851036664,6.398938865285084,5.51123945245131,5.655892714620945,False,True,False,False,False,False
355,2,6.5,5.1,5.327602933199707,6.494114138073334,4.8261799774100265,4.828151286721482,False,True,False,False,True,False
356,0,5.6,4.6,5.377132409945767,5.597941050697638,4.867608065766657,4.790228577780844,False,False,False,False,False,False
357,3,6.5,4.8,6.366559555239955,6.501137846293156,5.792272084374558,5.784577695291127,False,True,False,False,True,True
358,0,4.2,5.6,4.631154144354353,4.19243656695828,4.546020087868008,4.5885936660668465,False,False,False,False,False,False
359,1,3.7,2.5,4.010308181888011,3.708277096562287,3.5501959793581146,3.616925778477099,False,False,True,False,False,False
360,0,5.5,2.5,5.403283300296272,5.508482024638466,4.891972188833616,4.882376000663479,False,False,False,False,False,False
361,1,3.36,2.55,4.475558169652264,3.3715695453684256,4.052624704976348,4.059044811395352,False,False,True,False,False,False
362,1,5.9,4.0,4.90629670490406,5.904271418090214,4.955545631619674,4.93381879152523,False,True,False,False,False,True
364,1,6.5,5.5,5.489995521539023,6.482507254362904,5.307163361029963,5.319309638996848,False,True,False,False,True,False
365,2,7.1,6.0,6.485085138678181,7.120737662075327,5.58524810044579,5.632020392964875,False,True,False,False,True,False
366,1,6.1,6.9,5.166889307802624,6.092274064001097,5.23441623726238,5.260508697879654,False,True,False,False,False,False
367,3,2.7,3.1,3.349022346550775,2.721949311185696,3.4824706445043976,3.5314246426661033,False,False,True,True,False,False
368,2,6.1,4.8,4.682706643307749,6.101746604124066,4.669020863268811,4.70222780537445,False,True,False,False,False,True
369,4,3.4,2.9,4.0245926315011324,3.4089608231559207,3.815706228090244,3.8402884575622807,False,False,True,False,False,False
370,0,3.4,3.8,4.323714306586805,3.420778479954867,3.683625630525367,3.6730475416790638,False,False,True,False,False,False
371,4,6.6,5.2,5.500315315699973,6.579323997425749,4.884673775650524,4.87344071013272,False,True,False,False,True,False
372,2,4.8,3.6,4.270625379094528,4.8029800481632785,5.132767053344515,5.113899472153907,False,False,False,False,False,False
374,2,4.9,7.0,5.811403224383022,4.915783406817106,5.881175570294587,5.824411807914068,False,False,False,False,False,False
375,3,2.8,1.9,3.4921364700829836,2.806631688484562,3.800993443431041,3.798639703951231,False,False,True,True,False,False
376,2,5.9,5.0,5.590643773611139,5.898482419241122,6.067523671073502,6.166920987093786,False,True,False,False,False,False
378,0,5.9,5.5,5.476316437881488,5.871432804487332,4.817502597719576,4.8279092547610745,False,True,False,False,False,False
379,1,2.9,1.9,3.01169114717765,2.905036794437726,2.889131441179122,2.8447762319993393,False,False,True,True,False,False
380,0,4.8,5.6,4.61635717425211,4.817360624655683,5.693077442058227,5.66086297790887,False,False,False,False,False,False
381,2,6.7,6.0,6.496435505475272,6.681562055253397,5.665625457977149,5.606885406957019,False,True,False,False,True,False
383,1,3.6,4.2,4.086622577880231,3.6134278159509097,3.2817448417447315,3.200889002822448,False,False,True,False,False,False
384,1,4.1,3.6,4.4627382285235555,4.108263807654956,5.4022728066828325,5.35179538035592,False,False,False,False,False,False
386,2,5.5,5.0,6.129079035577508,5.5117207030703135,5.422524121813674,5.491768793074772,False,False,False,False,False,False
387,2,6.2,6.2,5.4721261246377635,6.183494757996478,4.59437039739107,4.592707588007765,False,True,False,False,False,False
390,4,6.2,5.7,5.327969377302519,6.197135572638424,4.929764587030229,4.8947868312870675,False,True,False,False,False,False
391,0,6.1,5.5,6.707893581764091,6.104420005158477,6.412314595663759,6.44266130217791,False,True,False,False,False,False
392,0,4.8,3.4,4.161283691809503,4.781452554265832,4.401633481983341,4.390020816446847,False,False,False,False,False,False
393,2,6.4,6.0,5.352700017548495,6.397979356875532,5.248785125093268,5.262105613171391,False,True,False,False,False,False
395,1,6.2,6.7,5.5222672173035585,6.204497138217575,5.488732409439862,5.43020396196172,False,True,False,False,False,False
397,3,7.0,7.0,5.907336404452858,6.997023654249285,6.198640290425148,6.154294425691341,False,True,False,False,True,False
399,2,7.0,6.7,6.620632340822829,6.996638253405703,5.4188020559601435,5.387139507617517,False,True,False,False,True,False
400,4,5.6,5.1,5.106781656789841,5.584315437492586,5.306758825294736,5.242637028239121,False,False,False,False,False,False
401,3,6.4,5.5,5.436545519136254,6.387450098950063,6.411245252266561,6.359537373931936,False,True,False,False,False,False
402,0,7.1,7.1,6.1421743148889725,7.0850886728025175,5.42827404094844,5.382988033091995,False,True,False,False,True,False
403,3,5.2,5.1,4.395861940526747,5.173114591046486,4.539741172098201,4.5452858440223896,False,False,False,False,False,False
404,1,6.8,6.9,6.1244785370429256,6.802390352173067,6.467110259713223,6.415476419995783,False,True,False,False,True,False
405,0,7.4,6.1,5.638899269346248,7.362478180462432,5.904540004210626,5.880466254770777,False,True,False,False,True,False
406,4,4.3,5.3,5.813274990234272,4.337013127080152,6.161127256378514,6.167843621655272,False,False,False,False,False,False
407,0,4.5,4.3,5.393743324272121,4.508358978158492,4.93733727524116,4.966312004915939,False,False,False,False,False,False
408,4,6.1,6.6,4.937905608800241,6.0589289869844745,5.668981818759105,5.784224609803152,False,True,False,False,False,False
410,1,5.1,3.8,4.195286606740867,5.0842253119868,4.446829956839286,4.4641920482559465,False,False,False,False,False,False
415,3,5.2,6.0,5.836820957794397,5.198197638883708,6.6083995515653315,6.583422931944142,False,False,False,False,False,False
416,2,5.2,5.5,5.36485557335335,5.1854260093127245,5.134207859223638,5.131584815978609,False,False,False,False,False,False
419,2,4.0,3.3,3.3414749470102993,3.993712815160384,3.4038338277636466,3.343728524075554,False,False,False,False,False,False
420,0,5.4,4.5,5.738252592748613,5.4007614605601395,5.090671768508019,5.134815235744742,False,False,False,False,False,False
422,0,3.7,2.8,2.872354126133032,3.6996632352520793,3.082445172863095,3.047001944871605,False,False,True,False,False,False
423,0,4.5,5.2,4.59653194011162,4.4828261506037235,5.808235280662097,5.702996007004365,False,False,False,False,False,False
425,1,6.8,7.1,6.40964391358064,6.799688947392205,6.771126140642096,6.86564959710708,False,True,False,False,True,False
426,0,5.3,5.3,5.512107890651918,5.300078482087619,5.5832091340918275,5.564653724692308,False,False,False,False,False,False
427,1,5.8,5.2,4.685046886069649,5.796123340897645,5.523663266038256,5.53127075634649,False,True,False,False,False,False
428,3,6.6,6.6,6.01184802070751,6.597023239229777,5.950734214802099,5.970836010852468,False,True,False,False,True,False
429,3,4.3,3.3,3.72818651671687,4.301155021959787,4.348744896935487,4.406793673490444,False,False,False,False,False,False
430,1,2.9,4.0,4.845122092345646,2.9075867277537637,3.8452065273009834,3.845932504399923,False,False,True,True,False,False
431,2,5.5,6.1,5.824946189877485,5.50775003100219,5.734987452787341,5.726571887413963,False,False,False,False,False,False
432,1,5.3,5.3,5.569200952265742,5.303838765454304,6.237724039930419,6.27664547580126,False,False,False,False,False,False
435,1,5.9,4.5,5.870087353985354,5.906194846202595,5.7870159399553245,5.7589228923418,False,True,False,False,False,True
436,2,5.2,4.3,5.8371795585867225,5.21043972199314,6.523604372156218,6.520684343379214,False,False,False,False,False,False
437,1,4.3,5.2,3.6127247684930364,4.281185515751534,4.383562706260476,4.405334989040018,False,False,False,False,False,False
440,2,6.3,5.3,5.412500500443986,6.281256659176661,6.126304200531409,6.150815756791823,False,True,False,False,False,False
441,0,5.1,4.6,6.558847096422942,5.130323720451489,6.28266403410343,6.264909476103701,False,False,False,False,False,False
442,0,4.5,4.1,4.367043877259839,4.48509563137834,3.585166649016051,3.5929573946629834,False,False,False,False,False,False
444,0,2.5,2.3,3.223676991585796,2.5159765723975047,3.6204495791219715,3.5965299197784084,False,False,True,True,False,False
445,2,4.6,2.4,3.599594878266907,4.596983682493138,3.5169107617820585,3.62054479805117,False,False,False,False,False,False
448,3,6.5,6.7,5.6167254762252545,6.468302946377779,6.268537925765806,6.279846257034309,False,True,False,False,True,False
449,1,3.8,3.6,4.312126069358213,3.810924410059985,3.5028235823778053,3.4836034912212983,False,False,True,False,False,False
450,0,5.0,4.1,3.8451772336730534,4.989739838148239,4.340632639332974,4.37279025764657,False,False,False,False,False,False
451,3,4.4,4.9,5.140362609135498,4.4300815294324964,4.99884286939586,5.0192570906710205,False,False,False,False,False,False
452,3,6.75,5.45,5.894178768524539,6.726474898267188,4.622457404783611,4.6776964396699485,False,True,False,False,True,False
453,0,5.6,4.6,5.742269422039801,5.600411769743671,5.515391998250607,5.557476655189526,False,False,False,False,False,False
454,2,4.8,5.0,4.797999201287448,4.807226404665709,5.962249634224039,6.012191313383471,False,False,False,False,False,False
455,2,5.7,5.4,5.413748918136569,5.69310222390436,6.156265882043063,6.1072359835615035,False,False,False,False,False,False
456,1,2.3,6.1,5.4565837335066645,2.3464532326756373,6.751552785549103,6.560205611201422,True,False,True,True,False,False
458,4,5.0,3.4,5.4393881881164186,5.001652327481537,6.939048084370759,6.912921394249787,False,False,False,False,False,False
459,4,6.1,6.3,5.258599322720718,6.111310797490246,4.347749268932893,4.385187172346132,False,True,False,False,False,False
460,1,3.8,3.8,4.242773906756459,3.7982548288276683,3.6549061200307102,3.5778627580553746,False,False,True,False,False,False
461,0,4.4,4.8,4.467521440580483,4.399167228217018,4.959814926422254,4.8932306879258105,False,False,False,False,False,False
462,0,4.6,5.8,5.666148213183521,4.618817738647437,4.466083659887613,4.4263082932804485,False,False,False,False,False,False
463,0,5.7,5.0,5.422835925425144,5.695242678668735,6.0325996302560885,6.04105751474022,False,False,False,False,False,False
464,4,5.6,5.1,6.062812161975899,5.608227643242885,6.218421984618621,6.244545675876202,False,False,False,False,False,False
466,4,5.9,6.6,5.702215509163531,5.869933967687154,7.2767052514463035,7.2284714446979015,False,True,False,False,False,False
467,3,6.8,5.7,5.742471458644947,6.789484250257688,6.902711051375276,6.73968690713429,False,True,False,False,True,False
468,4,3.4,3.6,3.432229741237587,3.400324626817343,3.452677158462195,3.467967679510721,False,False,True,False,False,False
469,2,5.3,5.1,5.255091969924757,5.293369498342825,5.864081337052713,5.933597254925422,False,False,False,False,False,False
472,3,5.2,6.5,5.3615996271708335,5.214267621376247,6.384061218063778,6.4141150559590105,False,False,False,False,False,False
473,2,5.5,7.1,6.0157117447407815,5.507372490567495,6.304669390147838,6.322455897355662,False,False,False,False,False,False
475,4,5.0,5.6,5.52065056235735,5.031547555226775,5.82205449386772,5.862804744362936,False,False,False,False,False,False
477,4,7.2,7.1,6.17046690484669,7.197517580514814,7.1204801896852965,7.082706154760062,False,True,False,False,True,False
478,2,3.2,2.8,4.10209344697013,3.2222686042513016,3.9044202369255463,3.9515058444673676,False,False,True,False,False,False
479,0,5.7,4.5,5.429357264348198,5.7015606813953275,4.8955893128170676,4.954881583765068,False,False,False,False,False,False
480,3,4.1,2.7,2.432452282651161,4.068812740449135,2.1456806297860505,2.1819604579575285,False,False,False,False,False,False
481,3,4.7,3.4,4.100614659628362,4.699435531345585,3.9107540023636953,3.909536769493712,False,False,False,False,False,False
482,4,3.5,1.9,3.0580365085768775,3.4973192726812354,3.2506744340624243,3.2265615166124277,False,False,True,False,False,False
484,0,6.5,6.4,5.637906409866199,6.4857214018173845,6.073399123545583,6.163125868989332,False,True,False,False,True,False
485,3,3.7,2.6,3.2940375505189126,3.6915495879490163,3.5364781830496548,3.580798736479599,False,False,True,False,False,False
486,4,5.7,6.2,4.440110972500801,5.66856525276375,5.073136945818109,5.047462015016665,False,False,False,False,False,False
487,4,5.3,4.5,5.954407128033345,5.3148430981635055,5.474103559431596,5.436396374860846,False,False,False,False,False,False
488,4,3.4,1.6,2.8397322515592642,3.391923524798649,2.5195462226436294,2.4879013900436595,False,False,True,False,False,False
489,4,5.2,4.6,4.665598597558644,5.168839872893478,4.695041321459932,4.6926408482146975,False,False,False,False,False,False
490,2,3.7,3.9,3.814720050201679,3.703622875733809,4.350483206592487,4.446225300617649,False,False,True,False,False,False
492,1,4.8,4.4,4.838204539698712,4.810527848777185,4.431875392163291,4.390394889719829,False,False,False,False,False,False
493,4,4.9,3.7,5.605845853358232,4.910818047903694,5.121731014504157,5.0433483289937735,False,False,False,False,False,False
494,3,4.1,3.7,3.6090862330362943,4.089861161642096,2.6740860464622824,2.75018331691072,False,False,False,False,False,False
496,0,5.9,4.7,4.625849185198117,5.88883311802267,4.637117039708305,4.669335991311685,False,True,False,False,False,True
497,2,5.7,6.2,6.244490309338395,5.687405657748344,5.693433145466745,5.735644022838763,False,False,False,False,False,False
498,1,2.8,2.9,3.6976495957703346,2.8093934104454816,3.4726699113765136,3.459971122410548,False,False,True,True,False,False
499,0,3.6,3.6,4.755824795056329,3.637667531621999,4.741950576494071,4.6705893386123565,False,False,True,False,False,False
500,3,5.2,6.0,4.8634586593730855,5.197530137050533,7.712770599362859,7.782477794421267,False,False,False,False,False,False
501,0,4.4,2.5,3.7233898788457296,4.39161529035812,4.145731221676442,4.228707139155632,False,False,False,False,False,False
502,1,4.6,4.8,4.704870951936134,4.608746382881615,4.5252687729629875,4.577481228188625,False,False,False,False,False,False
503,0,6.4,5.8,6.46099770823288,6.404432950111885,6.85449916901354,6.843112667361762,False,True,False,False,False,False
504,0,4.0,4.8,4.733065890097413,4.00050837848558,4.552843122616147,4.503624961192341,False,False,False,False,False,False
506,3,4.1,2.9,3.8931271021318987,4.107211528468012,3.2515296503969537,3.416597548900363,False,False,False,False,False,False
507,4,4.8,4.9,4.795827578038801,4.7926844013186365,4.25869416737234,4.240097351824001,False,False,False,False,False,False
512,1,5.4,5.1,5.053330409152086,5.399332559423414,5.082470038413667,5.13765849459004,False,False,False,False,False,False
513,1,4.2,3.1,2.9712560973229634,4.176505196820366,3.7784326357132314,3.8129267063580015,False,False,False,False,False,False
514,2,5.8,4.3,5.604828872547514,5.780466441142608,5.022127910227309,5.00205815600391,False,True,False,False,False,True
515,0,3.4,3.8,3.452942228285638,3.39952603782731,4.2505925713551385,4.210652151818444,False,False,True,False,False,False
518,1,3.4,4.1,3.5688559293977544,3.390839257838876,3.7197410623501916,3.6943197901599456,False,False,True,False,False,False
519,2,5.3,6.8,5.1518017193353405,5.295757208765989,6.08435989014236,6.157190151560223,False,False,False,False,False,False
520,1,5.5,4.0,5.15648182397191,5.492589480440065,4.686223102068541,4.729961188464071,False,False,False,False,False,False
521,1,4.6,3.8,5.0458437819599675,4.588804566042974,4.949183590435138,4.99395505903011,False,False,False,False,False,False
522,0,2.7,3.5,4.468129000738903,2.7404647647350044,4.114670674760068,4.122724109072097,False,False,True,True,False,False
523,1,5.9,5.1,4.9539483999012,5.87617849859704,5.248445046881267,5.301245829323322,False,True,False,False,False,False
524,0,4.0,3.3,4.5445588880390435,4.018700144379029,4.898927700628846,4.881138466793963,False,False,False,False,False,False
525,1,4.8,4.3,3.5838266803098304,4.760067947019146,4.207939913902024,4.168338803535287,False,False,False,False,False,False
527,3,5.7,4.0,4.099342057612094,5.655007290048302,4.54296629345558,4.549313597384771,False,False,False,False,False,False
529,0,5.8,4.7,4.580600736417314,5.794422671927659,4.896932239809031,4.875656632018723,False,True,False,False,False,True
530,1,3.5,3.3,4.683507066125815,3.5067141009712293,4.250357075092804,4.274680358285352,False,False,True,False,False,False
535,2,6.5,6.1,5.619920497986043,6.499092457117367,5.28185044979286,5.256059799091365,False,True,False,False,True,False
536,1,4.5,5.1,4.778623832263314,4.508811118346176,4.638462897127821,4.639179535379881,False,False,False,False,False,False
537,2,2.6,5.0,5.151734879959738,2.6190035525536164,5.3450781440427635,5.228796305534773,True,False,True,True,False,False
540,4,4.4,4.1,4.872044891222017,4.401291103330662,4.821125694242696,4.835647499306487,False,False,False,False,False,False
544,0,4.5,4.8,4.634261558881056,4.51147499292951,4.806152495651927,4.801261530184462,False,False,False,False,False,False
547,0,4.8,3.4,3.555005040893085,4.7778309110003905,4.041371039082349,4.12161091586451,False,False,False,False,False,False
550,2,5.9,4.2,4.9804600647654915,5.867201532736761,4.786754710713563,4.836951725378533,False,True,False,False,False,True
551,4,4.0,3.2,4.056340444155321,4.0038657216957985,3.628759685127283,3.634017889668417,False,False,False,False,False,False
554,2,5.0,2.8,2.9295435692991236,4.955981824647499,3.1284078615559183,3.0962293510890584,False,False,False,False,False,False
555,3,4.8,5.2,4.918585236849405,4.819716298496718,5.112688180702314,5.20950919267583,False,False,False,False,False,False
556,3,6.1,5.6,4.703938137833945,6.087726954881772,4.525378225363485,4.64355271572075,False,True,False,False,False,False
558,2,3.2,2.8,4.045100191895359,3.1993061240981073,3.4778777043785176,3.5663482292054702,False,False,True,False,False,False
560,2,4.6,2.9,3.2711778199302066,4.578773510670397,3.643326302295456,3.7596947566836736,False,False,False,False,False,False
561,2,7.0,6.9,5.432546860610951,6.949012073580922,5.1422855412009785,5.154416377264438,False,True,False,False,True,False
564,2,4.9,4.7,5.849673132635311,4.919437288901557,5.088340203077826,5.13829341151199,False,False,False,False,False,False
565,3,3.0,3.1,3.555999660714001,3.0022612521701815,4.178540379241006,4.185585658759607,False,False,True,True,False,False
568,0,3.1,5.4,4.794563210549421,3.1335335344405593,4.993454469035773,4.932420775557424,True,False,True,False,False,False
574,1,4.8,4.5,5.225807118790403,4.814920025343486,4.265897603850601,4.2995240660048495,False,False,False,False,False,False
577,4,5.5,5.6,3.6880157705123975,5.461584692777498,4.43159576815211,4.4099860116295595,False,False,False,False,False,False
579,1,3.2,3.1,3.4382025580596838,3.1887607559567255,3.8546707835543446,3.7980222898482845,False,False,True,False,False,False
580,3,4.4,2.4,2.482727075149334,4.36683093335563,3.6789467255555577,3.6251571355438394,False,False,False,False,False,False
581,4,6.0,5.3,5.799710387460466,5.989876467252311,5.826877075609368,5.871516831220065,False,True,False,False,False,False
582,3,4.9,3.1,4.958038914080873,4.904941508372076,4.827751441888962,4.7897887349630475,False,False,False,False,False,False
584,1,2.4,2.5,3.441134796075976,2.4214958590653253,3.867201224312181,3.7846434389651913,False,False,True,True,False,False
585,2,4.2,4.0,4.040316346085967,4.199960393642663,3.9861577631496976,4.008156245854593,False,False,False,False,False,False
586,4,5.9,5.2,4.689987180937989,5.866927703311794,4.6372990695185425,4.623254179733266,False,True,False,False,False,False
591,3,6.2,5.7,5.63358588307355,6.211592695386113,4.797924645779334,4.8329146953825,False,True,False,False,False,False
592,1,5.09,5.45,4.416217746012204,5.052050028618457,4.770739565301646,4.7944930666987755,False,False,False,False,False,False
594,1,3.1,4.2,4.345704006687936,3.1173761543977143,4.406081045639671,4.4224662067715395,False,False,True,False,False,False
597,4,6.4,4.8,5.007918751433198,6.357595842958519,4.957668352715178,4.97360384633165,False,True,False,False,False,True
598,0,5.6,4.0,3.930786985176242,5.591182291358753,4.602419048351456,4.601372480363493,False,False,False,False,False,False
600,2,4.0,3.5,4.016410665550448,4.006358071380975,4.267797516027963,4.18024037824426,False,False,False,False,False,False
605,4,6.0,4.4,5.3698301232857535,5.980858993157386,5.391034839552132,5.412138376678534,False,True,False,False,False,True
606,2,5.6,4.1,4.87591083292417,5.595011180639844,4.707723848049173,4.726648623283459,False,False,False,False,False,False
607,1,6.1,4.4,4.224524604413977,6.073003326820083,4.583874515400105,4.611021617164433,False,True,False,False,False,True
608,4,3.8,2.9,3.4309491329044164,3.7903128754523996,3.70581058801876,3.724849832179424,False,False,True,False,False,False
609,3,5.55,5.3,5.448858020907069,5.5484705333789135,6.1318249707140735,6.073938542771369,False,False,False,False,False,False
610,0,6.5,6.3,5.690876065795228,6.490103016175238,5.394799083620957,5.42144784471749,False,True,False,False,True,False
611,4,4.8,5.1,4.563906300693052,4.8013754298744145,4.9306527628388155,4.931745026598489,False,False,False,False,False,False
612,3,6.6,5.6,5.567409794486152,6.598544590293369,5.794012655877371,5.8205944610138864,False,True,False,False,True,False
613,4,6.8,5.2,5.0027484400336695,6.760839545884079,4.745070874802555,4.735929353484697,False,True,False,False,True,False
614,3,3.7,4.3,5.010816192517721,3.7061919425713397,3.8844958486136836,3.9254472146442474,False,False,True,False,False,False
615,3,5.0,3.2,4.221895618299825,4.992719847911682,3.9514360085552895,4.0116316816331725,False,False,False,False,False,False
616,1,5.0,3.5,4.197218538145504,4.978144760562005,4.036400620104509,4.010363966172726,False,False,False,False,False,False
617,0,3.0,6.5,6.103286954424313,3.0182654564912346,5.8907062124552745,5.858336639250669,True,False,True,True,False,False
620,0,4.4,5.8,6.036306464668291,4.439622736162907,5.947751750821371,5.892494887810641,False,False,False,False,False,False
621,0,4.4,2.9,3.977923566613709,4.386013543412893,3.9167284288017052,3.924161713828258,False,False,False,False,False,False
622,0,5.0,4.5,4.669056123791402,4.9831788850016165,4.664630585354185,4.594769240051295,False,False,False,False,False,False
623,0,5.9,3.8,4.54102619690022,5.8820335287987,4.526982362929623,4.460827532999822,False,True,False,False,False,True
625,0,4.4,3.1,3.1571602800850176,4.383852780759263,3.314384000452344,3.3237537901802217,False,False,False,False,False,False
628,4,6.8,4.9,6.608413461805614,6.78643525330151,5.072752205499952,5.06175204515061,False,True,False,False,True,True
629,1,7.6,7.4,6.7037638477003245,7.581854066128514,5.834323192240404,5.780463174379188,False,True,False,False,True,False
631,0,3.1,7.6,6.145833195447949,3.1386494493523562,5.622767101493585,5.558046670671852,True,False,True,False,False,False
632,3,5.4,4.2,5.687518191687495,5.418414354389273,5.993194602672536,5.918411431903632,False,False,False,False,False,False
634,4,5.8,4.7,4.904375208529108,5.774973525668823,5.047906392784017,5.083846780708507,False,True,False,False,False,True
635,3,7.6,6.6,6.8317078832864535,7.600162377527612,6.203798992451908,6.147555163781796,False,True,False,False,True,False
637,1,3.6,2.2,3.665092180325878,3.621916322325031,3.808731657505934,3.81235318959106,False,False,True,False,False,False
638,3,4.4,3.2,3.649751079086118,4.3870134038308235,3.9212949921299374,3.90250657415438,False,False,False,False,False,False
639,4,6.3,6.1,5.707333639942799,6.290418680369596,6.319854818488334,6.334085829017823,False,True,False,False,False,False
640,1,7.8,7.6,6.328498984806719,7.7711937708293854,6.1750765096980205,6.202344149684329,False,True,False,False,True,False
643,1,4.2,3.5,4.170630274213833,4.190110269887959,3.9333459859206465,3.9220781043536364,False,False,False,False,False,False
644,0,5.6,4.3,5.237433439134016,5.5863080179235975,5.817265215649905,5.848935901525344,False,False,False,False,False,False
645,3,5.7,4.6,4.899520925797063,5.654195069322879,4.85326051717826,4.818178324099795,False,False,False,False,False,False
646,0,3.8,3.1,3.7724681256062955,3.803908078667086,4.0518859778658385,4.012884855096342,False,False,True,False,False,False
647,3,5.8,3.0,5.6881800847580815,5.800909672657732,5.335647291228319,5.294776734116765,False,True,False,False,False,True
648,3,6.8,5.1,5.814567346907619,6.808290600170822,4.5793047909220785,4.634468402059891,False,True,False,False,True,False
649,1,6.7,6.2,4.4309988485475715,6.683252029632069,5.046499559129116,5.052930539649923,False,True,False,False,True,False
650,3,4.2,6.0,6.276769878692594,4.22655097238542,5.795856524722429,5.766560025228828,False,False,False,False,False,False
651,4,7.1,6.4,6.2141663109395395,7.0813922876104005,5.505112771267165,5.545484515636854,False,True,False,False,True,False
652,2,4.3,3.2,3.4604201550109925,4.270996389363236,3.915992750750366,3.948335328939657,False,False,False,False,False,False
653,3,6.5,5.3,6.14551258942268,6.489014619733832,6.926634913531943,6.783072033286922,False,True,False,False,True,False
654,2,4.4,5.1,5.489570493246697,4.4125650093424005,6.007387481525575,5.943184562324411,False,False,False,False,False,False
656,1,4.1,2.6,3.558397189617778,4.102090780731078,3.6633344424268115,3.6802737485381973,False,False,False,False,False,False
657,2,5.6,5.1,5.188781124876858,5.583734027968734,5.118044529910626,5.120085176281467,False,False,False,False,False,False
658,4,5.7,4.4,4.40616987098022,5.694460674056147,5.332742467759192,5.39126999981344,False,False,False,False,False,False
660,4,2.8,2.1,3.059398279707418,2.808159304063922,3.2429461316307213,3.2727494194888074,False,False,True,True,False,False
661,4,2.8,2.2,4.187567326323298,2.8104122253569948,6.6877619676219044,6.420593338742554,False,False,True,True,False,False
662,3,5.1,5.9,5.146013778997441,5.103954765641362,4.682916034428842,4.771060122000081,False,False,False,False,False,False
663,3,4.3,3.3,4.776952056440989,4.298750486052324,4.724736320635098,4.744097245028977,False,False,False,False,False,False
664,1,6.6,7.0,5.762460599641787,6.575496341570586,6.42283273366704,6.389065909830931,False,True,False,False,True,False
665,0,6.2,5.7,6.7839453901627635,6.2281334751477075,5.130814402795152,5.100794944276096,False,True,False,False,False,False
666,3,5.0,5.3,5.323257861806937,5.00931551112189,5.2835107659812675,5.220925639735301,False,False,False,False,False,False
667,1,4.9,4.2,3.9928042033264695,4.8727882199591495,4.076717016125722,4.065523240953635,False,False,False,False,False,False
668,3,5.3,5.0,5.376222244714035,5.311827479328925,5.197086515840152,5.132390343385314,False,False,False,False,False,False
671,0,3.7,3.1,3.3444506301823984,3.7043021462833825,3.7071135045647985,3.6825572021481148,False,False,True,False,False,False
672,2,6.3,4.4,4.099919446605036,6.261544222270074,4.550279631035042,4.615439365800081,False,True,False,False,False,True
673,4,6.7,6.6,6.649663154497362,6.692221875664228,6.8845882925313155,6.913879541165571,False,True,False,False,True,False
674,3,7.4,6.8,6.046841223678196,7.4013009338882645,4.846826847999024,4.876417811961159,False,True,False,False,True,False
675,1,5.8,5.1,4.659633859703693,5.763748696587382,4.926452289211787,4.936739040375144,False,True,False,False,False,False
676,2,6.6,6.6,7.258713771212878,6.609823958709643,6.3365136795969095,6.370617175655905,False,True,False,False,True,False
677,4,5.3,6.5,6.289780695190161,5.32853113701855,6.576972379983101,6.5836311656848565,False,False,False,False,False,False
681,2,6.6,4.9,5.946019244041214,6.587768021361188,6.11653914878544,6.0948548704003915,False,True,False,False,True,True
682,0,6.0,4.8,4.868123851980631,5.986413701888978,4.5574841773223875,4.564538188624782,False,True,False,False,False,True
684,0,4.9,4.3,4.765237784006796,4.894253897537031,5.054176880120367,4.959379326426477,False,False,False,False,False,False
685,1,3.6,4.5,4.098966609706334,3.597061553260243,3.8388485399720507,3.7880919904405643,False,False,True,False,False,False
686,1,5.5,3.4,4.574346037998228,5.481486249104779,4.274740607787173,4.282271194654799,False,False,False,False,False,False
687,0,7.4,7.3,6.774199449870977,7.39642082808699,5.653994049441372,5.650584388481574,False,True,False,False,True,False
688,2,5.0,4.3,4.176037270896582,4.982819518447065,2.3453017688370394,2.5690928668289317,False,False,False,False,False,False
689,0,4.6,3.8,5.663349184760496,4.593195337353372,5.4930937727210285,5.467121777497037,False,False,False,False,False,False
690,2,4.4,2.4,3.231312609238905,4.354883391345802,3.4339020713674246,3.47906705608377,False,False,False,False,False,False
691,0,3.7,5.0,5.787035468155256,3.742496420861259,5.214118929621529,5.186676093447989,True,False,True,False,False,False
692,0,6.1,6.9,5.819736429955276,6.090473452461549,6.842303309294979,6.857422400180875,False,True,False,False,False,False
693,2,5.3,6.2,5.257969176673949,5.302435800248436,5.254701904004863,5.194080371237089,False,False,False,False,False,False
695,3,6.2,5.9,6.000773954744294,6.191234392684298,5.584489079969902,5.591943751345078,False,True,False,False,False,False
696,0,5.8,5.3,4.863291762058792,5.792662849906152,4.609828281166108,4.60618796255153,False,True,False,False,False,False
697,3,5.8,4.8,5.524267376558123,5.7894309397789785,4.8300133291710345,4.837652436600072,False,True,False,False,False,True
698,4,3.7,3.9,3.4286597469368036,3.690536668098179,3.4350083571765797,3.473845393934318,False,False,True,False,False,False
699,2,4.5,3.7,4.442430299055852,4.515457771956357,4.458465113163275,4.485148626243266,False,False,False,False,False,False
700,2,5.6,4.8,4.8694225802947875,5.5996912062372095,5.325534461030314,5.199344246140146,False,False,False,False,False,False
702,0,3.3,7.5,6.270203653842999,3.318167827843477,6.10187752663159,6.101227515442172,True,False,True,False,False,False
703,0,6.0,5.1,5.316856972146683,5.991703135447633,5.868948580113348,5.862425352360327,False,True,False,False,False,False
704,2,4.2,4.1,5.61366147290545,4.228588417545923,4.704677224102566,4.757502242966699,False,False,False,False,False,False
706,3,6.0,5.5,5.211041133239424,5.978671053878186,5.163330349462627,5.1189503330259845,False,True,False,False,False,False
707,2,3.1,3.2,3.3886224982507116,3.1112926802606173,2.6570106227563217,2.6609238937220527,False,False,True,False,False,False
708,1,3.2,3.2,3.37727701301507,3.2066132004399375,3.872328826949951,3.7869763021941867,False,False,True,False,False,False
709,2,5.0,5.8,7.075753471185655,5.030418553723749,5.549001223423682,5.458322613451731,False,False,False,False,False,False
710,4,5.1,5.4,5.0232902276207305,5.0885940745851075,5.341303793741962,5.355678066397175,False,False,False,False,False,False
711,1,3.1,2.9,3.4269400651414377,3.106156741192853,3.572374722207023,3.5655518745779515,False,False,True,False,False,False
712,1,5.3,3.4,4.208689305342853,5.295360464267997,4.008861419876304,3.992684682034528,False,False,False,False,False,False
713,2,6.3,4.9,5.768000043309919,6.294693154836861,6.124679832593889,6.17887887941162,False,True,False,False,False,True
714,0,4.8,4.4,5.419178693051806,4.797510226122814,5.193974784370856,5.183230364247517,False,False,False,False,False,False
715,0,4.3,2.9,3.82939108552513,4.293205264207494,3.9464249835645395,3.9496639829447324,False,False,False,False,False,False
717,4,4.9,4.5,4.229693645682981,4.8864381157122345,4.470590902440109,4.450493653067971,False,False,False,False,False,False
718,0,6.5,5.9,6.52340564165629,6.50545834623239,5.488231381185852,5.473435693645652,False,True,False,False,True,False
719,2,7.2,7.1,6.369406423635987,7.2029477207908785,6.814105624026178,6.840431013463789,False,True,False,False,True,False
721,3,5.5,5.7,5.566400920037075,5.494157707546295,5.701298936769439,5.651287875569433,False,False,False,False,False,False
722,1,7.0,5.7,5.5606534214044565,6.982369678316851,5.474508026442487,5.552475713180396,False,True,False,False,True,False
723,1,7.2,6.5,5.719230371538946,7.156568823617405,5.487196683358598,5.470567345626968,False,True,False,False,True,False
724,4,6.1,6.0,6.076713075103246,6.086486544028958,5.582390694970848,5.587113384727654,False,True,False,False,False,False
725,4,5.1,5.1,5.912322796734393,5.115824160516233,6.065827673373417,6.121744239852256,False,False,False,False,False,False
726,4,3.6,7.0,4.6956904393005106,3.638171057552374,4.3409610103270255,4.3220608903721764,True,False,True,False,False,False
727,4,4.5,4.3,5.5524263772903915,4.518506253103868,4.254584103576303,4.20620297179813,False,False,False,False,False,False
728,1,7.5,6.9,5.796775411131905,7.4739827978607885,5.104653773514727,5.106154442106816,False,True,False,False,True,False
729,0,3.5,6.4,5.298690496601267,3.5477547771902604,4.754081841520922,4.761673571502948,True,False,True,False,False,False
730,3,4.5,3.7,5.2128104497442065,4.52021018598173,5.003671591889196,5.065205079963514,False,False,False,False,False,False
731,3,5.8,7.3,5.47555688503124,5.805714708619699,5.5788712479533435,5.536267358772363,False,True,False,False,False,False
732,0,6.3,5.6,4.950668149799934,6.29346194818595,4.859186585857579,4.808851982847776,False,True,False,False,False,False
733,2,5.0,4.3,3.948740427314991,4.966120669621607,4.07667362814842,4.111967603045952,False,False,False,False,False,False
734,2,6.3,5.7,6.052971227473623,6.291847964996492,6.195649728854017,6.161560521773417,False,True,False,False,False,False
735,2,4.9,4.3,4.451044926097081,4.894147601838377,4.986539011929292,4.990349653855986,False,False,False,False,False,False
736,3,3.7,2.7,2.8395408339679,3.679536659917911,3.127358455188242,3.062487920776202,False,False,True,False,False,False
737,1,4.9,4.1,3.8185200826950796,4.895063774898265,4.2472276947469405,4.235361236181405,False,False,False,False,False,False
738,0,6.2,5.5,6.1276119733394045,6.224324486174848,5.850629331014828,5.8021587004396,False,True,False,False,False,False
739,4,6.9,6.2,6.01087725751853,6.8640217552278235,5.966135543406838,5.981211492364084,False,True,False,False,True,False
740,2,4.0,3.7,4.502651752715366,3.998101750115337,4.490078550199104,4.503330143354684,False,False,False,False,False,False
741,2,4.4,4.6,4.14662345406898,4.402456248762343,4.19985538692985,4.229763213180324,False,False,False,False,False,False
742,3,6.5,6.1,6.624167907399799,6.492579284670917,5.25237667155667,5.312386847425302,False,True,False,False,True,False
743,2,5.0,3.1,4.211519430920086,4.971520255241162,4.44654154268023,4.497575009369796,False,False,False,False,False,False
744,0,5.5,6.1,6.1661196013757165,5.500221130569412,6.035699482200815,6.021801221128625,False,False,False,False,False,False
745,1,1.6,4.2,3.3212743763954444,1.640852276610487,4.016787858135514,3.9602107930635424,False,False,True,True,False,False
746,0,4.6,3.7,5.261425019322712,4.626664966739527,4.492195407220726,4.430536026595163,False,False,False,False,False,False
747,0,4.9,3.6,3.2890904107647785,4.875532901521565,3.642933796600242,3.5859681824609178,False,False,False,False,False,False
748,4,4.4,5.1,4.802991836535989,4.413345394131658,4.687960941245763,4.655136256260914,False,False,False,False,False,False
749,3,4.9,4.2,5.928025183718498,4.937753103142855,5.214829449213908,5.164395731658144,False,False,False,False,False,False
750,0,5.7,5.3,5.217120014797126,5.677060856595115,4.267053627253835,4.304887895161208,False,False,False,False,False,False
756,0,6.8,5.9,5.644150606220839,6.788392846984616,5.232193415376054,5.236295471945573,False,True,False,False,True,False
757,0,6.1,6.0,5.962883388598077,6.087937233709787,6.028612645461438,5.965253054280318,False,True,False,False,False,False
758,0,5.9,4.8,5.7595795471411035,5.891116256990115,5.11968063540621,5.06673163651741,False,True,False,False,False,True
759,4,5.9,6.7,5.7753661766965685,5.904136788910103,6.220568279107467,6.329640916416757,False,True,False,False,False,False
763,1,5.5,3.5,5.7546497801038035,5.510806485844995,4.735705134418596,4.783552915247796,False,False,False,False,False,False
764,2,7.5,6.3,5.94413990428764,7.4845887043863835,5.980238426190635,5.961669796408545,False,True,False,False,True,False
767,3,6.5,5.2,5.567064398971599,6.509030949106863,5.841032981271016,5.853330696928243,False,True,False,False,True,False
769,1,5.0,6.2,5.936983537228344,5.005961351849652,5.563527857263523,5.522365575748064,False,False,False,False,False,False
773,1,4.7,4.5,3.4566653459278487,4.701193129060972,4.058083096105952,4.056098047342341,False,False,False,False,False,False
775,1,4.4,3.7,3.904932276364107,4.40811219815116,4.343103889627541,4.259218105912876,False,False,False,False,False,False
776,0,4.5,3.5,4.84171746562564,4.512004864084902,5.058084882354756,5.008605685681501,False,False,False,False,False,False
777,4,5.1,6.2,5.434218126332855,5.0963083962467755,5.523036868762657,5.537176151963289,False,False,False,False,False,False
779,1,5.3,2.8,3.958406159721695,5.272486551831667,4.742961353774718,4.687875160365533,False,False,False,False,False,False
780,0,6.2,5.8,5.935992721992203,6.197293199590791,6.2272090952983135,6.267416983624193,False,True,False,False,False,False
781,2,6.3,4.9,4.9928899237225295,6.277687699548228,5.381976652859829,5.362147898216786,False,True,False,False,False,True
782,3,4.7,7.2,5.318715568929878,4.7183431998647585,5.028048804217268,5.0976446935060595,False,False,False,False,False,False
784,2,5.7,4.7,5.1512085486718595,5.686937491318015,6.216637547371929,6.196443456531458,False,False,False,False,False,False
787,3,6.3,6.1,6.042821366977363,6.291243358849245,5.447254714628924,5.535076149423595,False,True,False,False,False,False
789,1,5.2,3.9,4.3434833804647885,5.187573498605462,4.560586146207278,4.586003212976394,False,False,False,False,False,False
790,4,5.4,7.2,5.131516892125463,5.404373328075345,5.589392545880959,5.625128394055698,False,False,False,False,False,False
791,0,4.6,2.7,4.184321414963255,4.604996976009107,4.182988690788641,4.109918737405744,False,False,False,False,False,False
794,0,4.2,2.5,3.8421467642069285,4.195045442698062,3.724630477663143,3.6752073261214537,False,False,False,False,False,False
795,0,3.5,2.2,2.9216239333727336,3.498442512468526,4.177085680827656,4.123114468339291,False,False,True,False,False,False
796,4,5.1,5.2,5.635568262725814,5.10559631164115,4.574040005142192,4.569532923845504,False,False,False,False,False,False
797,0,5.4,4.9,3.929620752661816,5.373717281406462,4.09934836447557,4.05296791682769,False,False,False,False,False,False
798,1,5.9,6.5,5.692891195375906,5.906361694402516,5.6509640047656635,5.630237201996605,False,True,False,False,False,False
799,2,5.6,4.1,5.2181993439089185,5.5862043125772685,4.50951772752597,4.507690420404242,False,False,False,False,False,False
800,3,4.5,4.5,4.52362805468818,4.494486671823187,4.398624184459797,4.387768200571413,False,False,False,False,False,False
801,0,3.5,3.3,3.3428751408414037,3.4858980880220822,4.56031011595047,4.609372573606156,False,False,True,False,False,False
804,0,6.8,6.9,5.499167919081427,6.780877951522343,5.849565528780449,5.842524598351583,False,True,False,False,True,False
805,0,3.5,2.2,2.9842863645691824,3.481993903266338,3.8156517423753176,3.7323939162883772,False,False,True,False,False,False
806,1,6.6,6.4,6.415784639260144,6.615345466573797,5.683626328009594,5.658367986210843,False,True,False,False,True,False
807,1,6.5,4.8,5.279062815221714,6.508061344696144,4.965147049844433,5.009686145841858,False,True,False,False,True,True
808,2,4.3,3.1,4.8239036999960545,4.303000610858407,4.728433154159151,4.753849337020777,False,False,False,False,False,False
810,4,6.6,6.5,6.429545989511579,6.589967552678558,6.2716541196643,6.227152069764034,False,True,False,False,True,False
811,2,4.9,4.1,4.885560830930668,4.88284603004777,4.35670698152956,4.328329522189782,False,False,False,False,False,False
813,3,6.7,6.2,5.882629206044295,6.705765546947229,4.909564973231286,4.880827377074579,False,True,False,False,True,False
814,1,5.3,6.1,6.341950306893395,5.307189037305586,7.585229129623921,7.538503821200974,False,False,False,False,False,False
815,4,5.9,5.5,6.01544260504048,5.899054023770089,6.936528316575684,7.016801444614561,False,True,False,False,False,False
818,1,6.8,5.9,6.027902710867808,6.796108501201912,6.7024135826027,6.790326201045775,False,True,False,False,True,False
819,1,5.7,4.0,4.890239193167318,5.698708476480491,5.022984804230097,5.014910777971531,False,False,False,False,False,False
820,2,6.4,6.4,6.561326746049246,6.394040056233587,6.175132431251707,6.083915286295334,False,True,False,False,False,False
823,0,4.8,4.8,4.28486028425097,4.796840216753332,4.539555713318121,4.513436112535281,False,False,False,False,False,False
824,4,7.0,7.2,5.721785895340119,6.99803450751776,5.743278574283094,5.807217564377741,False,True,False,False,True,False
825,3,5.7,4.1,5.052981077447052,5.709784853172482,4.66911657815884,4.635826801667555,False,False,False,False,False,False
826,1,4.7,4.0,3.1454509515148543,4.664834810378547,3.6426615824765785,3.689270924528974,False,False,False,False,False,False
829,3,4.5,2.3,3.5993153979528727,4.490519440669274,3.8973429212805617,3.857574921510521,False,False,False,False,False,False
830,2,5.9,5.3,6.068182425661487,5.89943436688305,6.190265658467678,6.297980217538976,False,True,False,False,False,False
831,0,6.2,5.2,6.378133845917602,6.195596353651869,6.285075694559986,6.297461689992876,False,True,False,False,False,False
833,2,5.8,5.0,5.8739100145965395,5.802367849638077,6.324660795340886,6.306351905992062,False,True,False,False,False,False
834,4,4.3,4.7,4.298069582543039,4.303019420972857,4.141062218789514,4.151480925288691,False,False,False,False,False,False
836,4,5.7,7.1,4.932558975030547,5.702500504956781,4.25686229133121,4.313010531178631,False,False,False,False,False,False
839,4,4.4,5.7,4.562574769001733,4.38643249749067,4.647146936179225,4.571259409592521,False,False,False,False,False,False
841,4,4.7,4.2,3.8428887290592324,4.696045025875368,4.545569076450252,4.526042317718625,False,False,False,False,False,False
844,0,3.4,3.8,3.5622526754602726,3.4012519627514735,3.1613526315866656,3.2079596661013747,False,False,True,False,False,False
845,2,4.0,5.1,4.177678955664299,4.006075913503958,4.268892721137548,4.2849650995869455,False,False,False,False,False,False
846,4,5.5,6.0,5.362429340773146,5.515047193350518,4.918007181507748,4.966698376731394,False,False,False,False,False,False
848,4,2.7,2.2,3.135021492248186,2.691975046698585,3.887797392681343,3.9674637939263455,False,False,True,True,False,False
850,4,3.1,3.6,4.822149422653875,3.134611104370995,4.919351464750692,4.929655860204331,False,False,True,False,False,False
851,4,4.4,5.0,5.474592810736453,4.424227320461643,5.167920610071813,5.176251237496276,False,False,False,False,False,False
852,2,4.7,4.5,3.2842993777202856,4.682170769706515,3.592147791084419,3.682369627286584,False,False,False,False,False,False
854,0,3.8,2.9,3.626523765736424,3.7975741690998657,3.878995494933502,3.8957260685472783,False,False,True,False,False,False
855,0,4.5,2.9,3.4339761307236887,4.489088958427661,4.217111799397762,4.253416429470306,False,False,False,False,False,False
856,3,5.6,6.7,5.9080700126286505,5.586333730921558,6.032678592000684,5.959499889056695,False,False,False,False,False,False
857,3,5.3,4.9,5.420596700947512,5.2786221158124595,6.014820672989542,5.921150234529949,False,False,False,False,False,False
858,1,4.5,4.4,4.601685587990823,4.5076446762600995,4.1382784748017905,4.122227329632872,False,False,False,False,False,False
859,3,5.1,3.6,5.465241026378472,5.083152091487308,4.720025775781239,4.704402073550484,False,False,False,False,False,False
860,3,6.7,6.6,6.564013403809569,6.700284005872227,6.176832579337395,6.160249532776616,False,True,False,False,True,False
863,3,7.0,6.4,5.556012867241369,6.967679793462135,6.199875372125364,6.261540146726153,False,True,False,False,True,False
864,3,5.9,5.7,5.50394713230219,5.900369778418938,4.751061590509255,4.735410579115121,False,True,False,False,False,False
865,4,4.6,2.8,4.09214116391947,4.597195458901356,4.10987158101744,4.081050777405414,False,False,False,False,False,False
866,0,5.1,5.8,5.537304163335094,5.115321661497598,5.493575825055707,5.397170688257788,False,False,False,False,False,False
867,2,6.5,5.8,5.97497127338131,6.469876099371618,6.8452919764281805,6.81049251010525,False,True,False,False,True,False
869,3,4.1,2.6,4.267836744657496,4.10460675821458,4.229429487445506,4.209600527100721,False,False,False,False,False,False
871,4,6.0,6.4,5.054976547346435,5.992730294895815,6.030772188840309,6.045878809787768,False,True,False,False,False,False
872,2,5.5,3.4,3.782571698595814,5.498011568741468,4.031016239542392,4.095869256097952,False,False,False,False,False,False
873,2,7.0,6.8,6.147105978665308,6.98493381423702,6.735801956340027,6.7847603963266865,False,True,False,False,True,False
874,2,4.4,6.3,6.388157566758994,4.433809291213462,5.978016574326632,5.921299484516469,False,False,False,False,False,False
876,3,6.7,6.3,6.039333598536034,6.696628961213797,4.598657844440214,4.802844836664344,False,True,False,False,True,False
879,1,6.0,5.6,6.12403565427482,6.025663233482564,5.691150193300379,5.774385834344903,False,True,False,False,False,False
880,0,3.8,4.9,5.471813236482247,3.8288282846989192,5.407496118122902,5.3617557159082345,True,False,True,False,False,False
882,1,5.2,5.3,4.33964359569578,5.185787188324882,4.873179210886638,4.908558868870729,False,False,False,False,False,False
884,3,5.0,5.5,4.4081562144517985,4.9812879405700805,4.755807313012943,4.816837240162991,False,False,False,False,False,False
886,2,5.4,5.9,5.490325160132629,5.397683722032083,5.08551249688451,5.110254578539471,False,False,False,False,False,False
887,2,5.6,5.1,5.522903629172741,5.606216144142658,5.155047972261198,5.141235857319577,False,False,False,False,False,False
889,0,7.2,6.9,6.02887078785432,7.144952320286219,7.0739654625525,7.068110840372998,False,True,False,False,True,False
890,3,4.7,3.6,4.129611758859218,4.6903194454469626,3.9811502543071273,4.005823432020511,False,False,False,False,False,False
891,2,5.5,3.4,5.251147478196817,5.502692899127676,4.848330999842095,4.906757776137464,False,False,False,False,False,False
892,0,2.9,3.9,4.463802436837884,2.902909257161486,2.7745887254782846,2.9991131280793653,False,False,True,True,False,False
893,1,3.3,7.3,5.166443497319619,3.302503416335278,5.821362696468217,5.786044290656061,True,False,True,False,False,False
897,0,4.3,4.9,4.0289201231574845,4.277442845854817,4.376659504678307,4.358496237576121,False,False,False,False,False,False
898,1,5.5,6.4,5.490950705809722,5.490903431092201,5.321732128730764,5.336753778297963,False,False,False,False,False,False
899,4,6.3,5.3,6.062798137191782,6.291151934654279,5.027731566423133,5.042105675923339,False,True,False,False,False,False
902,1,3.3,7.0,5.653207574690399,3.340868459549056,6.291951089675095,6.2763857675665236,True,False,True,False,False,False
903,4,5.6,5.9,5.283051987065196,5.609449329758716,5.199649071109794,5.195185571331763,False,False,False,False,False,False
904,3,4.2,5.7,5.999819932344743,4.230545421472623,5.703041150161688,5.616449257441666,False,False,False,False,False,False
908,3,4.9,5.5,4.843752406070558,4.902247732088351,4.732711989297588,4.840884040081999,False,False,False,False,False,False
909,4,5.5,6.0,5.689272225780759,5.505975907477148,5.01521165817211,5.008050788562283,False,False,False,False,False,False
910,4,6.6,7.0,5.853546725658971,6.58772011932983,6.198868273198488,6.169322161395866,False,True,False,False,True,False
911,3,4.0,7.1,5.6492550456087836,4.040766430698487,4.838539712510698,4.843637065901382,False,False,False,False,False,False
913,3,3.3,4.8,4.636145884613954,3.3160637595331206,4.033461559890385,4.138195904140894,False,False,True,False,False,False
915,3,5.2,5.0,4.795212528662751,5.2024239856655,6.404166683504235,6.330037692820346,False,False,False,False,False,False
921,2,6.1,5.9,6.785390320801289,6.088816842511335,6.548317637230946,6.595081040862738,False,True,False,False,False,False
924,0,6.2,5.4,6.12938814616837,6.200016669665577,5.678408754440346,5.656560637283553,False,True,False,False,False,False
925,1,5.7,4.9,4.327060664962788,5.679111206363144,4.131299952331615,4.153996922120772,False,False,False,False,False,False
926,0,5.5,4.0,3.5640887381736124,5.487327197981903,4.401110263118024,4.431017296313431,False,False,False,False,False,False
928,2,4.0,5.0,4.731351801078611,4.005540877465995,4.862345227516998,4.834417056641605,False,False,False,False,False,False
931,3,6.5,6.3,6.568128154947824,6.4917796455749475,6.505816550749588,6.503622549677111,False,True,False,False,True,False
932,3,4.9,4.5,4.4707215227263,4.8658662628055245,4.346514839632619,4.3710305541996135,False,False,False,False,False,False
934,4,6.4,6.2,5.609538524968244,6.388029445682248,5.342065495404614,5.409397502518471,False,True,False,False,False,False
936,4,4.7,5.4,5.0926833029824765,4.716896316634172,4.99064036046289,5.022175182947794,False,False,False,False,False,False
938,1,4.2,7.3,5.1858152762792376,4.196428625249852,5.00016622155726,5.000328195031431,False,False,False,False,False,False
939,0,2.7,6.2,5.682352166915538,2.7689684250865714,5.419574066484925,5.505117063588229,True,False,True,True,False,False
941,4,5.9,7.2,5.709874413373107,5.889910571918766,6.664188216595725,6.679831683215118,False,True,False,False,False,False
942,3,4.1,4.8,5.025168450672495,4.13421002742204,4.142690372345895,4.174570190287206,False,False,False,False,False,False
944,1,6.5,7.1,5.720071929833281,6.496237136321631,5.389638057298983,5.41507964930877,False,True,False,False,True,False
945,1,2.8,2.3,3.0461905684670185,2.8024553672560915,3.264760176301925,3.256348079448401,False,False,True,True,False,False
949,1,6.1,5.7,6.039099462748032,6.099456661871469,6.607274194971412,6.703377269382468,False,True,False,False,False,False
952,0,3.7,4.2,4.375371368186986,3.731506106972627,4.071191532053372,4.006000552075488,False,False,True,False,False,False
954,3,5.5,5.1,6.682968989046469,5.514393558605219,5.536649922376028,5.548791411381041,False,False,False,False,False,False
955,4,5.6,3.8,4.476005012442332,5.58011568781492,3.4926085003125973,3.5239507869575704,False,False,False,False,False,False
956,1,5.4,4.5,5.058195771899786,5.395182872772077,5.054108404136569,5.053384271154769,False,False,False,False,False,False
957,1,4.7,2.8,4.591935169628658,4.70805189227511,4.363288537328938,4.339912693888496,False,False,False,False,False,False
958,0,5.1,5.5,5.407806665738965,5.077037826209759,5.312401917013605,5.275669887302455,False,False,False,False,False,False
959,3,6.4,6.2,4.271869960916415,6.364722282166851,4.999121028083559,5.060817567240141,False,True,False,False,False,False
960,2,7.7,7.7,5.854485041710549,7.674142228335351,6.766360866329684,6.730709792584493,False,True,False,False,True,False
961,1,5.5,5.6,4.327112471438014,5.495564889493013,4.477826491305733,4.506818210102647,False,False,False,False,False,False
962,2,3.4,7.4,6.165212359311942,3.4401545758354435,5.04155020917917,4.987532802174009,True,False,True,False,False,False
964,3,7.0,7.6,5.736952318217292,6.977337070661047,5.6722894624056055,5.776083237923182,False,True,False,False,True,False
967,2,4.4,2.8,3.4706505523413926,4.409055151480075,3.3290764739367766,3.371051413957164,False,False,False,False,False,False
968,4,3.2,3.8,4.941544689956694,3.241130595672404,5.000520854422804,4.991760180175522,False,False,True,False,False,False
970,1,6.6,6.6,6.209109891238393,6.605534131001576,5.976073303528102,6.017944377992835,False,True,False,False,True,False
973,1,4.6,6.5,5.417094506460014,4.5954681007821945,5.480820621455271,5.445522265226744,False,False,False,False,False,False
974,1,4.2,4.1,4.5510790564005505,4.207069724544068,4.426784314659076,4.443387131621405,False,False,False,False,False,False
976,2,5.9,6.2,4.909940279024778,5.890418401462821,5.309475041887033,5.2702260896584985,False,True,False,False,False,False
977,2,3.5,7.3,5.389127812238061,3.496475899398724,5.409101490081159,5.332962739684424,True,False,True,False,False,False
978,4,6.1,7.7,6.890396189831191,6.117377692676538,6.8282564723441475,6.8516294440984895,False,True,False,False,False,False
979,3,5.5,3.1,3.815690158080823,5.4895757021103435,4.093062457532077,4.082550632590344,False,False,False,False,False,False
980,1,4.3,5.8,6.312908586467098,4.328242228290528,6.049592429334701,6.071781837064373,False,False,False,False,False,False
981,3,6.6,6.7,5.785425055700371,6.62102056224907,7.578922323352652,7.469247946886999,False,True,False,False,True,False
983,4,6.3,4.8,6.5645266092822405,6.292727418235803,6.917585869967393,6.915872872198819,False,True,False,False,False,True
985,0,6.1,3.9,4.533267664987389,6.084462644615721,4.16632592930185,4.151305760469598,False,True,False,False,False,True
986,3,4.5,5.8,5.214373401392847,4.502114972426733,5.442091631689275,5.362371102118142,False,False,False,False,False,False
987,3,3.6,6.3,4.300820862656586,3.592980508078006,5.530272572040832,5.588733598404149,True,False,True,False,False,False
988,1,5.9,5.4,5.090669894351409,5.893714380203036,4.976367603610496,4.9385736641232585,False,True,False,False,False,False
989,3,6.4,6.3,6.08625578966166,6.394134391976017,8.151538174798334,7.971250135338992,False,True,False,False,False,False
990,3,6.1,6.0,5.8998500005943955,6.092246974623386,6.286061834122706,6.337328774270937,False,True,False,False,False,False
991,1,3.5,3.1,3.646496055726256,3.5091370334831606,3.54142367829278,3.5225721549679374,False,False,True,False,False,False
993,2,3.8,4.4,4.526242512097165,3.8102212256238976,4.805686775026738,4.83004302347981,False,False,True,False,False,False
994,3,5.3,6.6,6.142753499836551,5.318830398791546,7.528521421084833,7.452468659610981,False,False,False,False,False,False
995,3,2.4,4.7,4.377533350533337,2.414299052864275,4.929361491478268,4.910389080131206,False,False,True,True,False,False
996,3,6.7,6.0,6.549703593872186,6.720889897479435,5.827768384524407,5.871292176288089,False,True,False,False,True,False
997,1,6.7,6.4,5.845570989129528,6.703078599505649,6.528008714820053,6.558335781883905,False,True,False,False,True,False
999,4,5.9,4.1,5.098565955089292,5.879400140732077,5.12650074003154,5.072216477678342,False,True,False,False,False,True
1000,0,5.6,6.8,5.592256840343159,5.598739189470664,5.723528872793959,5.663310865742965,False,False,False,False,False,False
1001,1,3.8,4.4,4.170128555035856,3.8119605054361263,4.353043085309167,4.376964668527041,False,False,True,False,False,False
1002,1,3.2,4.5,3.7243744757102135,3.2249496440917063,3.354011060684133,3.302278985402485,False,False,True,False,False,False
1003,2,3.3,5.3,4.493421483055577,3.319421771928168,3.8653568323648,3.924669348320117,True,False,True,False,False,False
1004,4,4.7,3.8,4.27351373746109,4.70001108785285,4.442903642857696,4.453100420004626,False,False,False,False,False,False
1005,4,5.1,5.4,5.3239765683001234,5.116306506572769,5.316272918867726,5.261668336931482,False,False,False,False,False,False
1006,4,4.4,4.6,4.082596654971376,4.389010165360846,4.589676374408308,4.619121269474091,False,False,False,False,False,False
1007,3,5.4,5.2,5.529786688717583,5.415832770050964,5.4218640674532415,5.412232249790496,False,False,False,False,False,False
1008,4,5.4,6.0,4.349234559883081,5.389956386214397,4.5101750388821955,4.493349536813935,False,False,False,False,False,False
1009,0,3.7,3.5,4.008585120980491,3.7087934222468557,4.1250668899584175,4.111215178285152,False,False,True,False,False,False
1010,3,6.5,6.5,4.367398836358867,6.475131206516742,4.478825300111839,4.518516595612781,False,True,False,False,True,False
1011,0,3.0,4.5,4.179680554628796,3.0214381557017402,4.098434876909772,4.088855154303263,False,False,True,True,False,False
1012,1,2.9,4.3,4.594860626421221,2.9308358102785896,4.217372041502086,4.145532572823955,False,False,True,True,False,False
1013,1,3.5,3.2,3.8833634115077302,3.4884495046637407,3.4381956484000096,3.366479874547636,False,False,True,False,False,False
1014,1,4.5,4.9,4.410440783293438,4.4996015932875135,4.397321345533444,4.410573207055833,False,False,False,False,False,False
1015,3,6.3,5.9,5.508344761456421,6.287202960070401,5.406062716424077,5.462433253307348,False,True,False,False,False,False
1016,0,1.9,3.3,2.803152563780986,1.8998919773139418,2.914964711639122,2.929340478613993,False,False,True,True,False,False
1017,3,3.8,4.1,4.041662919033934,3.8173379090185224,4.29424065679454,4.305218111114429,False,False,True,False,False,False
1018,3,2.5,3.7,3.0679371385498415,2.5396608123928113,3.9285116251445547,3.898794342477278,False,False,True,True,False,False
1019,2,2.8,4.3,3.578017106909229,2.81753477426987,3.4569073057301067,3.5756430535329304,False,False,True,True,False,False
1020,4,2.5,3.4,3.6780310569480283,2.5168117534948933,4.380357375289711,4.4409402266836775,False,False,True,True,False,False
1021,1,4.8,6.2,5.041357393643384,4.7973150399641264,5.2704620177031645,5.322949868850909,False,False,False,False,False,False
1022,1,3.3,3.3,3.5479882666921063,3.304614354479203,3.8262812800524615,3.8040356978205017,False,False,True,False,False,False
1023,4,2.3,2.9,3.0336167129406943,2.328877930762374,3.7310422154813994,3.730899214319157,False,False,True,True,False,False
1024,0,2.9,3.2,4.253466498974473,2.9116412828225755,4.321557083115231,4.3516024436693534,False,False,True,True,False,False
1025,3,6.1,5.1,6.065940782664177,6.102899117607896,5.37990895087984,5.3692958703119205,False,True,False,False,False,False
1026,4,2.8,3.7,2.495361950913468,2.7890806884338795,3.222108356901799,3.233135167333551,False,False,True,True,False,False
1027,2,3.8,4.6,5.294028028749258,3.831910458151642,4.7331353519712955,4.7414697843700955,False,False,True,False,False,False
1028,1,4.8,4.5,5.602845743184697,4.825354700717679,4.839576540929046,4.858699743616406,False,False,False,False,False,False
1029,1,4.5,3.9,5.544093769594149,4.5117285159313285,4.744725082656425,4.7369400154865575,False,False,False,False,False,False
1030,3,5.2,5.7,5.601176219922089,5.197351736199418,5.331755159094122,5.348341383475591,False,False,False,False,False,False
1031,0,5.0,4.8,4.790929962347308,5.002486761259179,4.514362176821032,4.52076134502032,False,False,False,False,False,False
1032,4,4.1,3.3,3.7999322070790305,4.077396403500817,3.8863327530294782,3.8874943716828643,False,False,False,False,False,False
1033,4,5.6,5.3,4.964869336182465,5.582662518357343,4.884341541322517,4.852198934333921,False,False,False,False,False,False
1034,1,2.8,3.3,3.512056216153688,2.8075639569568347,3.2368294703170992,3.25233692093077,False,False,True,True,False,False
1035,0,4.2,4.3,5.107601919831437,4.2043326718543685,4.4307860594507975,4.4177600248716065,False,False,False,False,False,False
1036,4,3.0,4.8,3.9151601780406673,3.047764630589825,3.955165825488498,3.990493747375218,False,False,True,True,False,False
1037,1,4.4,5.0,5.659684417169304,4.449459627587417,5.358342219961983,5.377111558119473,False,False,False,False,False,False
1038,1,4.1,5.0,4.881500654006389,4.10850279078603,4.60636299491767,4.6415348727823,False,False,False,False,False,False
1039,1,4.6,6.3,4.746343816730088,4.584654276600669,4.802499308259124,4.830197633360015,False,False,False,False,False,False
1040,3,5.3,6.2,6.024486085748425,5.327757941562924,5.611672895094577,5.582429488031076,False,False,False,False,False,False
1041,3,5.4,5.6,5.445009205569966,5.400442335193982,5.935323508964476,5.862682065537992,False,False,False,False,False,False
1042,1,4.3,5.0,4.760235911772355,4.308174018600875,4.570560704298448,4.621940084301254,False,False,False,False,False,False
1043,2,5.0,4.9,5.504496063751965,4.996127004404515,5.475769700801422,5.558547801931485,False,False,False,False,False,False
1044,0,6.1,7.1,6.285579729696974,6.083082877599054,6.015476654491946,5.969796020628854,False,True,False,False,False,False
1045,2,3.1,4.4,3.9118633083783156,3.127556070299697,4.333848897611449,4.384573477571007,False,False,True,False,False,False
1046,3,5.0,5.6,5.158222211648363,5.016254805595623,5.119295136875423,5.132269343678362,False,False,False,False,False,False
1047,3,4.4,5.3,5.118049557090477,4.392214670068104,5.292863297685033,5.296887062166815,False,False,False,False,False,False
1048,4,6.7,5.0,6.354291182729136,6.697904233270357,5.36526084824517,5.368787425953034,False,True,False,False,True,False
1049,0,6.7,5.3,6.344504259928941,6.684361258346549,5.454068778221268,5.45827310435239,False,True,False,False,True,False
1050,2,5.8,6.0,4.860952054569494,5.79006807506727,5.303348165520922,5.393718402201686,False,True,False,False,False,False
1051,4,5.3,5.2,3.5138214426275076,5.237094794833572,5.03184494858632,5.045505860000244,False,False,False,False,False,False
1052,4,6.6,5.5,5.225552312320281,6.576093714938783,5.129577767763555,5.1359242211196205,False,True,False,False,True,False
1053,2,6.3,4.5,5.171772541894869,6.296283344971925,5.631531443226185,5.681786886361282,False,True,False,False,False,True
1054,4,6.3,3.7,5.5557543301736185,6.286046462931056,5.159780905393869,5.182947873378973,False,True,False,False,False,True
1055,0,6.3,3.7,6.026856341688324,6.300546729655364,5.52221369701469,5.499984543126129,False,True,False,False,False,True
1056,0,5.0,4.2,4.462806645709999,4.989068504066201,4.744731665722734,4.742247158443153,False,False,False,False,False,False
1057,4,7.1,4.7,6.203011733017368,7.098932402826612,5.131576819944547,5.183800609323925,False,True,False,False,True,True
1058,3,5.8,4.0,6.7258661705855,5.856211279108123,6.439874312289796,6.358675584546927,False,True,False,False,False,True
1059,2,7.5,4.7,5.515292600261523,7.454950009385935,6.152438065702002,6.260996182107423,False,True,False,False,True,True
1060,2,6.1,5.2,6.253873643797174,6.1177703868588145,5.40479114834797,5.429100133296275,False,True,False,False,False,False
1061,4,6.2,6.5,6.190150547265574,6.187940381838006,5.669219298878366,5.678530912293511,False,True,False,False,False,False
1062,4,4.3,4.1,4.729636253433834,4.299872553694478,4.494959294291648,4.4992804538172875,False,False,False,False,False,False
1063,2,6.4,5.2,5.786538146143973,6.386023378946485,5.205523304616545,5.164336891729727,False,True,False,False,False,False
1064,1,7.1,5.2,6.215654929664471,7.075148966267098,6.021386753401721,6.014496387268267,False,True,False,False,True,False
1065,1,6.4,6.0,5.27192907601753,6.392507135799116,5.08369516236301,5.049095053991406,False,True,False,False,False,False
1066,0,5.5,6.1,5.814279402064722,5.507709966272802,5.140251507039394,5.1382941942961695,False,False,False,False,False,False
1067,1,3.4,4.0,3.3868987175625573,3.412070759275134,3.651755771731424,3.6368677142837367,False,False,True,False,False,False
1068,2,5.3,5.9,5.015291003700311,5.3118615738463335,5.327484281757125,5.356214822371822,False,False,False,False,False,False
1069,2,5.6,4.3,5.1472008973303005,5.584906418406581,5.705712407638662,5.544376935104586,False,False,False,False,False,False
1070,0,5.8,5.2,5.261189950834818,5.782637361415475,5.177468279048342,5.163470695855546,False,True,False,False,False,False
1071,3,5.3,6.5,5.015641344206788,5.298694259793625,4.92887681359252,4.92296250312921,False,False,False,False,False,False
1072,4,5.5,6.3,5.16270286870289,5.507459270596685,5.338589959589932,5.332262771292525,False,False,False,False,False,False
1073,1,3.8,5.2,4.119056453193716,3.7824625248573978,4.350024893996124,4.3544367295422335,True,False,True,False,False,False
1074,2,6.4,6.8,5.562600218445152,6.391020161719379,5.185523906478771,5.205623661876332,False,True,False,False,False,False
1075,0,6.6,6.4,5.913031252348341,6.580945493191565,5.559746427960076,5.562300091039478,False,True,False,False,True,False
1076,2,5.0,6.0,5.541649702751678,5.008861742936388,6.054339450884013,6.074558394828355,False,False,False,False,False,False
1077,2,4.8,6.4,5.1608257989995545,4.791590834247445,4.646573011122489,4.695622857246773,False,False,False,False,False,False
1078,4,6.0,6.8,6.308812939768959,6.010883772834105,5.801306061708037,5.730602145924907,False,True,False,False,False,False
1079,3,5.6,6.9,5.954877273827455,5.588624755151681,5.236609684114929,5.238644235769744,False,False,False,False,False,False
1080,3,5.0,6.0,5.444249865053422,5.0044784523979855,6.013387273588053,5.976786151567277,False,False,False,False,False,False
1081,0,3.5,5.0,4.663521356621912,3.5096110211001803,4.423896140437639,4.404648805370747,True,False,True,False,False,False
1082,3,6.4,6.7,5.4217591104694005,6.384050174729952,5.144142670283002,5.1355974660200525,False,True,False,False,False,False
1083,3,6.6,6.1,5.281541085171797,6.556336622127735,5.063907369219591,5.066932340876075,False,True,False,False,True,False
1084,3,3.4,5.1,3.681879403859772,3.4073221139329197,4.470131604832915,4.467052008894222,True,False,True,False,False,False
1085,3,5.2,6.1,5.77591428959818,5.210318886252951,5.416505081137663,5.352478330171564,False,False,False,False,False,False
1086,2,4.3,5.9,4.991035342055997,4.306577200649745,4.819197452178337,4.814854274996023,False,False,False,False,False,False
1087,3,6.4,6.0,6.046630564670048,6.394249041575702,5.538277593409922,5.503343955809829,False,True,False,False,False,False
1088,4,6.6,7.3,6.550315898448847,6.60713457690924,6.947896404423452,6.996817746835207,False,True,False,False,True,False
1089,0,6.6,6.4,6.195220496854243,6.602021512449314,6.779997642878255,6.762151390787654,False,True,False,False,True,False
1090,3,6.6,5.6,5.911848853980656,6.605615467853192,6.092764862303483,6.020818735246214,False,True,False,False,True,False
1091,1,5.8,5.7,5.101813785960013,5.787011910442467,5.0143104317785685,5.0060616193741785,False,True,False,False,False,False
1092,4,6.3,5.8,6.042981557406134,6.302971424012007,5.596811881327923,5.5774451185634515,False,True,False,False,False,False
1093,1,6.0,5.8,6.078558022187895,6.0114054746545555,6.542265673153316,6.581010777991474,False,True,False,False,False,False
1094,3,6.3,6.4,6.013397149376746,6.300887579209994,6.3529170544469995,6.357565441237601,False,True,False,False,False,False
1095,1,6.2,6.2,6.326833596479904,6.206301652014967,6.21500160191408,6.238662622197137,False,True,False,False,False,False
1096,0,3.6,3.8,3.955340214251193,3.6152712108285243,3.9812458170889804,3.9790868670959147,False,False,True,False,False,False
1097,4,5.4,5.5,4.712297227484065,5.407028085014974,5.024842427735945,4.996520430215212,False,False,False,False,False,False
1098,0,6.3,6.8,5.893813603259314,6.282768341003182,7.249236578800314,7.189690440379536,False,True,False,False,False,False
1099,2,5.9,5.7,5.482665404041455,5.90389951966962,5.240802965936882,5.188598654207482,False,True,False,False,False,False
1100,0,5.6,6.3,5.2480593499998225,5.610663442588479,5.06351464244201,5.064553331615784,False,False,False,False,False,False
1101,0,2.4,3.7,3.0959039791432263,2.4158499909136393,3.3825812604466146,3.412171060365443,False,False,True,True,False,False
1102,2,4.5,2.3,3.472191542536747,4.47953133168512,4.092142062755815,3.964390481395853,False,False,False,False,False,False
1103,0,3.5,3.6,3.720961613872297,3.514518491143076,3.1203545716752124,3.10214239707917,False,False,True,False,False,False
1104,2,4.4,4.2,4.502768065342151,4.395302830347936,4.7274139873766,4.718701413310993,False,False,False,False,False,False
1105,3,3.7,3.8,4.636561982026961,3.723279038094935,4.249117703249554,4.282813114563098,False,False,True,False,False,False
1106,0,3.9,3.0,5.3578587387351115,3.926397196490475,4.889584299303755,4.8671479902996095,False,False,False,False,False,False
1107,3,3.2,3.0,3.0913670596510063,3.2025476567732585,3.061403838085825,3.040067729897703,False,False,True,False,False,False
1108,3,3.7,4.8,3.598188778386599,3.699528394033309,3.979507675881342,4.0160610888866355,False,False,True,False,False,False
1109,3,2.4,4.2,2.781853487178099,2.4008690371139605,3.0359585904131094,3.0554459922433335,False,False,True,True,False,False
1110,3,5.4,5.1,5.613840145123113,5.361596512560307,5.286232070522253,5.2522412457138685,False,False,False,False,False,False
1111,4,2.9,3.2,4.378086055907955,2.9293434098100373,3.6966573103529274,3.667806975937208,False,False,True,True,False,False
1112,1,2.3,3.1,3.8333446915844935,2.3055813454046437,3.822587154561801,3.869152891945671,False,False,True,True,False,False
1113,4,3.0,3.4,3.956944907104151,3.008261602348721,3.647506493873202,3.670087040335316,False,False,True,True,False,False
1114,2,3.3,3.4,3.44647506853977,3.3045484530718925,3.0625935493014165,3.1405294562015316,False,False,True,False,False,False
1115,2,3.9,4.4,3.0456342360343047,3.8893267765343005,3.6472732201846094,3.669605592271914,False,False,False,False,False,False
1116,1,3.0,5.7,3.1267649152690655,3.0298421067728967,3.867757674639104,3.8647756746301978,True,False,True,True,False,False
1117,4,3.4,4.2,3.3034846327089604,3.36397735087399,4.399887869653767,4.297374799325012,False,False,True,False,False,False
1118,2,1.9,4.0,2.44821680167621,1.911690449514213,3.2405532610286123,3.330489316184827,False,False,True,True,False,False
1119,0,2.1,3.4,3.1917547049721873,2.10895516947681,3.519461010300852,3.4654395708212196,False,False,True,True,False,False
1120,4,2.8,3.4,3.0879921289411603,2.7945333859269814,3.802877920576856,3.7421043388202793,False,False,True,True,False,False
1121,0,2.3,3.9,2.674589407898948,2.303534838372832,3.238395058483638,3.2032363006316915,False,False,True,True,False,False
1122,0,5.4,6.8,5.536210112517144,5.398107994662051,4.922496842428728,4.875957971904216,False,False,False,False,False,False
1123,3,3.1,3.1,3.394711501372416,3.109824025107942,3.8637248639976987,3.9412401854499164,False,False,True,False,False,False
1124,1,5.1,5.4,5.4200773651508065,5.111045230476552,5.149396186931753,5.188057416588587,False,False,False,False,False,False
1125,3,3.0,4.9,3.2418068191135996,3.013560685472736,3.5170475219301274,3.5315653337296897,True,False,True,True,False,False
1126,1,3.2,3.9,2.8551632106792706,3.2039865857007905,3.1455233276230503,3.047676243973242,False,False,True,False,False,False
1127,4,3.0,3.4,3.1621474895409456,3.02982064700208,3.3505333877467645,3.3178340672028876,False,False,True,True,False,False
1128,4,2.7,3.7,2.615579629771083,2.683008874859525,3.0823404895879842,3.031741017025596,False,False,True,True,False,False
1129,3,2.4,3.5,3.524390560639165,2.421256250160753,3.3359088380320254,3.319062409802649,False,False,True,True,False,False
1130,2,3.1,3.8,3.6495028001933325,3.1403800953989185,4.0415652118170176,4.155028360766039,False,False,True,False,False,False
1131,1,3.4,4.5,3.6163377463060202,3.394382010019958,3.759229784679395,3.72981271221371,False,False,True,False,False,False
1132,3,3.4,4.6,3.0304102683399297,3.3787479225472934,3.5445229104028524,3.5881072803548024,False,False,True,False,False,False
1133,3,2.4,5.0,3.2356872200328795,2.4242377027718067,3.48603130668903,3.4964244049722737,True,False,True,True,False,False
1134,4,2.1,4.1,3.3315531764845963,2.10848098854938,3.7800576726769224,3.700736040320818,False,False,True,True,False,False
1135,4,2.7,3.1,2.6364292794888122,2.7048671660275043,3.098669121144228,3.072002435570397,False,False,True,True,False,False
1136,1,3.4,4.5,3.634816344700108,3.4189525023226364,4.016383915564655,4.011757538854183,False,False,True,False,False,False
1137,4,4.2,4.3,4.374754557406315,4.222703827315493,4.18062496310843,4.163232079780788,False,False,False,False,False,False
1138,0,3.7,4.4,4.197032275199222,3.69691959674291,3.948499513883146,3.9262900754012855,False,False,True,False,False,False
1139,3,2.5,5.1,2.732447070871169,2.5067017969335885,3.4023593362847158,3.42068568545901,True,False,True,True,False,False
1140,4,5.4,5.9,5.299805173417239,5.402284785075247,5.090277033414863,5.053478980235855,False,False,False,False,False,False
1141,3,3.6,4.5,4.200103450319806,3.6114159302390014,4.72161571562118,4.675701705182415,False,False,True,False,False,False
1142,3,2.1,3.2,3.069017996694101,2.1362374615925965,2.643124024266021,2.5809843448495045,False,False,True,True,False,False
1143,0,5.1,3.8,5.5370694167728995,5.107450235331484,5.340355812387313,5.335135806541081,False,False,False,False,False,False
1144,0,4.6,3.7,4.132867539068971,4.595838807487201,3.720681206938661,3.736572893884251,False,False,False,False,False,False
1145,1,2.4,4.7,3.3417061410174527,2.41745385278619,3.932414497999143,3.872199245239781,False,False,True,True,False,False
1146,1,3.4,2.6,3.522378246515023,3.4094331498884034,3.1375099489906093,3.111843645282966,False,False,True,False,False,False
1147,3,3.6,4.6,3.6451429913034286,3.6056392957646857,3.468702670573247,3.491375743787166,False,False,True,False,False,False
1148,4,3.0,3.4,4.528357523663557,3.043426310534506,4.033403591940554,4.045111176064245,False,False,True,True,False,False
1149,1,2.6,4.0,3.9596171786759395,2.638597108934707,3.5794093583351545,3.5486136350787714,False,False,True,True,False,False
1150,0,2.3,4.1,3.384912118459232,2.297432549246982,3.6091120773406473,3.5181277976301466,False,False,True,True,False,False
1151,3,5.6,5.0,5.689019754830751,5.578835480035269,5.298728241731179,5.318610981527629,False,False,False,False,False,False
1152,3,5.6,6.1,4.61464676844781,5.581004132451232,4.58771596977967,4.626898609632491,False,False,False,False,False,False
1153,4,2.5,3.9,3.398000861742335,2.5001808126912484,3.778292096846071,3.731279275727274,False,False,True,True,False,False
1154,4,4.4,3.9,3.694902807491314,4.391009987020191,3.374137153464373,3.430435095361491,False,False,False,False,False,False
1155,1,4.3,4.2,3.8008643477897754,4.284134588411759,4.044490577951,3.991126234639886,False,False,False,False,False,False
1156,2,5.6,7.0,5.436197785756403,5.5466549955366835,5.779256440765847,5.826839238148732,False,False,False,False,False,False
1157,1,6.1,6.9,5.413805215974486,6.082589849804673,5.736389612027562,5.757342373444813,False,True,False,False,False,False
1158,1,6.2,6.2,5.958703862476057,6.202300908908016,5.995755307491184,6.047511173073801,False,True,False,False,False,False
1159,3,6.0,5.8,5.6917244132944536,5.995736312654614,6.135951919608543,6.078235139427625,False,True,False,False,False,False
1160,1,5.4,6.4,5.788792825125812,5.463954605796081,5.866238028986916,5.906654979033089,False,False,False,False,False,False
1161,1,2.5,4.1,4.161936535979619,2.517296349950687,3.6690783457583667,3.614637278210588,False,False,True,True,False,False
1162,1,3.8,3.6,2.7024478426980623,3.7887052558426504,3.7281445964218656,3.686126810153647,False,False,True,False,False,False
1163,1,5.3,6.2,4.740175134943461,5.270415320893711,4.758950423123136,4.808207949264889,False,False,False,False,False,False
1164,2,3.1,3.6,3.232230698243629,3.102442476277197,3.698976113978751,3.724538279186865,False,False,True,False,False,False
1165,3,2.8,3.5,3.5194808604564125,2.804972107078922,4.1005814157689535,4.1149187492207835,False,False,True,True,False,False
1166,1,3.3,4.6,3.6769368423295345,3.3001065215474914,4.046172195539975,4.064192290562827,False,False,True,False,False,False
1167,2,2.8,3.6,2.371262993341526,2.7834596394388664,2.8865163593797365,3.001633008207401,False,False,True,True,False,False
1168,3,3.3,4.4,3.6470753657213013,3.321667775146428,3.430434076208072,3.4720727210784745,False,False,True,False,False,False
1169,3,2.8,3.9,3.1305366028653596,2.819996915506218,3.092884315424504,3.0735325719126654,False,False,True,True,False,False
1170,4,2.1,3.1,3.3100489833531186,2.1047784618507817,3.5654645756579906,3.523599644807142,False,False,True,True,False,False
1171,0,1.9,3.6,2.957996340345768,1.920773038806618,3.355827243123095,3.3608502644109914,False,False,True,True,False,False
1172,1,2.5,3.9,2.75925945895203,2.496671607641037,3.4624264141984016,3.4372425347636817,False,False,True,True,False,False
1173,1,4.0,4.3,3.760126395482408,4.010569530284112,3.179972179674908,3.1539305865464407,False,False,False,False,False,False
1174,1,3.3,3.6,3.959779081959093,3.308898986519324,3.9113715577197046,3.8715994711747235,False,False,True,False,False,False
1175,2,3.4,3.7,4.230207802450899,3.409096414391956,4.075928696596503,4.0655233885336495,False,False,True,False,False,False
1176,3,2.7,4.9,3.181744285537955,2.7199376862585565,3.671126269340263,3.7312301144100237,True,False,True,True,False,False
1177,3,3.3,5.2,4.137520368188611,3.3197265211209896,4.021542458805275,3.9914384279096238,True,False,True,False,False,False
1178,2,4.5,4.9,4.011666613176373,4.480436426024516,4.033429343490514,3.8882688768893416,False,False,False,False,False,False
1179,2,4.1,3.4,4.731756167428353,4.099098251784935,3.857783341084234,3.8904753407489365,False,False,False,False,False,False
1180,0,2.6,3.3,3.340300150474772,2.6055513845288303,4.114726323856822,4.07226862502887,False,False,True,True,False,False
1181,3,4.4,3.7,4.916840189471184,4.408299628611613,4.532598938974899,4.53100097572816,False,False,False,False,False,False
1182,1,2.2,2.7,3.590182671509617,2.202507680880775,3.4697137157380205,3.3733149201579495,False,False,True,True,False,False
1183,1,3.2,3.7,3.4055949401931365,3.226404163323527,2.8163988477679736,2.807120812439738,False,False,True,False,False,False
1184,3,2.3,4.2,2.539832235522717,2.29314887182249,2.9472580255885585,2.9399411938445708,False,False,True,True,False,False
1185,4,4.8,6.2,4.042754300242488,4.775032264937272,4.409569608969895,4.414211012951273,False,False,False,False,False,False
1186,4,1.9,3.7,3.388053838452217,1.890908442924784,3.5325316735000625,3.486939359526792,False,False,True,True,False,False
1187,0,4.1,4.4,5.15388132463174,4.103743203984677,3.7443373791766748,3.7928956466236645,False,False,False,False,False,False
1188,1,3.3,4.7,4.8514627185148225,3.317238278892025,4.548242441718105,4.5746222613367875,False,False,True,False,False,False
1189,0,3.2,4.8,3.6214278250300334,3.216506087266419,3.814086422906276,3.842793657305824,False,False,True,False,False,False
1190,3,2.2,3.5,3.4768916943155106,2.2184708336188654,3.6736338826662704,3.5792903130144156,False,False,True,True,False,False
1191,3,2.6,4.4,2.831604487037072,2.608988022026147,3.3208349087771736,3.3238192949551912,False,False,True,True,False,False
1192,3,2.9,3.7,3.0379212531430513,2.8976238355891404,3.777956936698475,3.8109435977946133,False,False,True,True,False,False
1193,0,3.9,4.4,4.952175727415226,3.920773090225026,4.697693495913896,4.668398380783578,False,False,False,False,False,False
1194,0,2.5,3.4,2.738214907148682,2.496783756170001,3.4486202865259985,3.4252160794564244,False,False,True,True,False,False
1195,2,4.0,4.2,4.213357717755586,4.005800695815822,4.2704199143315815,4.29931376426979,False,False,False,False,False,False
1196,0,2.7,3.8,2.626569927344139,2.6818610976403976,3.0186264032648316,2.995702327793282,False,False,True,True,False,False
1197,2,2.8,3.9,3.249728311658701,2.7988965365230216,3.0754935263832945,2.932813393208975,False,False,True,True,False,False
1198,2,1.8,3.5,3.059372663635959,1.8159895255434582,2.85104253697065,2.882370457080967,False,False,True,True,False,False
1199,1,3.5,4.5,3.9855316828498637,3.4863063058890797,4.216597661169266,4.180373551320519,False,False,True,False,False,False
1200,0,3.6,3.2,3.6793345846783763,3.590182611387281,3.500309668886918,3.5198887090337085,False,False,True,False,False,False
1201,2,5.5,6.0,5.990821798853807,5.527811617624553,5.540415446400917,5.550739051015947,False,False,False,False,False,False
1202,3,2.7,4.1,3.2165062085322655,2.7036367917811512,3.6497518320173237,3.6560665827719534,False,False,True,True,False,False
1203,0,3.4,4.0,4.469197973242742,3.4342960900354487,4.7371823443202645,4.674427344310638,False,False,True,False,False,False
1204,3,5.5,6.6,6.180345791660373,5.504112318582805,6.009409843514217,6.024314961254641,False,False,False,False,False,False
1205,1,5.7,6.0,5.789171288570405,5.70517652057658,5.341641176808061,5.386865038224702,False,False,False,False,False,False
1206,1,5.8,5.1,6.154110940560456,5.800979472561683,5.581644363464285,5.570860461528671,False,True,False,False,False,False
1207,1,3.4,4.7,4.785928060920534,3.466200924370511,4.343373673152,4.286273913622639,False,False,True,False,False,False
1208,4,4.6,6.2,4.7055692518321965,4.5900218318101444,5.141856549081274,5.06765185611377,False,False,False,False,False,False
1209,2,2.7,4.4,3.574158241057124,2.7314858784693485,4.662320400806838,4.610901312738409,False,False,True,True,False,False
1210,3,2.4,3.8,3.0923771720471467,2.4085668947701504,3.5932753812581555,3.6209089252793234,False,False,True,True,False,False
1211,4,4.7,5.5,5.0369859748177594,4.708159846931213,4.750560157799166,4.759261543359308,False,False,False,False,False,False
1212,4,2.7,3.5,2.519466801387138,2.688054959816957,3.3770704878222886,3.351695343863594,False,False,True,True,False,False
1213,4,2.8,3.1,3.5831956719245657,2.8171376880389793,3.8879808517368346,3.8404957367919987,False,False,True,True,False,False
1214,4,5.3,6.2,5.172944668537955,5.305776524403818,5.559942424363492,5.517365535771354,False,False,False,False,False,False
1215,3,5.6,6.2,5.242875444994864,5.580014037730189,5.001032149404615,4.993294467800907,False,False,False,False,False,False
1216,3,5.3,5.5,5.2075339722128255,5.29260254623124,5.1712461369392715,5.183084378390072,False,False,False,False,False,False
1217,4,2.6,3.9,2.9628812786316585,2.585345162848103,3.7209430167095663,3.623929385850597,False,False,True,True,False,False
1218,3,4.1,3.9,4.135271473634146,4.102183886312556,4.585478397467452,4.674972418533157,False,False,False,False,False,False
1219,1,2.2,4.3,2.9828022712962805,2.2211674639751524,3.8509331893846768,3.8583299074669624,False,False,True,True,False,False
1220,0,2.2,3.6,3.413771045881896,2.2133472376218917,3.756781115967422,3.733328164164776,False,False,True,True,False,False
1221,0,5.3,5.4,4.78236780067203,5.29594723211874,4.631284712112977,4.633111902361093,False,False,False,False,False,False
1222,0,3.2,4.1,3.159543696787301,3.203513238427983,4.584269253212546,4.515341935437634,False,False,True,False,False,False
1223,1,5.6,4.6,5.224943748317595,5.602496291673804,4.728330196272299,4.737169596878087,False,False,False,False,False,False
1224,3,6.8,6.2,6.0821316201983615,6.807484882007802,5.641075131637894,5.564120631566516,False,True,False,False,True,False
1225,2,4.6,3.4,5.305768520956053,4.593243233032398,4.695759305152681,4.6723398537037495,False,False,False,False,False,False
1226,3,3.8,3.9,3.739132014141762,3.7828004806409092,4.600819956841332,4.693528321432248,False,False,True,False,False,False
1227,3,5.7,4.7,6.289557795840916,5.714807258441943,5.636063191655293,5.610642953988403,False,False,False,False,False,False
1228,3,3.3,5.4,4.583882615670866,3.3327156441512003,4.687187520260895,4.663771573013903,True,False,True,False,False,False
1229,4,4.3,5.2,5.023931999586982,4.315538282536355,5.020917673832569,5.040722518249767,False,False,False,False,False,False
1230,1,3.7,5.3,3.8598811797928945,3.6931809332324272,5.298762221869305,5.264135847546807,True,False,True,False,False,False
1231,1,6.5,5.5,5.715528014013365,6.492121670460332,5.386674044849983,5.395298640588893,False,True,False,False,True,False
1232,4,6.3,6.9,5.652948440989814,6.289567126931889,5.514878111565787,5.476663917199658,False,True,False,False,False,False
1233,0,4.8,5.5,5.794591004415241,4.828157342034075,5.399606501865416,5.339741095445922,False,False,False,False,False,False
1234,3,3.0,4.6,3.6537073856343065,2.995566385958767,4.2947482132419195,4.244041522036444,False,False,True,True,False,False
1235,0,5.8,4.9,4.665110313027553,5.777188612925168,5.095598507294154,5.109674985920556,False,True,False,False,False,True
1236,2,4.9,4.5,5.269419044703409,4.89788276846757,4.871808669157428,4.822052630447149,False,False,False,False,False,False
1237,3,3.3,4.1,4.067308216959077,3.3217547212985856,3.889911735635439,3.879614896736262,False,False,True,False,False,False
1238,4,5.1,5.5,5.2858589911098415,5.0920353926401125,5.494358198376177,5.473950667378712,False,False,False,False,False,False
1239,1,6.7,6.3,6.134738515543405,6.660640659096038,5.366973068410107,5.39334760461806,False,True,False,False,True,False
1240,2,2.6,2.7,3.320101638039851,2.605342838620438,4.131154622854457,4.122369439811289,False,False,True,True,False,False
1241,1,3.7,4.1,3.819403771426256,3.7072863193428054,4.402006889832707,4.445407227806107,False,False,True,False,False,False
1242,2,4.3,4.7,3.898111765205077,4.2889454087643415,4.272695940799446,4.276575275429655,False,False,False,False,False,False
1243,1,5.7,5.8,5.978142004872388,5.704375648017478,6.005291575361587,6.029939504303153,False,False,False,False,False,False
1244,1,3.7,4.6,4.040324805727317,3.7034044968802053,4.179870485242924,4.229592687910897,False,False,True,False,False,False
1245,1,5.3,6.4,5.758803984439424,5.310353415483767,5.366750606489594,5.413796809833865,False,False,False,False,False,False
1246,2,3.1,4.5,3.696664978586419,3.1107374067245743,3.35012502187325,3.350893578692556,False,False,True,False,False,False
1247,2,6.3,4.4,6.519584372962337,6.318396294437839,5.612287268638612,5.61424875830067,False,True,False,False,False,True
1248,3,3.0,3.7,3.806618275000172,3.0093715355132664,5.001413123777147,5.227182013218981,False,False,True,True,False,False
1249,3,5.6,5.1,5.720708815541416,5.582828693451202,5.245566896733202,5.225209714092322,False,False,False,False,False,False
1250,1,7.4,7.0,5.747508462421056,7.366620593846587,5.526286304879596,5.542726495921843,False,True,False,False,True,False
1251,0,6.3,6.9,5.849510158249561,6.286946641481016,6.376311093776493,6.309450403941853,False,True,False,False,False,False
1252,4,5.1,5.2,4.317622125040911,5.087102600900158,4.808631663631032,4.823323329279786,False,False,False,False,False,False
1253,3,3.0,4.1,3.355358848531531,2.9978032684427998,3.8461929040776788,3.875112884515416,False,False,True,True,False,False
1254,2,6.2,4.7,6.109932204333014,6.197777091060032,5.483465136763186,5.541319978601807,False,True,False,False,False,True
1255,0,2.0,3.4,3.2122055325004437,2.040236077725649,4.3842839257677815,4.369601025258276,False,False,True,True,False,False
1256,0,5.5,5.7,5.398535671390063,5.498113516800547,5.47224006684797,5.407294031456301,False,False,False,False,False,False
1257,1,3.8,5.0,4.289054302716945,3.797451946882985,4.804462412244347,4.869317883221261,True,False,True,False,False,False
1258,2,5.6,5.7,5.973859501303808,5.592051553215657,5.242056816732446,5.270262652307805,False,False,False,False,False,False
1259,3,2.8,3.6,3.24686692596805,2.8126240913961333,4.231470268980974,4.162658752405264,False,False,True,True,False,False
1260,3,6.5,7.2,6.082234590259235,6.485722438165618,6.163311421270576,6.158779113624618,False,True,False,False,True,False
1261,1,3.1,3.8,3.6947091231882037,3.131432989641511,4.124145752927378,4.140075839315131,False,False,True,False,False,False
1262,0,4.8,4.5,4.678586960240428,4.790801280801668,4.597168871366976,4.573711525659624,False,False,False,False,False,False
1263,2,5.1,5.8,5.894316301185093,5.135484834170806,5.490006683570114,5.510974919975037,False,False,False,False,False,False
1264,1,3.6,4.6,4.930373084977809,3.631982459447051,4.462520111498543,4.474039807516247,False,False,True,False,False,False
1265,3,5.5,5.8,5.449646501635144,5.505407683977501,4.718405187965658,4.715050088318256,False,False,False,False,False,False
1266,1,5.1,5.6,4.645324872660861,5.09836880615132,5.07890862615875,5.093218595528024,False,False,False,False,False,False
1267,2,3.7,4.5,4.338305261552851,3.7022768873869163,4.578955079837308,4.7142839299793735,False,False,True,False,False,False
1268,3,3.7,5.3,4.169120035241563,3.708680421652512,4.469571699428679,4.465231992552553,True,False,True,False,False,False
1269,4,4.4,3.5,3.7864554723579213,4.406248606135984,4.471405645666161,4.535694517668327,False,False,False,False,False,False
1270,1,5.3,4.6,5.449322454321095,5.307467087344957,5.2276607914350945,5.263857186818302,False,False,False,False,False,False
1271,4,4.7,4.6,5.780468739781694,4.702587394591624,5.067202598589239,5.06963433126023,False,False,False,False,False,False
1272,3,3.2,4.0,4.102750005107703,3.223543219489968,4.387158457548961,4.383462299024347,False,False,True,False,False,False
1273,4,5.6,4.8,4.0234532081053,5.556821462633577,5.061158257505087,5.032135627785309,False,False,False,False,False,False
1274,4,5.4,6.0,6.174244801895983,5.392320583002781,5.847210801574428,5.835788486908011,False,False,False,False,False,False
1275,1,2.8,3.5,3.6050287373231025,2.8240201254828317,3.806839086290465,3.8153827167277177,False,False,True,True,False,False
1276,3,5.5,4.8,5.064949813696048,5.502969099518394,4.844519794830053,4.947196651483614,False,False,False,False,False,False
1277,4,2.2,2.9,3.0786657445844563,2.204445986314937,3.07713926897924,3.041480793355453,False,False,True,True,False,False
1278,4,4.1,5.1,4.25926902739236,4.111893414531385,4.616335471285195,4.65876977078321,False,False,False,False,False,False
1279,2,4.2,5.6,3.4859510370395785,4.153428567844286,4.532990489048751,4.596367021125312,False,False,False,False,False,False
1280,1,5.4,5.9,5.418737597568867,5.413313734583351,5.113501219992637,5.157416138944662,False,False,False,False,False,False
1281,3,4.5,5.4,4.140527573967309,4.50453434684073,4.606784180676312,4.532839709459075,False,False,False,False,False,False
1282,4,6.4,6.8,6.355102180738904,6.387137419990331,5.8153787294704005,5.798727336045331,False,True,False,False,False,False
1283,0,5.2,3.3,5.345268123906581,5.220414084473997,5.075923291287565,5.058418959961229,False,False,False,False,False,False
1284,2,6.6,6.3,6.0423489955963765,6.5957690398411755,5.017504287481125,5.06667903351653,False,True,False,False,True,False
1285,4,4.9,5.1,5.154836541901138,4.913267071577509,5.03061218723576,5.058071814696769,False,False,False,False,False,False
1286,2,3.0,3.8,3.679570579384141,2.9787934483336977,4.296927652120341,4.201609068465862,False,False,True,True,False,False
1287,1,4.3,4.5,3.3939739301814753,4.281478421452951,4.657261633458594,4.6728834666586625,False,False,False,False,False,False
1288,3,3.4,5.2,4.984000529139148,3.414840286775155,4.866961091709841,4.88483640570124,True,False,True,False,False,False
1289,3,4.4,5.0,4.672122681290563,4.395646043476067,4.933612333415067,4.8919800057072,False,False,False,False,False,False
1290,2,6.6,6.6,5.789175488403215,6.591328192399248,5.651541276390133,5.590583678671846,False,True,False,False,True,False
1291,2,2.5,3.6,3.337733072007942,2.5176724204268695,4.265640984070435,4.21539258444293,False,False,True,True,False,False
1292,3,5.2,5.6,5.308204061953687,5.181157055804227,4.784212735387431,4.785798043975998,False,False,False,False,False,False
1293,0,5.1,5.7,5.159184611126984,5.1131754959715385,4.984316376292651,4.973817286654548,False,False,False,False,False,False
1294,2,5.5,5.9,5.279603013305833,5.4701495983061825,5.017348718902418,5.07476961341291,False,False,False,False,False,False
1295,4,6.4,6.9,6.129927931500824,6.409265575270495,6.0141640993234775,6.022355121270609,False,True,False,False,False,False
1296,3,5.9,5.0,5.062931076006851,5.886064176993043,5.2526744590430425,5.224076107370555,False,True,False,False,False,False
1297,0,3.7,4.8,4.802037008798421,3.7289963686206575,4.786047804136976,4.751562188796506,False,False,True,False,False,False
1298,2,5.6,6.9,4.94063306722865,5.565621409885681,5.007410961878895,5.021169986839033,False,False,False,False,False,False
1299,3,4.7,4.5,4.846931233912804,4.699892473470365,5.082783513236355,5.037592909570256,False,False,False,False,False,False
1300,2,4.5,6.0,5.344121908082089,4.524308041109449,4.9017959729770455,4.927894643774407,False,False,False,False,False,False
1301,4,2.8,4.4,3.205684679791484,2.7957166453445423,2.8751541969469914,2.942063096343154,False,False,True,True,False,False
1302,4,3.8,4.4,3.4564755190895187,3.787119302822576,3.766203220378731,3.7112216305181533,False,False,True,False,False,False
1303,2,6.5,6.1,5.337620235941734,6.445010889075499,5.155949798481003,5.116614189508592,False,True,False,False,True,False
1304,0,6.3,5.2,6.110727387548671,6.312583055682912,5.458284781272034,5.484804068538639,False,True,False,False,False,False
1305,3,6.2,4.7,4.6011920451613015,6.205465566093862,5.34117402422118,5.222926354675196,False,True,False,False,False,True
1306,1,5.3,5.3,5.392885580615808,5.2996412462627775,5.700103312541182,5.667903860076169,False,False,False,False,False,False
1307,1,5.4,5.1,4.434026957729044,5.375300377701383,4.814811394902498,4.830221234071243,False,False,False,False,False,False
1308,4,5.3,5.8,5.5652669630177245,5.301399455306799,5.037618683877692,5.102969220255102,False,False,False,False,False,False
1309,1,7.4,6.5,6.09893097674159,7.369596426631677,6.848254207167028,6.795831435378135,False,True,False,False,True,False
1310,1,4.4,5.1,4.992484302577738,4.414412244686997,5.022698154169614,5.031496048442613,False,False,False,False,False,False
1311,1,3.5,4.1,2.9280163718858194,3.49679896247759,4.153264475743795,4.144435719431723,False,False,True,False,False,False
1312,1,4.0,5.3,5.82302998085099,4.011224456904776,5.344061277362783,5.384624418441499,False,False,False,False,False,False
1313,4,3.0,4.2,3.928117210255924,3.0202485339049208,4.654239594147616,4.633266788213836,False,False,True,True,False,False
1314,2,4.1,4.1,6.103912799458348,4.150911602274163,4.976036966795884,4.9709255353697595,False,False,False,False,False,False
1315,1,6.4,7.0,5.871176659702031,6.4081144840716115,6.2275930771283745,6.284106398272975,False,True,False,False,False,False
1316,4,4.0,5.2,4.500518608848415,4.014124232471272,4.434216847706253,4.444256833077182,False,False,False,False,False,False
1317,4,6.2,5.3,6.316828672853899,6.184887498879021,5.358029105546716,5.3775808477832125,False,True,False,False,False,False
1318,1,4.3,4.8,4.508046635319291,4.29396702851701,4.262053883926389,4.245911982659811,False,False,False,False,False,False
1319,3,5.6,6.5,5.940883700882735,5.6210799686061,5.2442671173249975,5.233435038483836,False,False,False,False,False,False
1320,2,6.5,3.8,5.968838301650916,6.479129231253767,5.7222930943093795,5.823359396635763,False,True,False,False,True,True
1321,4,5.7,4.5,4.707976204214519,5.689903051604722,5.271968913375897,5.169105311663553,False,False,False,False,False,False
1322,3,5.5,6.5,5.796025178854191,5.5218558377562035,5.799144880177309,5.74585422339702,False,False,False,False,False,False
1323,3,5.0,5.5,5.412440401965307,5.003926078493555,5.530570119910491,5.494134251958851,False,False,False,False,False,False
1324,2,6.7,6.1,6.124582504436413,6.703129005286412,6.098421926012588,6.078641357870064,False,True,False,False,True,False
1325,1,5.8,5.9,4.896571204805972,5.7818971643260255,5.218669417719683,5.2155902900098035,False,True,False,False,False,False
1326,3,5.0,6.1,4.552503186117805,5.0005579432929235,5.018770459745802,4.989877229801157,False,False,False,False,False,False
1327,3,2.8,5.5,5.027346209655972,2.8718806519588265,4.545273463214581,4.517664489756183,True,False,True,True,False,False
1328,4,2.7,4.4,3.425362933358808,2.704428952163935,3.8574936845483956,3.7928192389312483,False,False,True,True,False,False
1329,3,4.2,5.3,5.702063955128534,4.246445889188229,5.4204987559379365,5.3574542439097845,False,False,False,False,False,False
1330,1,7.2,5.7,6.023590451282099,7.178969279410928,6.6789073528625105,6.668199306268081,False,True,False,False,True,False
1331,2,4.4,5.3,4.697068959118013,4.410845233078859,8.397314287565777,7.504762616487604,False,False,False,False,False,False
1332,2,2.3,2.5,3.61582041118757,2.321650043664567,3.8816899798994493,3.953506719439644,False,False,True,True,False,False
1333,4,5.7,4.5,5.278962188224379,5.696329177456462,6.11153464486627,6.0908883073565,False,False,False,False,False,False
1334,3,7.8,3.8,6.135529842013362,7.79028919500461,5.275729079277598,5.3123915956282906,False,True,False,False,True,True
1335,2,5.6,5.4,5.239654760088595,5.599797203326271,4.864795827576731,4.922345595138424,False,False,False,False,False,False
1336,0,2.7,3.6,4.315931767204862,2.715787188502423,4.5234195057733055,4.509310752228796,False,False,True,True,False,False
1337,1,6.5,5.0,6.272463209887336,6.511934361911103,5.1863322778343,5.139817875089959,False,True,False,False,True,False
1338,3,6.4,6.2,5.397337083114209,6.405227856536,6.271999449529147,6.224535540952923,False,True,False,False,False,False
1339,4,6.8,7.2,4.655240264240439,6.77653188474549,5.29531510545692,5.290622974807867,False,True,False,False,True,False
1340,1,5.7,6.4,5.423268726940087,5.701481258439062,4.993608102729659,5.012777023989961,False,False,False,False,False,False
1341,2,3.2,3.5,3.2974070922689007,3.1733733526117316,3.8391861439795774,3.9857998907254393,False,False,True,False,False,False
1342,1,6.4,6.5,6.681024052008382,6.404533338829462,5.49462571247345,5.511741405788577,False,True,False,False,False,False
1343,4,5.4,6.0,4.757454227413796,5.393731962871763,5.18949004803428,5.214558097938255,False,False,False,False,False,False
1344,2,5.5,6.3,4.869176992302447,5.498220315690061,4.741690852630971,4.781885138884828,False,False,False,False,False,False
1345,3,2.9,4.5,5.103408716209683,2.9178204620069277,5.296515546324247,5.259545953209488,False,False,True,True,False,False
1346,2,5.6,6.5,5.527703716291453,5.593430603983491,4.921980204719269,4.889772901155383,False,False,False,False,False,False
1347,0,4.0,4.6,4.479873669233634,3.997477445466969,4.61893434181918,4.566579843222193,False,False,False,False,False,False
1348,0,6.3,5.8,5.850649201987228,6.293196826097069,5.684655742543084,5.634521417177639,False,True,False,False,False,False
1349,3,5.2,5.2,5.2841774482385,5.202594442378939,4.964193045233018,4.949763940285148,False,False,False,False,False,False
1350,3,2.6,4.0,2.6293743187482193,2.600711784051144,3.277968836018437,3.2885732427536225,False,False,True,True,False,False
1351,1,5.9,6.3,6.212091921556868,5.924026690594523,6.250844385777467,6.255524875781989,False,True,False,False,False,False
1352,4,6.4,6.7,6.421146523805844,6.404453575330365,7.177036754078958,7.1072617119720904,False,True,False,False,False,False
1353,2,6.4,5.3,5.525331554612765,6.386368054562666,5.534775678061519,5.555210924295336,False,True,False,False,False,False
1354,3,2.0,4.6,3.940036874915658,2.008008671002953,3.927879812702434,3.9109265117457728,False,False,True,True,False,False
1355,3,3.8,6.3,5.06455618787024,3.806861698323774,5.291604571250973,5.182191407381404,True,False,True,False,False,False
1356,3,5.2,5.2,4.816368558609519,5.1975074046200955,4.725051530503672,4.731880836088968,False,False,False,False,False,False
1357,0,6.0,4.5,5.784281736186823,6.008508265967452,5.772657242785422,5.819486588083083,False,True,False,False,False,True
1358,0,6.0,6.0,6.565560675274425,6.022814934023083,7.2443882514238656,7.220018520800269,False,True,False,False,False,False
1359,1,3.4,3.6,3.682363609885696,3.3959201591719173,4.333781912428557,4.2801233688281135,False,False,True,False,False,False
1360,2,2.9,5.5,4.230281938958661,2.8897421825449103,4.826653905440667,4.922087470176226,True,False,True,True,False,False
1361,4,2.5,4.4,3.226643749805225,2.4997027067597486,3.8899578551898317,3.895797409580417,False,False,True,True,False,False
1362,0,5.4,4.4,5.526480458869568,5.410072128873259,4.933695796455139,4.926602051222346,False,False,False,False,False,False
1363,0,3.6,5.1,5.792627448293699,3.637653352762693,5.633444839688911,5.57832804777412,True,False,True,False,False,False
1364,2,6.2,4.3,5.216287286938597,6.1421714408092924,4.943387422530388,4.950918215695739,False,True,False,False,False,True
1365,1,6.4,6.5,6.363681607162294,6.396467829895252,6.106064627113703,6.112470936933548,False,True,False,False,False,False
1366,4,6.3,5.4,5.7822633528562015,6.281377088536901,5.474485770165503,5.437176255327162,False,True,False,False,False,False
1367,1,7.2,7.1,6.426885084479389,7.190030452153648,5.914777176964617,5.951750421135469,False,True,False,False,True,False
1368,1,3.3,3.4,3.8170135609082276,3.3013328940608506,4.463897477845379,4.386477255392038,False,False,True,False,False,False
1369,3,6.6,6.8,6.363448758995319,6.622437836869556,6.4015522228747495,6.2810371927678705,False,True,False,False,True,False
1370,0,4.1,4.3,4.099226203057827,4.101733759578032,4.203911118480518,4.229648137340043,False,False,False,False,False,False
1371,0,5.4,5.7,5.965050476159081,5.415281376206855,6.884728069815701,6.814033402774131,False,False,False,False,False,False
1372,3,5.2,4.8,5.475800441281391,5.196619797824383,4.536722480136092,4.641420131421207,False,False,False,False,False,False
1373,1,5.7,6.6,6.064238493752871,5.716312160046044,5.920332622215114,5.987637874096588,False,False,False,False,False,False
1374,1,4.1,6.0,3.9975429811958114,4.101608156640512,4.794556612173161,4.725077980881538,False,False,False,False,False,False
1375,0,5.6,5.6,5.650284614008324,5.605199290074742,6.484511797125373,6.471676374757622,False,False,False,False,False,False
1376,3,6.6,7.0,6.028275211360291,6.585576890541947,6.0957154837150505,6.036298863434504,False,True,False,False,True,False
1377,1,3.1,3.7,3.8070682149925905,3.1097184867573526,3.8890702762598672,3.920160487042301,False,False,True,False,False,False
1378,0,5.7,5.5,5.925129132022866,5.687213185897464,4.838351317540971,4.840637045822505,False,False,False,False,False,False
1379,4,5.7,5.8,5.833373672884275,5.724505330199845,5.657144593542354,5.703821123982022,False,False,False,False,False,False
1380,4,4.5,4.1,3.4430306005798768,4.488243939518724,3.730863435092126,3.741385460350963,False,False,False,False,False,False
1381,1,7.1,6.1,6.166844042313213,7.097099444525254,6.640827647211076,6.6230673066001025,False,True,False,False,True,False
1382,0,4.7,4.8,4.912545807834736,4.690288904621426,4.152410558627577,4.149204055722036,False,False,False,False,False,False
1383,4,3.0,5.6,4.919852904873306,3.038907157604255,4.717765734613099,4.651086823431931,True,False,True,True,False,False
1384,3,5.4,5.8,4.875641296449761,5.389832638414251,4.908451837823814,4.8977829199691945,False,False,False,False,False,False
1385,1,6.0,6.0,5.990790923017992,5.998384242684422,5.688028825382119,5.714274087445364,False,True,False,False,False,False
1386,4,5.0,5.9,4.989731316341119,5.005522339975164,5.03071113134451,5.008339776898766,False,False,False,False,False,False
1387,4,4.5,6.1,3.9336464514693494,4.492617655136869,5.337818631222993,5.289136800308719,False,False,False,False,False,False
1388,0,7.8,6.8,6.740501390437251,7.763220604932774,6.159107405935921,6.178596055211292,False,True,False,False,True,False
1389,1,3.3,4.2,4.074063578605654,3.2996799632153024,3.8941241989479973,3.898058678170157,False,False,True,False,False,False
1390,1,6.3,6.1,5.846813885505078,6.2936041967416285,6.276291823177516,6.2284286107670095,False,True,False,False,False,False
1391,1,5.7,4.3,5.7552316475027485,5.707485022974225,5.125606804921553,5.137821993038604,False,False,False,False,False,False
1392,4,6.7,6.2,5.676958670329804,6.686531051062972,6.469081598479709,6.468240597085368,False,True,False,False,True,False
1393,4,4.1,6.2,4.91343578356019,4.110005242389426,5.7138814066752595,5.717244613510327,False,False,False,False,False,False
1394,2,4.1,6.0,5.082424955676823,4.116648057605752,5.240859846134593,5.2657525431717085,False,False,False,False,False,False
1395,0,3.5,4.7,3.8413963025639317,3.498849261782052,4.092007598776277,4.028817955443467,False,False,True,False,False,False
1396,3,6.0,6.1,6.152673215238023,5.9998076139414875,6.311327168966963,6.288632244573947,False,True,False,False,False,False
1397,0,3.3,4.3,2.7395204615450313,3.2710135535347815,3.233034887063087,3.234035879241107,False,False,True,False,False,False
1398,3,7.6,6.9,6.678912108817271,7.5665476044782904,6.902292428182665,6.8278324312251195,False,True,False,False,True,False
1399,3,6.4,6.1,5.3566239980339425,6.393159831261465,5.604730678637055,5.697033990343792,False,True,False,False,False,False
1400,4,5.8,5.6,6.373318858476835,5.82268017477635,6.567636415664974,6.542707729705241,False,True,False,False,False,False
1401,1,5.3,5.8,5.495261863254637,5.286313244861196,5.373073473403059,5.401076621786572,False,False,False,False,False,False
1402,0,2.5,5.6,2.621724237747718,2.5043018345719448,3.553800772018429,3.5329118382559894,True,False,True,True,False,False
1403,0,5.1,5.6,4.818430425129339,5.069160151995388,5.09242111369107,5.023576488708709,False,False,False,False,False,False
1404,4,2.7,3.8,3.0852897719960253,2.699784735830611,3.586408567550375,3.4837086806756536,False,False,True,True,False,False
1405,3,2.2,3.7,3.2409471881668233,2.2363766184048903,3.172898482412986,3.2075405940897843,False,False,True,True,False,False
1406,3,3.7,3.9,3.8949898445325304,3.6941386447145605,3.8613177092351765,3.8420441298968955,False,False,True,False,False,False
1407,3,3.8,3.6,4.369831629964239,3.8152069246227107,4.220249557935482,4.248596901933143,False,False,True,False,False,False
1408,2,5.0,4.2,3.947874746479772,4.971780337815367,3.9181934247933263,4.031635887734839,False,False,False,False,False,False
1409,4,3.7,4.9,4.465280247794932,3.736464125361345,4.651222114416526,4.609228792174859,True,False,True,False,False,False
1410,4,4.4,6.0,4.45149451462741,4.411877736217017,4.636084251784586,4.636104430235514,False,False,False,False,False,False
1411,4,2.7,3.9,4.154592431319922,2.739850248610529,4.471332346696344,4.453553632549263,False,False,True,True,False,False
1412,3,3.2,4.6,4.584379946740587,3.21191495499438,4.391050597093578,4.371810146274652,False,False,True,False,False,False
1413,3,4.1,4.3,4.633252879838039,4.095525911567475,4.481086844448706,4.470218071939658,False,False,False,False,False,False
1414,2,4.0,3.7,4.241403205974914,3.9958162876543284,4.3552995222278215,4.479628532654724,False,False,False,False,False,False
1415,4,4.7,5.7,5.518730090636063,4.7078213571597765,5.565666479734755,5.573611083002387,False,False,False,False,False,False
1416,0,2.7,4.4,3.410574901750409,2.695340114533062,4.201276305638576,4.1565033348426335,False,False,True,True,False,False
1417,0,2.4,4.6,3.2297631133433304,2.421566319977865,3.8109453011702277,3.788270895326371,False,False,True,True,False,False
1418,1,3.8,4.3,4.492228878965082,3.8148701422567104,4.530839633735129,4.512487086078724,False,False,True,False,False,False
1419,4,2.5,3.7,4.222131842574097,2.5145908409307594,4.473771007704752,4.461024359114239,False,False,True,True,False,False
1420,2,3.1,4.8,3.1632140646025793,3.1085206555017897,3.8666621514825086,3.9385688990990007,False,False,True,False,False,False
1421,3,3.2,4.2,5.0988705790586355,3.232108554187252,3.935200460648014,3.9064814071000864,False,False,True,False,False,False
1422,1,2.8,4.1,3.2116391693530275,2.803638299817247,4.142979390398434,4.152823713130013,False,False,True,True,False,False
1423,3,5.5,4.2,5.403980698404274,5.501396187716521,5.090649039167882,5.039430521407878,False,False,False,False,False,False
1424,3,3.5,4.5,4.501070577253815,3.503079948942409,4.566380195950049,4.494335012584592,False,False,True,False,False,False
1425,1,5.2,5.1,5.481133932272826,5.223034920340363,4.900192814827951,4.924164617284298,False,False,False,False,False,False
1426,1,6.4,6.6,5.970007628770736,6.377567642735604,5.922177503439464,5.9846960866583405,False,True,False,False,False,False
1427,2,4.9,5.0,6.046010417585431,4.907185595705437,5.908931697518135,5.923899790410234,False,False,False,False,False,False
1428,4,3.5,4.7,3.4922869828621406,3.5068229112225997,3.558270048531372,3.474141111868951,False,False,True,False,False,False
1429,2,2.3,3.0,2.438109806314559,2.292877826948588,2.6556604014639897,2.741485602792408,False,False,True,True,False,False
1430,0,3.2,4.6,3.5047201045283236,3.2038216562832273,3.781795780462525,3.749666607434638,False,False,True,False,False,False
1431,3,4.1,4.1,3.8709452176099037,4.082103069902131,3.7439316378453045,3.727340429545627,False,False,False,False,False,False
1432,0,2.6,3.7,3.4732901652711377,2.6218399565533668,3.749428757875015,3.735633146403765,False,False,True,True,False,False
1433,0,3.6,4.0,3.0229229775760578,3.5618663497346605,3.4379348315872735,3.441894638308091,False,False,True,False,False,False
1434,2,2.8,3.7,3.2302401821328703,2.783098691252229,3.4618792251178334,3.486132251453794,False,False,True,True,False,False
1435,1,5.3,3.6,5.390394090388013,5.301069533595428,4.843842890604383,4.858882492129842,False,False,False,False,False,False
1436,2,3.8,4.7,4.32799216648182,3.8150103532360062,4.37540305876898,4.370363770091248,False,False,True,False,False,False
1437,4,4.5,5.1,4.102320087487103,4.493730225326514,4.800138354405016,4.794058626092182,False,False,False,False,False,False
1438,0,2.9,3.6,3.8660858219236856,2.9031923084061084,3.2951160602032155,3.271814771402267,False,False,True,True,False,False
1439,1,2.9,4.1,3.193020843721793,2.8887461260760907,3.5307830216283302,3.539050453594843,False,False,True,True,False,False
1440,4,4.9,5.1,5.591643981273989,4.905879767964088,5.633623941736135,5.666890939528593,False,False,False,False,False,False
1441,4,4.0,5.0,4.397806834397049,3.995943884761674,4.468669247417247,4.432533466820283,False,False,False,False,False,False
1442,3,2.8,5.3,3.484144295831893,2.804522797079782,4.225362303154186,4.2541414303718605,True,False,True,True,False,False
1443,4,2.9,5.8,4.31964878569211,2.9208508974500402,4.611587800596822,4.539920515693691,True,False,True,True,False,False
1444,2,3.1,4.6,3.717556676225056,3.1051379007864206,4.2131890527061255,4.261738727295864,False,False,True,False,False,False
1445,0,3.6,5.1,3.263363930996722,3.596875643762625,4.6316223385627895,4.643466492493736,True,False,True,False,False,False
1446,2,3.2,5.8,4.146615330374487,3.212913246483705,4.192731987495385,4.243987172110872,True,False,True,False,False,False
1447,1,4.1,4.4,3.731896715938222,4.102771350855918,4.0629767647065975,4.048538375473727,False,False,False,False,False,False
1448,3,4.4,4.4,4.133936541353487,4.399479601034249,4.2887385378828435,4.311759859489159,False,False,False,False,False,False
1449,2,4.1,4.6,3.8717160007654114,4.084844573469767,4.483568435073795,4.441740616452286,False,False,False,False,False,False
1450,0,5.0,5.7,5.460952818787372,5.028113304434865,4.837956239742979,4.8461727677552044,False,False,False,False,False,False
1451,4,4.8,5.1,3.857337101004737,4.74721105325981,3.8374466149923996,3.887736331200146,False,False,False,False,False,False
1452,3,3.9,4.2,4.495687451815161,3.9353733587464848,4.620288080715942,4.643911142244608,False,False,False,False,False,False
1453,2,3.8,4.0,3.7270477590726676,3.790348333985131,3.938764342153272,3.988819428457785,False,False,True,False,False,False
1454,1,3.6,5.2,4.18777089825294,3.632874085000686,5.378111122491562,5.452147754459059,True,False,True,False,False,False
1455,0,4.2,4.1,4.525057265276324,4.208615714203358,4.7707982800357405,4.762845820108465,False,False,False,False,False,False
1456,3,2.2,4.3,3.6723329440624135,2.205553903056931,4.5563932175676145,4.450854111236849,False,False,True,True,False,False
1457,1,4.8,5.4,4.874154035980861,4.8352950769217165,5.113795336401051,5.1453496405782335,False,False,False,False,False,False
1458,1,4.7,4.2,3.5783017493304055,4.667728754983551,4.076820523356249,4.082136731626835,False,False,False,False,False,False
1459,0,5.1,5.4,4.97585989186436,5.083306186062029,4.905955244099409,4.866153411578162,False,False,False,False,False,False
1460,3,3.9,4.8,5.707991801841823,3.954752496146414,5.431908765227801,5.392546961060933,False,False,False,False,False,False
1461,1,4.2,5.3,4.881423307326656,4.191748678911134,4.954298330852059,5.0376467211556495,False,False,False,False,False,False
1462,1,3.9,4.8,5.291602165900503,3.9214024824559357,4.9935609266197485,5.049740888767735,False,False,False,False,False,False
1463,0,3.0,3.3,3.863234609524995,3.015649378625373,3.8932402780682125,3.9411008824832963,False,False,True,True,False,False
1464,4,4.4,4.8,4.937008139848158,4.418579603729818,4.84621988450428,4.862501686337697,False,False,False,False,False,False
1465,3,3.7,5.2,4.951778472095157,3.7292808656732213,4.9327045292502625,4.97419494025826,True,False,True,False,False,False
1466,3,4.5,6.1,3.8382523575500933,4.4728374755788085,4.6002239889610745,4.588842180435221,False,False,False,False,False,False
1467,3,4.2,4.0,5.42951706688782,4.249040437816459,5.227742662641262,5.12800402602931,False,False,False,False,False,False
1468,0,2.0,3.7,3.549458827167335,2.061298779155332,3.6109181461072577,3.5814676918349497,False,False,True,True,False,False
1469,3,3.2,3.1,3.3562886852870255,3.205930648544186,3.2619797101106958,3.214863442899352,False,False,True,False,False,False
1470,3,3.2,5.1,3.4760881871504297,3.2098197492063214,3.684236794127342,3.663605718292213,True,False,True,False,False,False
1471,1,6.8,7.3,6.286130290392261,6.807631065921285,5.84859217516399,5.891410965345281,False,True,False,False,True,False
1472,4,5.2,5.0,5.429383422110105,5.215355913574439,4.8544543139429726,4.8714283320294465,False,False,False,False,False,False
1473,0,6.0,6.1,6.270233362267692,5.990772722494409,5.633905597127166,5.585297474716398,False,True,False,False,False,False
1474,1,6.4,6.6,6.120406530073289,6.404749668022223,5.726644422987922,5.7647860120771455,False,True,False,False,False,False
1475,4,3.2,4.3,3.500212614812099,3.224232476947178,4.147169928792917,4.150232124145066,False,False,True,False,False,False
1476,3,5.1,4.5,3.222477032656072,5.038540907202731,3.9959056764512813,3.9274522059968966,False,False,False,False,False,False
1477,0,4.5,5.1,4.397810027522864,4.480895310450344,4.620375931379636,4.566137481619423,False,False,False,False,False,False
1478,0,3.5,5.1,3.533476078975362,3.4789051499237784,3.4303818868254856,3.432806352703434,True,False,True,False,False,False
1479,0,5.1,5.0,4.70672870795057,5.081121966983617,4.394865625992307,4.394482743405364,False,False,False,False,False,False
1480,2,5.3,4.8,4.897298395470335,5.2910793797669555,4.99484468472642,5.0845512934044175,False,False,False,False,False,False
1481,4,3.7,3.9,3.644354970420945,3.6965153027727635,3.856345287135197,3.827988479101241,False,False,True,False,False,False
1482,0,3.4,4.3,3.6825832292513705,3.4133864535145504,3.7549736845054893,3.7332967252435374,False,False,True,False,False,False
1483,1,3.8,3.9,4.144147283562121,3.7956376718563734,4.269904065499258,4.270814497006369,False,False,True,False,False,False
1484,3,3.8,4.4,3.7701137623529797,3.802141283934972,4.189389313547923,4.162109911558958,False,False,True,False,False,False
1485,2,3.8,4.7,3.541736192583182,3.807755380035394,3.9631222630502525,4.013640443683639,False,False,True,False,False,False
1486,2,2.9,3.7,3.3838758219581164,2.9125653208514155,3.8086883212168443,3.880788744284087,False,False,True,True,False,False
1487,2,2.4,4.3,3.8500409927699812,2.4326626037735983,3.742122649039616,3.762946958970951,False,False,True,True,False,False
1488,2,3.9,4.9,4.308589806702353,3.9035168634929773,4.216827989358493,4.249857360617228,False,False,False,False,False,False
1489,3,4.6,4.9,5.2871518129409765,4.593216633647189,5.186708409155233,5.161432405020415,False,False,False,False,False,False
1490,2,3.1,3.8,4.166797060195312,3.1107478344149233,3.7306245054108405,3.7057188198373927,False,False,True,False,False,False
1491,0,5.2,4.8,5.820695554117402,5.22545310921842,5.467576774899031,5.441142372539101,False,False,False,False,False,False
1492,3,2.8,3.3,2.7497325001262283,2.772372080104765,3.3965997199286013,3.400691347046701,False,False,True,True,False,False
1493,0,6.1,4.0,5.478700607421256,6.094423165079445,5.232971612866377,5.330760083691635,False,True,False,False,False,True
1494,1,3.8,4.9,4.990012113283483,3.81880433567164,4.830217959075164,4.853426028086645,True,False,True,False,False,False
1495,4,3.9,4.4,3.8643481857292032,3.895806110753896,4.4345643705138915,4.441790679557559,False,False,False,False,False,False
1496,3,5.8,6.1,5.578707067089492,5.797213579816851,5.345390289903603,5.357301797869345,False,True,False,False,False,False
1497,0,3.6,4.4,4.350592162358101,3.6205896271164084,4.483756779018395,4.440591492051029,False,False,True,False,False,False
1498,4,3.8,4.8,5.12852333181619,3.8367510621006917,4.838106342118468,4.809030857916867,False,False,True,False,False,False
1499,1,4.5,4.8,4.478421012584558,4.516093702849977,4.750647854182811,4.7730904116832304,False,False,False,False,False,False
1500,3,3.2,3.8,3.562992948728188,3.192407689273594,4.071404866591085,4.0747655915443675,False,False,True,False,False,False
1501,1,4.9,5.0,5.515205513378148,4.920862201032303,5.807193428012484,5.802822094924196,False,False,False,False,False,False
1502,0,7.0,7.2,5.982973139161565,6.957143829307606,5.861727916317447,5.840842465441756,False,True,False,False,True,False
1503,3,4.1,5.9,4.728999762544028,4.103993971881063,4.999474488480797,4.972457502518004,False,False,False,False,False,False
1504,3,5.9,6.0,5.339630019726309,5.878171666798963,5.767430040599807,5.749004427842419,False,True,False,False,False,False
1505,4,4.9,4.2,4.317978119945057,4.890676637063076,4.608894345828289,4.620036001219638,False,False,False,False,False,False
1506,1,4.8,5.0,5.352119671727421,4.806325236731383,5.228676786830872,5.19625358988213,False,False,False,False,False,False
1507,4,5.7,5.5,5.777622421424088,5.701704363215309,5.346448996988627,5.307190801344431,False,False,False,False,False,False
1508,3,5.3,5.9,5.10859849899552,5.301220066570405,5.066133994968533,5.079700660817057,False,False,False,False,False,False
1509,0,5.4,5.9,4.9799833866164995,5.397870164231474,5.563634711078419,5.5297866318697775,False,False,False,False,False,False
1510,1,5.6,4.1,5.4526473565852385,5.5950395193970435,5.00819671638072,4.990028144021672,False,False,False,False,False,False
1511,4,5.6,5.5,5.402616248605425,5.583332115876921,5.237234757901124,5.253602699270351,False,False,False,False,False,False
1512,1,5.2,3.8,5.657222130395972,5.203359893751151,5.409751345083134,5.395451269180711,False,False,False,False,False,False
1513,4,6.3,6.1,6.088384584192398,6.2920033549655585,5.4283081712388315,5.512003667165265,False,True,False,False,False,False
1514,4,5.4,4.6,5.516530231475128,5.397562937687601,4.5938960187320275,4.535959083771399,False,False,False,False,False,False
1515,2,4.8,4.4,5.39630693303743,4.817368957227864,5.285656835706935,5.237230739612401,False,False,False,False,False,False
1516,1,4.9,5.6,3.956792589761371,4.873930377048295,4.796631257930443,4.78263054625649,False,False,False,False,False,False
1517,3,5.0,6.0,4.906421429963882,4.994739110540089,4.76908959499451,4.777152400718832,False,False,False,False,False,False
1518,2,6.3,6.1,5.430988741186986,6.2644797282705476,4.788346901997573,4.83075196212019,False,True,False,False,False,False
1519,2,5.6,5.0,6.191080237772561,5.601624084006669,6.185709915951333,6.139104433245022,False,False,False,False,False,False
1520,0,5.3,5.3,5.98109633981459,5.317445192303612,5.386175429419675,5.425803981804142,False,False,False,False,False,False
1521,4,4.9,4.8,5.457413362927868,4.900868538373818,4.712657854025812,4.687955418507706,False,False,False,False,False,False
1522,0,5.7,5.2,6.090365795954615,5.720637998268084,5.851532486369714,5.879278436936963,False,False,False,False,False,False
1523,4,4.8,6.9,5.459569381419178,4.8021707181843745,6.612695776970051,6.598777995690744,False,False,False,False,False,False
1524,4,4.4,5.6,4.529610301113288,4.400429481687229,4.596621823636416,4.716257678994639,False,False,False,False,False,False
1525,0,4.5,4.5,4.739159359445077,4.510319232979521,5.412072359683176,5.402787600418483,False,False,False,False,False,False
1526,0,5.9,5.9,5.148749701270955,5.8915774994215955,5.649367439115027,5.614015990963654,False,True,False,False,False,False
1527,2,4.7,4.5,4.810517806742822,4.695236923225643,4.602448842311306,4.602084873176976,False,False,False,False,False,False
1528,3,4.6,5.5,5.017031161588009,4.608983611416624,5.556370213208169,5.47906328597837,False,False,False,False,False,False
1529,0,5.7,5.4,5.277248218046211,5.660426767321313,4.711117437993191,4.753858999799144,False,False,False,False,False,False
1530,1,4.2,6.2,4.93696726440947,4.203221952175527,5.365372206735189,5.316663175899368,False,False,False,False,False,False
1531,2,4.8,5.1,5.042887067959898,4.793334736127641,4.791914263804595,4.810775464907764,False,False,False,False,False,False
1532,4,5.6,5.8,5.949642772688975,5.61313855844939,5.747690267804156,5.756355662031795,False,False,False,False,False,False
1533,1,5.3,5.2,4.763567261846274,5.281912834264393,5.412884028394643,5.407949990980846,False,False,False,False,False,False
1534,3,5.7,5.7,5.766350959295593,5.699458777248463,5.766799083815313,5.749500839095845,False,False,False,False,False,False
1535,0,5.3,5.4,5.365003456214131,5.297170785417661,4.828858961749116,4.852893412951864,False,False,False,False,False,False
1536,3,3.4,4.8,3.9218027059489944,3.4131780912934158,4.63081259434923,4.554885548897176,False,False,True,False,False,False
1537,2,3.4,5.9,4.306653237160343,3.4110646369321254,4.20402611211827,4.295442368060385,True,False,True,False,False,False
1538,0,4.7,6.3,5.346046909834658,4.723759828994533,5.760322154665371,5.802871301088047,False,False,False,False,False,False
1539,4,4.7,4.4,4.221507769791932,4.71514071701551,4.075764340395866,4.1551378764463145,False,False,False,False,False,False
1540,0,5.1,5.7,5.249204052419486,5.094414936588324,5.291995965450418,5.328493478379771,False,False,False,False,False,False
1541,1,4.6,5.2,4.096549451404451,4.6015167301857085,3.848449359133059,3.878430466073978,False,False,False,False,False,False
1542,0,5.5,5.5,5.589101097025608,5.495345320102538,5.681447773194206,5.694422691320223,False,False,False,False,False,False
1543,2,5.4,6.1,5.4903502929665065,5.399465605922269,5.489121591864588,5.497378454510078,False,False,False,False,False,False
1544,1,5.4,6.4,4.809404132267237,5.397157360910894,4.583393581940154,4.5659994184565535,False,False,False,False,False,False
1545,2,4.8,4.8,5.639940836435831,4.808852107181002,5.668535380857824,5.5576118003419,False,False,False,False,False,False
1546,3,4.4,5.3,4.61306580066158,4.397772513411118,5.7536918042127585,5.726401996688705,False,False,False,False,False,False
1547,0,5.8,4.0,5.711413626765989,5.8031454656579395,5.834346465288519,5.885214570135332,False,True,False,False,False,True
1548,4,3.7,4.6,4.113346551679704,3.706660975773486,3.7747829326023004,3.773520958031463,False,False,True,False,False,False
1549,1,5.2,4.9,4.4291159922100025,5.189674232804121,4.154105538172461,4.169442894118668,False,False,False,False,False,False
1550,0,3.7,4.8,4.278380156397746,3.7031318712368644,4.509835244970571,4.54488430652078,False,False,True,False,False,False
1551,4,5.4,5.6,5.042837225188701,5.389679671646918,5.024368410129255,5.045712276615512,False,False,False,False,False,False
1552,3,5.6,5.6,5.670420864245019,5.602357837101035,5.720829900160556,5.6537647204607735,False,False,False,False,False,False
1553,3,5.9,5.6,4.460933142477848,5.848433917537175,4.9061678332863865,4.916904840411859,False,True,False,False,False,False
1554,4,4.5,5.8,4.241013147363186,4.50598933815489,4.53665393495455,4.537153273011917,False,False,False,False,False,False
1555,0,2.9,4.4,2.9945786799881895,2.8935254070360035,3.5039136080091278,3.5772712580848607,False,False,True,True,False,False
1556,0,6.1,4.7,5.982110859574866,6.097668189485801,5.754366564780548,5.77647227313779,False,True,False,False,False,True
1557,4,6.3,5.5,6.5773793835337,6.2957622155749045,5.641553280141115,5.599729269105778,False,True,False,False,False,False
1558,2,5.9,3.4,5.941259530186125,5.893818067937234,5.437151210144777,5.347203574303953,False,True,False,False,False,True
1559,2,5.2,5.8,5.07847469434752,5.212046703090237,5.410553268510697,5.462898150964373,False,False,False,False,False,False
1560,0,5.2,5.2,6.297982781934415,5.2328188988702795,5.94299406782705,5.963857217543079,False,False,False,False,False,False
1561,0,6.0,5.0,6.0480900699232585,6.006014032175508,5.55955783852637,5.634573541638136,False,True,False,False,False,False
1562,0,6.3,4.8,5.579354695761081,6.275681692624664,6.065278637126772,6.023495465286314,False,True,False,False,False,True
1563,4,5.7,5.1,5.535998417757715,5.702057610593897,5.039528015398941,5.0623242484759166,False,False,False,False,False,False
1564,0,6.4,6.1,6.106642347442771,6.385667627262806,5.851177250489238,5.8558730666558985,False,True,False,False,False,False
1565,2,4.9,4.6,4.813697861715143,4.914281988733818,4.341287326930615,4.375885814883349,False,False,False,False,False,False
1566,0,5.3,6.2,3.813534250719549,5.285523600773383,4.470677143638339,4.491870553950376,False,False,False,False,False,False
1567,0,5.0,4.0,4.791385204614564,5.009940409299113,3.986202634347587,4.014312414150053,False,False,False,False,False,False
1568,3,6.0,5.4,5.373204905436694,5.974742594607426,5.752519485892763,5.698154477449232,False,True,False,False,False,False
1569,2,5.8,5.6,6.4250176402635,5.833845435154291,6.0533605156865296,6.053358164572079,False,True,False,False,False,False
1570,0,4.6,5.2,3.717398982133243,4.602041476023525,4.596587539164809,4.593511889692015,False,False,False,False,False,False
1571,3,6.9,4.4,6.315746506383677,6.887156615268225,6.054486488123466,5.984072351764909,False,True,False,False,True,True
1572,1,5.0,5.5,5.522566607418474,4.993403694265976,6.390469371371444,6.402387435511285,False,False,False,False,False,False
1573,3,3.6,4.9,5.109217537521113,3.640438148976037,5.473218556477691,5.47432627997012,True,False,True,False,False,False
1574,2,5.4,5.9,5.870487321783897,5.394617173097199,6.164138600385281,6.211002203867952,False,False,False,False,False,False
1575,3,5.1,5.2,5.295552409124882,5.137619126763566,4.869464800389154,4.860403918771356,False,False,False,False,False,False
1576,3,3.9,5.4,5.105736848784861,3.921808336958445,5.433997185900355,5.353830924892971,False,False,False,False,False,False
1577,1,4.7,5.2,4.175718026127501,4.6898664946891815,4.338896041792794,4.321243949695724,False,False,False,False,False,False
1578,4,4.8,5.9,6.074248693367603,4.857954603184925,5.101391326715133,5.117482947790286,False,False,False,False,False,False
1579,0,4.9,5.8,4.702237487252783,4.910580784958882,4.559216018338835,4.576804165770625,False,False,False,False,False,False
1580,1,5.2,6.1,4.885270424234719,5.203531826088445,5.328960893884926,5.353673088541606,False,False,False,False,False,False
1581,2,6.1,6.5,5.704661401211311,6.082013123229754,5.525662522749249,5.58604110564343,False,True,False,False,False,False
1582,3,5.4,5.9,5.6202088810519255,5.3988186139029555,5.875995986444522,5.798967605366173,False,False,False,False,False,False
1583,2,5.2,5.6,5.532872262556766,5.192266926805491,5.181280943820449,5.291584318919756,False,False,False,False,False,False
1584,4,4.6,4.9,5.9376714599576035,4.627592546047703,5.306822790765387,5.255657454044001,False,False,False,False,False,False
1585,1,3.9,5.0,4.145812346038469,3.903852843864051,4.308353232031781,4.362998330895121,False,False,False,False,False,False
1586,2,5.0,4.3,5.818651478233359,5.001302222231585,4.84678169110822,4.802670313554669,False,False,False,False,False,False
1587,1,5.5,5.0,5.4171567206850435,5.487529770235473,5.651419364007071,5.623518946843913,False,False,False,False,False,False
1588,0,5.8,4.9,5.595718221271753,5.805945853944701,4.800618555934992,4.858757606559064,False,True,False,False,False,True
1589,4,6.1,5.8,5.612642458584531,6.092598936275339,5.490470613586985,5.5063176533041025,False,True,False,False,False,False
1590,3,6.2,4.2,5.573295879517322,6.165207132011295,4.825117368808564,4.827337065680853,False,True,False,False,False,True
1591,1,4.7,5.9,5.141527494427238,4.703015190139696,5.455468508647407,5.494284688157858,False,False,False,False,False,False
1592,2,6.4,6.1,6.0330828496498325,6.41613665956194,6.400133949034385,6.408449138243906,False,True,False,False,False,False
1593,3,3.5,4.7,3.980791459580355,3.516464072780296,3.5266078082435994,3.563787860097673,False,False,True,False,False,False
1594,4,5.4,5.6,4.9356722877127455,5.400237241643028,4.987869970648976,4.994602809155681,False,False,False,False,False,False
1595,2,5.9,5.6,6.281606115850937,5.902722806585836,5.703548440448634,5.661201081956765,False,True,False,False,False,False
1596,1,5.1,5.5,4.856837324063334,5.089797218356542,4.674217222061985,4.695324396222505,False,False,False,False,False,False
1597,3,5.0,5.5,5.736582983959731,5.031179863678059,5.321085743030961,5.302597239268562,False,False,False,False,False,False
1598,2,5.5,4.3,5.481485345914937,5.498308552494393,5.6543049820998466,5.601818124913435,False,False,False,False,False,False
1599,3,4.1,3.6,4.17690925988783,4.094988668612947,3.9657755399131696,3.8699556407063973,False,False,False,False,False,False
1600,2,5.6,5.6,5.650411833563793,5.592020666526521,5.909974188428835,5.868341426979685,False,False,False,False,False,False
1601,2,5.3,5.0,5.513673347870292,5.289044291971305,5.52620678260172,5.565699506553546,False,False,False,False,False,False
1602,0,3.7,5.0,4.742636046251656,3.7009828799281737,5.219502532897966,5.226735549181619,True,False,True,False,False,False
1603,3,3.9,5.4,4.9018426172522425,3.9067565640690494,5.340172359645883,5.2733689197511815,False,False,False,False,False,False
1604,1,3.6,4.5,3.9206534308158507,3.619919009839824,4.25269814093404,4.252541229364043,False,False,True,False,False,False
1605,0,4.0,5.6,4.635764270222132,4.020318312532974,5.001211386658138,4.989216312585128,False,False,False,False,False,False
1606,4,4.9,5.6,4.7494665560572855,4.89508136147704,4.986777853113132,4.936691617021422,False,False,False,False,False,False
1607,0,3.0,4.5,3.940240939178686,2.9985885017067,3.460294877722456,3.5519558326527445,False,False,True,True,False,False
1608,0,7.0,4.5,6.278681494085378,6.989833326085453,5.9675184326365045,5.973220506022004,False,True,False,False,True,True
1609,0,6.5,6.4,5.953827555139216,6.488268297846606,5.717026987621716,5.749445662676842,False,True,False,False,True,False
1610,2,4.1,6.4,3.231596490173121,4.0849147403534145,4.505822043055619,4.504874925647515,False,False,False,False,False,False
1611,4,6.2,5.7,5.993252753579732,6.1874948641396,5.711641441389039,5.741714121880785,False,True,False,False,False,False
1612,1,3.1,3.8,4.192034187411723,3.131069597019738,3.781665752542952,3.7770469403240403,False,False,True,False,False,False
1613,0,6.6,6.2,6.190462225518251,6.603523398977192,6.273252159418876,6.278224079198024,False,True,False,False,True,False
1614,0,4.6,6.6,4.729504043681143,4.619989345839043,5.108766891693533,5.077974132773815,False,False,False,False,False,False
1615,0,4.6,5.7,4.438510557219178,4.589765523954275,4.822020424167819,4.779331750466574,False,False,False,False,False,False
1616,1,5.5,4.8,6.239382926672145,5.515664048550304,5.6718640856794185,5.701656568649049,False,False,False,False,False,False
1617,3,5.9,6.1,5.910198542525213,5.911961228446598,6.5458809353827325,6.505822793708111,False,True,False,False,False,False
1618,2,3.9,6.1,5.63467129768204,3.919569514093349,5.160268486690786,5.1916220252893766,False,False,False,False,False,False
1619,2,5.3,5.2,5.665366426010527,5.304871674424083,5.719944401392034,5.737446845740918,False,False,False,False,False,False
1620,4,5.7,6.3,6.223688556210217,5.687857888249807,5.920846193535529,5.883659598266025,False,False,False,False,False,False
1621,3,6.0,6.1,5.826105126506286,6.004297037211187,5.0439796821824014,5.05111081450197,False,True,False,False,False,False
1622,0,5.9,6.0,5.5394621531326695,5.886884825799381,5.190499413174829,5.1947271738216845,False,True,False,False,False,False
1623,2,5.3,5.6,6.332499447060851,5.322014125203628,5.631444573604922,5.671451347992741,False,False,False,False,False,False
1624,4,6.4,5.7,6.043268243693062,6.405419866019326,6.3171926701990575,6.288800547971372,False,True,False,False,False,False
1625,3,4.4,4.9,5.869009071265141,4.4611656001603155,5.407129675738141,5.395857500759848,False,False,False,False,False,False
1626,4,6.0,6.1,5.932454866777591,5.986879895992232,7.127399076295642,7.033913942085725,False,True,False,False,False,False
1627,2,3.9,4.4,5.063043188689691,3.9346292208195863,5.475746493870204,5.416956164752313,False,False,False,False,False,False
1628,4,4.8,4.7,4.509654024909147,4.7938818685666655,4.099228739348079,4.125247805493925,False,False,False,False,False,False
1629,4,6.3,6.4,5.850854285312341,6.286827319253466,5.10374898965576,5.084898239455225,False,True,False,False,False,False
1630,2,5.4,6.0,6.199212063518869,5.41777603053681,5.397887797983937,5.363395121926828,False,False,False,False,False,False
1631,0,4.8,5.7,5.4627049619380825,4.808989273437888,4.844856896663842,4.9235966980829105,False,False,False,False,False,False
1632,3,3.4,5.2,3.183423789719813,3.395268037597472,4.219590655394049,4.274176136418867,True,False,True,False,False,False
1633,1,6.3,6.5,6.234933792469429,6.321523781342345,5.667527135704806,5.689770338870567,False,True,False,False,False,False
1634,0,6.1,5.5,5.819779154933999,6.085536862011783,6.089402355073533,6.086802074278308,False,True,False,False,False,False
1635,0,6.1,6.8,6.058005528757502,6.105880220475221,5.64392576880404,5.625836467265434,False,True,False,False,False,False
1636,2,5.2,4.6,5.497885147685036,5.198399861997745,5.634987876509586,5.596275882228802,False,False,False,False,False,False
1637,0,3.6,5.5,4.237521635678418,3.5995573625944455,5.192030649264237,5.185069363917524,True,False,True,False,False,False
1638,2,3.9,5.9,4.756673247467194,3.9055683610027963,4.536657623701823,4.553100256463391,False,False,False,False,False,False
1639,4,5.3,5.3,6.017087829264776,5.30867759185929,5.366741608684364,5.388490429468716,False,False,False,False,False,False
1640,2,6.1,6.6,5.7848667595102095,6.1046652657874745,6.220234746613841,6.173123675566041,False,True,False,False,False,False
1641,3,5.3,4.6,6.1117918847044885,5.3027416892311905,6.26202123376034,6.232547746775477,False,False,False,False,False,False
1642,0,4.9,5.1,4.455975999157769,4.885207365380671,4.685327185669215,4.735559934145638,False,False,False,False,False,False
1643,1,4.3,4.4,4.490857508610309,4.312459567490505,4.574967804523083,4.578944846799862,False,False,False,False,False,False
1644,1,5.9,5.0,5.284135273082183,5.900484526734719,5.271136265390631,5.276278236365322,False,True,False,False,False,False
1645,4,5.7,5.8,5.234120021327237,5.690866241867517,5.079994893152131,5.121479517896355,False,False,False,False,False,False
1646,0,3.7,4.5,4.879136896713224,3.7058425940804254,4.085005271693419,4.032507140739654,False,False,True,False,False,False
1647,4,5.8,7.1,5.0892317241961615,5.798722103385775,5.140224782965852,5.180802587852145,False,True,False,False,False,False
1648,0,2.5,3.9,3.517991287864944,2.5418751353607685,4.336442937364933,4.271400792893261,False,False,True,True,False,False
1649,3,6.0,6.1,6.5674139163554,6.013414136486158,6.35593829981781,6.428290242307944,False,True,False,False,False,False
1650,1,4.7,5.9,4.894595806102407,4.700662121238683,4.979986626646065,4.998967734285584,False,False,False,False,False,False
1651,1,6.0,4.8,6.090343586473236,5.997341120483324,4.82453247821024,4.818239280345194,False,True,False,False,False,True
1652,0,6.3,7.2,6.234894777111763,6.26714101179116,5.687310830888192,5.6909092405101775,False,True,False,False,False,False
1653,4,3.1,4.3,3.550513697510214,3.096073400621333,4.303899598753866,4.292777630485734,False,False,True,False,False,False
1654,4,3.1,4.8,3.9263357869113653,3.106636947018395,3.53841403814234,3.5321605428708915,False,False,True,False,False,False
1655,4,6.1,6.1,6.339551143790509,6.108241524718176,6.00494838777482,5.999088189136278,False,True,False,False,False,False
1656,1,4.0,4.7,4.292960774474303,3.9930008102508068,4.776980941771339,4.7855170117851,False,False,False,False,False,False
1657,4,5.7,5.6,5.200574224628675,5.678102216048099,5.214497161865231,5.224174785405508,False,False,False,False,False,False
1658,3,5.9,6.2,6.338449246381802,5.907408716832421,4.859373857066416,4.8867850800803225,False,True,False,False,False,False
1659,1,4.6,4.6,5.118929114359616,4.600031173651765,5.493067052962411,5.528116824157029,False,False,False,False,False,False
1660,2,5.5,5.2,4.937324602482455,5.509031027457613,5.433584874717588,5.395422988206776,False,False,False,False,False,False
1661,2,6.3,5.7,5.851826261499509,6.307191902680097,5.917222179126574,6.094601145525257,False,True,False,False,False,False
1662,2,6.0,6.1,5.7000284358744615,5.999135545193852,5.516392288033878,5.516999266771273,False,True,False,False,False,False
1663,2,4.9,4.6,4.614412235835552,4.921232636654517,4.206898608150034,4.224171693486452,False,False,False,False,False,False
1664,0,4.0,4.2,4.498309003747303,3.993536456447884,4.727790468740944,4.732219547959297,False,False,False,False,False,False
1665,4,5.7,5.6,5.252330685553795,5.704897444119815,6.612978977220813,6.6456905124380174,False,False,False,False,False,False
1666,4,3.3,3.8,3.9860520723940027,3.300255868010237,4.167511176866019,4.1958705365938584,False,False,True,False,False,False
1667,4,7.5,6.0,6.112043376728162,7.465249973047816,6.203533993840935,6.204917302343812,False,True,False,False,True,False
1668,4,5.5,5.5,6.151130978175402,5.494314475216177,6.11906208700862,6.113082684460457,False,False,False,False,False,False
1669,2,4.9,5.5,4.091254129095557,4.8851054047787645,4.436023016091614,4.450248057820679,False,False,False,False,False,False
1670,4,5.4,5.9,5.20262859381667,5.393668373628898,5.589590191381198,5.593317460334266,False,False,False,False,False,False
1671,1,3.3,4.2,3.274498059773711,3.3171269202656175,3.9809815560938286,4.000899436842391,False,False,True,False,False,False
1672,4,2.6,4.4,3.1339950919126283,2.620329038579138,3.860896235122311,3.8152230689840168,False,False,True,True,False,False
1673,1,5.9,6.1,5.398964463618937,5.917104486394454,4.885586535649238,4.882738578103897,False,True,False,False,False,False
1674,1,5.3,5.0,5.262123059785646,5.30890244757485,5.218085192996743,5.2669506384279785,False,False,False,False,False,False
1675,0,5.7,5.5,5.207426116808343,5.713901673519354,4.967946175673147,4.948679902231478,False,False,False,False,False,False
1676,0,4.9,5.6,5.062817765870343,4.915888504141496,4.89665784223075,4.924030212765162,False,False,False,False,False,False
1677,2,6.4,6.8,5.485491012512996,6.384380409725275,5.001120101307274,4.944061935907668,False,True,False,False,False,False
1678,2,4.2,5.1,5.5329927968458215,4.217296070558983,4.704104139957984,4.681662956574639,False,False,False,False,False,False
1679,2,5.6,5.4,5.23916479601172,5.623163672321777,5.143459101155234,5.21210975745395,False,False,False,False,False,False
1680,1,6.1,6.8,5.952071056743125,6.094630415870371,5.900016845393875,5.933025569089995,False,True,False,False,False,False
1681,1,3.5,5.0,4.571397898656419,3.520265166053915,4.32704189448489,4.296599307458998,True,False,True,False,False,False
1682,3,5.8,6.1,6.229200454850319,5.810566526427411,5.30408373185693,5.401654853946871,False,True,False,False,False,False
1683,4,4.8,6.0,5.116698324541477,4.780777786750707,5.193823644538373,5.132029178711162,False,False,False,False,False,False
1684,1,5.0,5.1,5.733449555049266,5.0132808105008335,5.029770467456712,5.080443824771228,False,False,False,False,False,False
1685,0,4.5,5.4,5.05940282628435,4.511064482665939,3.9410139173721044,4.009928662653474,False,False,False,False,False,False
1686,2,3.3,3.7,3.5677424270575218,3.285483251321818,4.360650169765477,4.3270629863795715,False,False,True,False,False,False
1687,4,4.7,5.1,5.029144483204237,4.691497303523557,5.827318485336428,5.800362866421928,False,False,False,False,False,False
1688,0,4.7,5.2,5.390532291217516,4.692707865702436,5.420227350017465,5.378087948068074,False,False,False,False,False,False
1689,1,6.4,7.1,6.261716111887924,6.4008130982512546,6.01870480090478,6.004042022667801,False,True,False,False,False,False
1690,2,4.6,5.4,4.798757069365713,4.604261876735817,4.182328524031569,4.149339972589036,False,False,False,False,False,False
1691,4,3.6,3.7,3.7392504114857497,3.611346460021975,3.7389592132023193,3.785308358301454,False,False,True,False,False,False
1692,2,3.3,3.8,3.4819189302238085,3.306584492911462,3.8318915399509006,3.8598774250019656,False,False,True,False,False,False
1693,1,3.8,4.4,3.930653229257202,3.797468676021367,3.7682779397364796,3.747003951903837,False,False,True,False,False,False
1694,4,6.1,4.5,5.624656088506442,6.084439070925953,5.4520706337949845,5.493195691688737,False,True,False,False,False,True
1695,4,5.6,5.7,5.128763340111618,5.570059465169707,5.19790301147878,5.177674536476204,False,False,False,False,False,False
1696,4,3.3,3.8,3.6024956894101723,3.2951030444731666,3.8466689706587904,3.855717684454296,False,False,True,False,False,False
1697,1,2.8,3.3,3.6414205515855795,2.8171173834412975,3.9897493376494926,3.977013358096105,False,False,True,True,False,False
1698,1,4.5,4.5,4.015672224005674,4.493800642483718,4.045216519677792,4.026498944014432,False,False,False,False,False,False
1699,2,5.0,5.1,5.19736403394136,5.008019284298371,4.623507244689946,4.610968748068391,False,False,False,False,False,False
1700,4,5.0,5.6,5.183530986072858,5.007531066882938,5.0482068547900685,5.086621941077512,False,False,False,False,False,False
1701,2,3.1,4.0,3.6312203081930052,3.1044083257207014,3.656800936406001,3.597318745673606,False,False,True,False,False,False
1702,4,3.9,4.1,3.9274019284432993,3.877404380916819,4.39312383295137,4.366782068668821,False,False,False,False,False,False
1703,0,6.7,5.3,6.2631862311720345,6.706641800887461,5.544970497075473,5.513360047597015,False,True,False,False,True,False
1704,0,6.4,5.3,5.720603201965141,6.36977996450897,5.504586073896128,5.4779692558704385,False,True,False,False,False,False
1705,2,4.4,4.0,4.5165208922066205,4.3994249433614545,4.871212521855492,4.847572675259587,False,False,False,False,False,False
1706,0,4.0,4.9,4.387233523358801,3.9967895394830895,5.007160325890836,4.94151751720855,False,False,False,False,False,False
1707,0,4.0,3.5,3.639637049012266,3.9942617624187062,3.754012891903465,3.83614618573379,False,False,False,False,False,False
1708,4,3.6,4.2,3.670511317153919,3.5849476800826015,3.7776787145301642,3.7788882513793087,False,False,True,False,False,False
1709,0,3.8,4.0,5.97436902113971,3.8227354981050956,3.7118376127897266,3.87729120504675,False,False,True,False,False,False
1710,1,2.9,3.6,3.9159962223523928,2.9130018195931084,4.128319803268782,4.096354489208317,False,False,True,True,False,False
1711,0,3.2,5.0,4.350942402775277,3.223739900457926,4.386549390218018,4.385398098761281,True,False,True,False,False,False
1712,2,2.9,4.4,3.419312310408687,2.9067261132148188,2.7722682737926587,2.8745430145219926,False,False,True,True,False,False
1713,1,5.7,6.2,5.369712532878189,5.700231819696869,4.96627664326283,4.9946224501235195,False,False,False,False,False,False
1714,2,4.0,6.1,3.8163059122969414,3.9924894508041042,4.80989525013713,4.859599476342601,False,False,False,False,False,False
1715,2,5.6,5.9,5.1576570528880685,5.593926110999361,5.510255364538317,5.533136144763049,False,False,False,False,False,False
1716,4,5.4,5.8,4.937704117274876,5.400007671947687,5.383034686668957,5.430800162690219,False,False,False,False,False,False
1717,3,4.8,6.0,4.985370418801458,4.808716217735301,5.2566210014951364,5.166734132718477,False,False,False,False,False,False
1718,3,3.5,4.7,3.2347304187258437,3.4897703083185094,4.432120666791394,4.304163687272445,False,False,True,False,False,False
1719,4,3.3,5.0,3.4792084963800507,3.2935157027334885,3.934487443566847,3.9298549864379284,True,False,True,False,False,False
1720,3,6.0,7.5,5.254944188995179,5.983848871106833,4.981091082698607,4.999620814748381,False,True,False,False,False,False
1721,1,2.9,4.2,3.1726538824719097,2.888982704907814,3.2616957175067833,3.2627635623554485,False,False,True,True,False,False
1722,1,3.1,5.0,3.654557868926853,3.1142384295619245,4.085430683589479,4.033263508737573,True,False,True,False,False,False
1723,3,3.4,4.3,3.3969211506964134,3.4143920104547645,3.7569632389914456,3.730355726841799,False,False,True,False,False,False
1724,0,3.3,3.7,3.1857169512990207,3.317314525387804,3.5374750358773444,3.4872293911846137,False,False,True,False,False,False
1725,2,4.4,5.2,4.068385720117651,4.402332695111115,4.724335326633645,4.828739374592116,False,False,False,False,False,False
1726,0,3.2,4.6,3.5670104187663454,3.2134786242305116,4.473251022313469,4.416530735645351,False,False,True,False,False,False
1727,0,4.7,4.9,5.199906512679305,4.729826335014319,5.751210415469417,5.725831073621161,False,False,False,False,False,False
1728,2,4.7,3.1,4.493256226933481,4.697114076115874,4.957749440606127,4.990605846706908,False,False,False,False,False,False
1729,1,5.4,5.1,4.675922479177815,5.39115750416125,5.749504781122633,5.810973430682832,False,False,False,False,False,False
1730,3,3.9,5.3,4.659207553259737,3.8952484853564724,5.075410476028792,5.045308918864405,False,False,False,False,False,False
1731,1,3.6,4.2,3.8358417696386313,3.5830723872849983,3.6847022219638665,3.6549007902456676,False,False,True,False,False,False
1732,2,3.0,4.2,3.7753244217546764,3.0115541820776346,3.6046257884902184,3.5760486990559555,False,False,True,True,False,False
1733,0,3.3,3.8,3.6040705948330967,3.3081589764693495,3.446573126513889,3.502940765799832,False,False,True,False,False,False
1734,1,5.2,5.1,4.666950729091291,5.1772435908207735,5.459020586833948,5.438241567589823,False,False,False,False,False,False
1735,4,3.0,4.7,3.8401039631109963,3.0139190417470365,4.665219886123008,4.659522517853341,False,False,True,True,False,False
1736,4,3.1,4.7,4.029082723689744,3.1059426106212347,5.22747892916326,5.232261184333404,False,False,True,False,False,False
1737,2,3.6,3.6,3.9290117896065886,3.6060101790999948,3.6327827710841234,3.5745193877575723,False,False,True,False,False,False
1738,0,4.8,2.8,4.220294149799255,4.811744321369318,4.271146336065529,4.292011650403195,False,False,False,False,False,False
1739,4,2.8,3.7,3.5316803023873966,2.840668996008442,4.41171571491679,4.401757675247597,False,False,True,True,False,False
1740,0,4.3,5.3,5.065296710456258,4.317950346835391,5.7549319496042965,5.7382930905947,False,False,False,False,False,False
1741,4,3.5,3.3,3.8528698350616017,3.492248171771178,3.9332700829398366,3.955651882226364,False,False,True,False,False,False
1742,4,5.1,6.8,5.562346617302068,5.101728559863876,5.279398507581314,5.279193970184857,False,False,False,False,False,False
1743,0,6.5,6.8,5.693705605059329,6.479271886537633,5.050267914314652,5.015140823269559,False,True,False,False,True,False
1744,1,4.3,4.9,4.755142605576248,4.318259942527391,4.467466291861876,4.435550049531257,False,False,False,False,False,False
1745,0,5.9,7.1,5.478626341554141,5.890678259963352,5.16093106353333,5.181009409074269,False,True,False,False,False,False
1746,4,4.8,5.7,5.7891536908683365,4.8416147933391205,5.870144970611373,5.86169626652889,False,False,False,False,False,False
1747,3,2.9,4.3,3.0885323684296755,2.8914572246607593,4.054012065943978,4.019121272609677,False,False,True,True,False,False
1748,0,4.1,5.4,4.869808221934661,4.107241234510552,5.024031006743817,5.047918168184596,False,False,False,False,False,False
1749,0,4.6,6.7,4.575869549106686,4.609137569583388,5.079251630150506,5.0667085770173275,False,False,False,False,False,False
1750,0,5.3,4.7,5.484219225213331,5.304779328737831,5.612211953149343,5.577868140106164,False,False,False,False,False,False
1751,1,4.3,4.1,4.468708720746007,4.309189031658689,4.69293736750698,4.704733571525214,False,False,False,False,False,False
1752,4,6.1,5.5,5.909696179151498,6.0806799157970595,6.107833781075226,6.089688621692749,False,True,False,False,False,False
1753,4,3.4,3.2,3.981896362369073,3.406094183509755,4.595951485123381,4.504719039273266,False,False,True,False,False,False
1754,4,2.4,4.2,3.2863404856623837,2.4056817125003525,3.585103119459519,3.5697374179483994,False,False,True,True,False,False
1755,1,5.7,6.4,4.984257968697231,5.695538563954724,5.480353343809686,5.492214862776355,False,False,False,False,False,False
1756,4,3.9,4.4,3.320876455640979,3.8826329663761503,3.545910995730083,3.5424915976699216,False,False,False,False,False,False
1757,4,3.1,5.0,2.7856466795180865,3.1040390774083386,3.7973810526851013,3.733740240706621,True,False,True,False,False,False
1758,2,3.0,5.4,4.955324486767771,3.0780041988082925,4.615673462746114,4.618174380576366,True,False,True,True,False,False
1759,2,4.7,5.4,4.865173685999714,4.677830885306905,4.972520646526457,5.072144152820811,False,False,False,False,False,False
1760,2,4.1,4.3,4.711322643575839,4.090875997518586,4.967876166454833,4.941043228048791,False,False,False,False,False,False
1761,2,7.1,7.9,5.9214645357400855,7.058756957406561,5.930479383267336,5.901276869942978,False,True,False,False,True,False
1762,3,5.4,6.1,4.95147600229687,5.398009266870033,4.938043927031297,4.923089964930583,False,False,False,False,False,False
1763,0,3.5,4.4,4.961595612461374,3.4978712092408246,4.613647571461318,4.5710005207042865,False,False,True,False,False,False
1764,1,4.0,4.9,4.063060367668804,4.014302880421958,3.963503151095516,3.9350931204990265,False,False,False,False,False,False
1765,4,4.6,5.8,4.218424656009072,4.61486767578713,4.683312679421692,4.690538840281973,False,False,False,False,False,False
1766,1,3.0,3.7,3.5635522982323833,3.0089218504975905,3.7900110759126595,3.759700507664842,False,False,True,True,False,False
1767,0,2.4,3.8,2.415576999865889,2.393798211111094,3.116226478746546,3.123432558069788,False,False,True,True,False,False
1768,0,3.1,4.1,3.4261333983449553,3.0893812946338377,3.841492291549293,3.844269923902777,False,False,True,False,False,False
1769,1,5.3,5.9,5.1924916000951615,5.2912678138662095,5.183873658489354,5.159066026899431,False,False,False,False,False,False
1770,4,2.9,4.5,3.369777699971933,2.912856600762838,3.3779833087258124,3.4862755961023284,False,False,True,True,False,False
1771,3,5.3,4.9,4.950664663549382,5.302005751405744,4.943392330239857,4.9429370508632875,False,False,False,False,False,False
1772,4,4.3,5.6,3.4082525570518554,4.266270699168885,3.6742392937804844,3.698318710734502,False,False,False,False,False,False
1773,0,4.1,5.4,3.9661170336131715,4.111694971420145,4.151241037138961,4.127694423045362,False,False,False,False,False,False
1774,2,4.8,4.9,5.024384613695697,4.793001329576078,4.647935346119962,4.647184012754547,False,False,False,False,False,False
1775,3,3.0,4.6,4.236232325629552,3.037670028437537,4.009921749411768,4.017025957822704,False,False,True,True,False,False
1776,1,3.8,4.8,3.455378952557212,3.797058164974806,3.865559833828992,3.8312503128044497,False,False,True,False,False,False
1777,4,4.4,5.3,3.9020850043486317,4.393419985319529,4.3079892096034715,4.299276225948893,False,False,False,False,False,False
1778,2,3.2,4.4,3.9963458536916567,3.206111195332886,3.6783573337163387,3.731338967856256,False,False,True,False,False,False
1779,4,2.9,5.7,3.2619166439464826,2.9148945168766573,4.0354706444849615,4.019377576972113,True,False,True,True,False,False
1780,3,3.5,4.8,3.3447175053682168,3.5015472173713813,3.2473374783065454,3.250064085189541,False,False,True,False,False,False
1781,1,2.7,4.2,3.7820353249467944,2.7298989372870675,4.060392613757667,3.9690607001059344,False,False,True,True,False,False
1782,3,5.2,4.7,6.0248072604523975,5.202991670732907,4.710216575103169,4.699378741914042,False,False,False,False,False,False
1783,0,3.3,4.2,4.965635500417137,3.316648409546554,4.675524112636146,4.64802202249538,False,False,True,False,False,False
1784,2,5.1,5.5,4.846296234113069,5.0645610045570315,4.9449577187911915,4.9601330390998335,False,False,False,False,False,False
1785,4,5.2,5.6,5.0069270390111855,5.186057758771819,5.305294995329754,5.244335425306094,False,False,False,False,False,False
1786,4,3.1,4.2,4.2640086194480205,3.1027942310878216,3.7492901892567576,3.668571953053749,False,False,True,False,False,False
1787,1,3.4,3.9,4.75961719709506,3.4802145473192017,4.804892990870278,4.83417918464514,False,False,True,False,False,False
1788,1,6.0,3.6,6.189350431087328,5.99921466391939,5.051143680804227,5.013457443997144,False,True,False,False,False,True
1789,4,5.1,5.9,4.055687642349389,5.037390885192757,4.58789049557688,4.594663151922286,False,False,False,False,False,False
1790,4,3.3,3.8,3.26827962277219,3.2943496669386656,3.538890338024843,3.525595407414558,False,False,True,False,False,False
1791,4,3.3,5.3,3.058058971723731,3.3009008139961082,4.27951096213014,4.334566820838948,True,False,True,False,False,False
1792,1,5.1,6.1,5.70814733375261,5.1309186729073,5.804212019966334,5.844894662160716,False,False,False,False,False,False
1793,2,4.2,5.1,5.377558586541651,4.224489707996995,5.115735967713366,5.154869400428749,False,False,False,False,False,False
1794,3,3.7,4.2,4.551135015220969,3.707864017397606,4.677272966059047,4.6359652226861465,False,False,True,False,False,False
1795,3,3.0,3.9,4.281337466262389,3.0287493462223325,4.5091684818465545,4.515959178206957,False,False,True,True,False,False
1796,0,6.0,5.8,5.7653528318833205,6.0109187076950885,5.546207482819695,5.5697798109775,False,True,False,False,False,False
1797,2,4.1,3.6,3.755764622407344,4.078486579333399,4.552170214454637,4.539307933581937,False,False,False,False,False,False
1798,4,4.0,5.7,5.028674304206928,4.027713600530699,4.733947227419638,4.766361189547465,False,False,False,False,False,False
1799,0,4.5,5.8,4.859017399513154,4.4836180719169345,5.098990013254891,5.050150616642838,False,False,False,False,False,False
1800,1,2.6,3.4,3.649344952524025,2.626192855002895,3.9616862791153946,3.9086825309521878,False,False,True,True,False,False
1801,3,2.8,3.4,3.122571419256313,2.8074551032874027,3.1944013136390357,3.208571853326559,False,False,True,True,False,False
1802,4,6.6,5.7,5.280535477651717,6.573509115512494,5.037537245448825,5.016719401122387,False,True,False,False,True,False
1803,2,3.6,4.1,3.769533120624979,3.6032435234877673,4.319426810297741,4.400275916049756,False,False,True,False,False,False
1804,3,5.9,5.7,5.667990809078766,5.8969770938053925,5.749147190926592,5.706162421795813,False,True,False,False,False,False
1805,2,4.9,5.7,5.634831942534439,4.913518104619647,5.466782304097801,5.47525622846514,False,False,False,False,False,False
1806,2,6.2,6.5,5.937545026199612,6.19712564262244,5.557406984339609,5.571348835189971,False,True,False,False,False,False
1807,3,5.3,5.7,5.4236651784305625,5.30045963052818,5.59511899917389,5.538890798988094,False,False,False,False,False,False
1808,1,5.3,5.4,5.841230205711055,5.309163285382506,5.610564307982219,5.6198662832058455,False,False,False,False,False,False
1809,2,4.1,4.0,4.985277408775089,4.1029380485329785,4.737271258233622,4.700876824484263,False,False,False,False,False,False
1810,3,4.0,4.1,5.386065727126481,4.025625381474593,5.194386188346704,5.262653204951987,False,False,False,False,False,False
1811,0,4.7,4.6,5.3742207721333894,4.695152276797118,5.3698995512277685,5.34664550379897,False,False,False,False,False,False
1812,1,5.0,5.0,4.92451047443616,5.000090541115263,4.82305472078122,4.877802889497105,False,False,False,False,False,False
1813,0,5.7,6.1,6.430007778516693,5.723242798801332,6.335125864086416,6.33500577438936,False,False,False,False,False,False
1814,2,5.8,6.0,5.7299936740509185,5.808847560198611,5.179597137822585,5.178476368308364,False,True,False,False,False,False
1815,4,5.8,6.4,5.066354583371462,5.779601423939651,4.755428611982126,4.7959362823985865,False,True,False,False,False,False
1816,2,4.5,5.0,4.891939958512474,4.504627166397445,4.3660407356124615,4.303769252060689,False,False,False,False,False,False
1817,3,6.0,6.6,5.636932647059638,6.010947409227324,5.099588540090942,5.138773669819107,False,True,False,False,False,False
1818,2,3.2,4.3,3.642673007451445,3.189532797005942,4.000818559911163,3.9429830966745683,False,False,True,False,False,False
1819,0,4.1,4.1,4.053905156611711,4.086449407677495,4.492440209068931,4.51901966109387,False,False,False,False,False,False
1820,2,4.4,4.5,4.9252893877465675,4.396886693459501,5.1685101238063,5.084890312480416,False,False,False,False,False,False
1821,1,6.6,6.2,5.672224280516785,6.549821195922844,5.528950843604974,5.536819804497041,False,True,False,False,True,False
1822,3,3.5,4.7,3.933040009746747,3.4906026614466774,4.4471822806747054,4.526483379948015,False,False,True,False,False,False
1823,3,5.6,2.7,4.179566561330205,5.568554119386018,3.9620519271638566,3.9407103295574637,False,False,False,False,False,False
1824,1,5.7,6.2,5.2360089725820345,5.688985239787682,4.8632951964047875,4.806420044560605,False,False,False,False,False,False
1825,1,4.5,4.8,5.747552434603456,4.534770036565111,5.045272412344813,5.032917229304772,False,False,False,False,False,False
1826,3,3.7,5.1,4.032655196851665,3.7021742275862812,5.542195801144295,5.450259169279412,True,False,True,False,False,False
1827,4,6.7,5.6,6.514967633226393,6.698879877053007,5.835595043748139,5.8027562660533825,False,True,False,False,True,False
1828,4,6.6,5.8,5.805508196597822,6.589813298759256,6.194117383647831,6.232665546057027,False,True,False,False,True,False
1829,4,3.6,4.8,4.299227109249476,3.6141074177456836,4.171209745488396,4.136419360266323,False,False,True,False,False,False
1830,3,5.3,5.7,5.429362695852611,5.308338473391171,4.955592443010295,4.9502575359289684,False,False,False,False,False,False
1831,3,5.6,6.2,6.410481377523956,5.613361017587273,6.332983773291609,6.324588043451593,False,False,False,False,False,False
1832,2,5.2,5.7,5.019250917258206,5.191343368967213,4.680011309841699,4.711273340247106,False,False,False,False,False,False
1833,0,3.2,4.5,4.027619856524096,3.2095529525372495,4.011462567783639,3.9697036571122064,False,False,True,False,False,False
1834,4,5.7,6.3,5.863968121544208,5.699954168762052,5.202632463301645,5.229266287686242,False,False,False,False,False,False
1835,4,3.2,5.3,4.298528656043228,3.2076143285065637,4.1825503019612515,4.204410118991198,True,False,True,False,False,False
1836,4,4.6,5.6,4.812310650060657,4.608100937335969,4.6216864150953825,4.598947765846189,False,False,False,False,False,False
1837,0,2.9,4.2,3.7632929330593816,2.9081783823202882,4.434724509036293,4.39748388937414,False,False,True,True,False,False
1838,3,5.0,4.6,5.458593324792419,5.014979672541016,5.412026017503003,5.380004468074917,False,False,False,False,False,False
1839,2,5.7,6.0,5.76562439660471,5.68958296524442,5.688347976455335,5.771274439780008,False,False,False,False,False,False
1840,2,5.4,4.8,5.053206039740237,5.401718839135257,5.321930074820257,5.340073226810305,False,False,False,False,False,False
1841,4,3.1,4.6,3.7574024962106596,3.1146692478977287,4.861537946923544,4.88223083813943,False,False,True,False,False,False
1842,4,6.3,5.8,5.3340618432787,6.287888072223418,4.778382937041548,4.790646615690068,False,True,False,False,False,False
1843,1,4.7,4.9,3.7430062769664394,4.687807217235616,4.607514537978198,4.641353734740555,False,False,False,False,False,False
1844,4,5.5,6.1,5.699721375312944,5.506996922998142,5.408568697670274,5.376518688552143,False,False,False,False,False,False
1845,1,5.9,5.9,5.308342910758136,5.88492929220453,5.747191203831755,5.7520321009256525,False,True,False,False,False,False
1846,4,5.8,5.8,4.753690325772015,5.776969882930465,5.273347588601528,5.284970446357856,False,True,False,False,False,False
1847,4,2.6,3.2,3.70966993080842,2.606865024200547,4.1294355915893455,4.145691463739005,False,False,True,True,False,False
1848,1,5.0,5.5,5.963078772821422,5.033110108771547,5.284678029379525,5.3547379305361815,False,False,False,False,False,False
1849,4,5.8,6.0,5.665888505098873,5.81042235974438,5.166370283978287,5.186555053861507,False,True,False,False,False,False
1850,3,2.7,3.7,3.5916018911144976,2.7040812339420595,4.222896009321595,4.250468279925222,False,False,True,True,False,False
1851,3,3.3,4.6,3.002908284858209,3.2820660354292963,3.7954890078893593,3.788897834586796,False,False,True,False,False,False
1852,3,4.7,4.1,5.239268687064742,4.696490620208719,4.772490803280716,4.812185476543097,False,False,False,False,False,False
1853,0,5.7,6.5,5.433883123455628,5.676378748058675,5.877296528336264,5.867647061208882,False,False,False,False,False,False
1854,4,4.5,5.2,4.85575800283357,4.537195563687226,4.810777267407476,4.7636057489975725,False,False,False,False,False,False
1855,4,6.0,5.4,4.605784950165124,5.983348889178366,4.80296667084786,4.736668262018485,False,True,False,False,False,False
1856,2,6.7,6.1,6.75112518320616,6.717286314137927,6.8120484501699785,6.894246045478079,False,True,False,False,True,False
1857,2,5.0,5.3,5.695584048019575,5.003530114431633,5.398892146464471,5.3694387224068,False,False,False,False,False,False
1858,2,5.6,5.2,5.7186671234379824,5.596125600175439,5.516654220250551,5.515154329911384,False,False,False,False,False,False
1859,0,5.0,5.2,5.444705011949929,4.988387517980605,5.600062148800655,5.5570810210108,False,False,False,False,False,False
1860,2,3.5,3.7,4.095869735239609,3.5349077491477447,3.4698890777071236,3.5164482008219604,False,False,True,False,False,False
1861,3,5.0,5.1,5.116931032397049,4.997406049426999,4.689785810357322,4.685286723836158,False,False,False,False,False,False
1862,1,4.9,5.1,4.323522331079883,4.87715708076872,5.1800865699707215,5.216045092521715,False,False,False,False,False,False
1863,1,5.7,6.4,5.610983269115906,5.697499512094294,5.207672072439404,5.223313217458689,False,False,False,False,False,False
1864,3,7.4,6.1,5.573332919729242,7.3495699814969635,5.948388314596835,5.911610221910275,False,True,False,False,True,False
1865,2,5.9,6.8,5.741250071958099,5.911668955935644,5.354631645935453,5.41698418000473,False,True,False,False,False,False
1866,3,4.5,4.8,4.273522432531134,4.490269341391602,4.283762151502662,4.324688769912257,False,False,False,False,False,False
1867,0,4.0,4.2,3.7694398704396046,3.978814621898814,4.259211326728429,4.2381887563401985,False,False,False,False,False,False
1868,4,5.0,5.8,4.608046402585071,4.984240004695294,4.721931629198449,4.807097444973169,False,False,False,False,False,False
1869,3,3.7,4.1,3.6714027199319204,3.692500143059427,4.026564641050559,4.032728210628607,False,False,True,False,False,False
1870,1,5.6,5.4,5.106526201216414,5.602475680608776,4.960589620310712,4.955087848791214,False,False,False,False,False,False
1871,0,6.6,6.4,5.668915539393895,6.578905608964415,5.573728602184356,5.567330427294973,False,True,False,False,True,False
1872,0,4.2,4.5,4.3897187069097106,4.204878889761736,4.251985573720725,4.250979854048337,False,False,False,False,False,False
1873,0,3.4,4.7,4.20384910401135,3.401958400312458,4.405166360882552,4.365286661023207,False,False,True,False,False,False
1874,2,6.3,5.0,5.056317687499288,6.287847750202731,5.252910265125157,5.200523094051799,False,True,False,False,False,False
1875,2,6.2,6.3,5.530213230465767,6.1991245178405,5.455342522902703,5.477692516153714,False,True,False,False,False,False
1876,2,5.0,6.3,5.197225514661323,5.022158950680659,5.348987966335384,5.420082064200521,False,False,False,False,False,False
1877,3,5.5,6.2,5.920567903293477,5.498454451974009,5.527887475681357,5.503836134924569,False,False,False,False,False,False
1878,3,6.3,6.7,6.133585071953823,6.29758554967912,5.72240637461407,5.703392952168301,False,True,False,False,False,False
1879,4,6.4,5.4,5.9334320684476864,6.381746564838665,6.332319382606345,6.3109885928593314,False,True,False,False,False,False
1880,0,3.2,5.4,4.561234459710572,3.2226064223525652,4.8760284669404586,4.84346044889422,True,False,True,False,False,False
1881,1,5.2,5.0,4.872800661073446,5.1753844011766965,4.786743582961809,4.808761514622431,False,False,False,False,False,False
1882,4,6.2,5.5,5.903375510436068,6.19346837609397,5.5416295843768815,5.530747109673379,False,True,False,False,False,False
1883,2,4.5,5.6,5.579363849631792,4.520397001895914,5.276904997931131,5.323728724172605,False,False,False,False,False,False
1884,1,5.6,6.5,5.8276957935822145,5.603546433640336,5.495433286423106,5.532565011993662,False,False,False,False,False,False
1885,2,3.9,3.9,2.7609551534748906,3.879402363854093,3.997740779158687,3.9998022919713847,False,False,False,False,False,False
1886,1,3.0,4.1,3.2649948517097394,2.9966737204123497,3.584329987447659,3.5819099648583217,False,False,True,True,False,False
1887,2,5.8,6.0,5.624737891096973,5.807096321978765,5.032614156428259,5.07212217711244,False,True,False,False,False,False
1888,0,3.2,3.4,3.5075256305950804,3.191650400527792,3.313111094201643,3.2551010451669837,False,False,True,False,False,False
1889,0,5.5,5.6,5.450492846079341,5.513544724878627,4.2554700449491225,4.307070271472453,False,False,False,False,False,False
1890,3,5.8,6.0,6.419773885097582,5.822733208464361,5.534974994963143,5.59532241094127,False,True,False,False,False,False
1891,0,3.5,5.0,4.944890830071485,3.536781200856214,4.2736709365466155,4.27093233760873,True,False,True,False,False,False
1892,4,6.1,5.1,6.228442473027698,6.0969812412610835,6.245329285715088,6.196562434945342,False,True,False,False,False,False
1893,4,6.2,6.3,5.177208462412206,6.191571883446308,4.987442128243647,5.019907332668836,False,True,False,False,False,False
1894,2,4.8,4.8,5.32607386759799,4.837852694444353,4.787183406621091,4.7600718270470574,False,False,False,False,False,False
1895,4,5.9,6.5,5.580627281042772,5.892003790850777,5.373736870460478,5.334133197922596,False,True,False,False,False,False
1896,3,2.1,4.9,3.2943951478331313,2.1344334459897776,3.53804004339438,3.574055053607233,True,False,True,True,False,False
1897,1,3.8,4.2,3.9944421522468248,3.7861175412108485,3.877830234401239,3.871450313810852,False,False,True,False,False,False
1898,1,4.2,5.1,4.39299903681144,4.203792748782345,4.823582041310883,4.85447409137799,False,False,False,False,False,False
1899,3,4.1,5.0,3.57692802833456,4.07457726990532,3.9386225752057378,3.9783216611099537,False,False,False,False,False,False
1900,2,6.7,6.5,5.84124653456512,6.6593278808004195,5.13976413035552,5.131504383900984,False,True,False,False,True,False
1901,3,6.4,5.2,5.584244840530441,6.395149522680925,5.582181034195923,5.615654485771222,False,True,False,False,False,False
1902,2,7.3,4.4,6.38710065057242,7.276251980386645,5.521432828248898,5.548813527578299,False,True,False,False,True,True
1903,4,6.9,3.2,4.525257208602415,6.858178278271394,5.081971199848552,5.058701083513223,False,True,False,False,True,True
1904,4,3.4,4.1,3.529658833971938,3.423697948997449,4.194402890989943,4.224168872794822,False,False,True,False,False,False
1905,1,6.5,3.7,5.1362120186914755,6.477036209796002,5.046831477732211,5.07027537712162,False,True,False,False,True,True
1906,4,6.2,4.4,4.992452999691281,6.166375482963808,4.840981268225613,4.864960775440158,False,True,False,False,False,True
1907,1,6.5,4.9,5.89586335276528,6.498455886777561,5.425695704533782,5.459044124018927,False,True,False,False,True,True
1908,4,5.1,5.2,4.723057072781744,5.100399876821521,4.4950929587582715,4.502146656009208,False,False,False,False,False,False
1909,2,5.0,4.9,5.560004823367711,5.016040623120546,5.180834571150004,5.214657259778459,False,False,False,False,False,False
1910,4,3.3,3.8,3.8796991825627045,3.314164026499504,4.259174667178827,4.2316090849402785,False,False,True,False,False,False
1911,0,5.4,4.3,5.9744972556991405,5.400045720871455,4.8002764772745845,4.7951969933291005,False,False,False,False,False,False
1912,0,5.5,5.4,5.409822256922661,5.4906526804902756,5.3136419780117015,5.272559151031973,False,False,False,False,False,False
1913,1,6.5,6.0,6.5343545126143265,6.50027967542233,5.461904514870961,5.496661921348091,False,True,False,False,True,False
1914,0,6.3,5.3,5.909214204726873,6.308662610681365,5.972311693399736,5.986805685933547,False,True,False,False,False,False
1915,4,6.5,6.3,5.578331204010978,6.470529254509076,5.376715289600793,5.394242899869557,False,True,False,False,True,False
1916,3,6.3,5.4,6.568023525378244,6.315145620219823,5.202801703582251,5.141155544689175,False,True,False,False,False,False
1917,0,4.6,4.1,5.022591212598489,4.62744088550692,4.353168700657352,4.386340873650792,False,False,False,False,False,False
1918,4,4.6,3.4,4.301676701300066,4.586401460364117,5.424605887994679,5.374867797909002,False,False,False,False,False,False
1919,4,5.4,4.5,6.016826365032714,5.418520786380883,5.570650445306345,5.541310192042782,False,False,False,False,False,False
1920,2,6.4,5.7,6.55035904673537,6.393684242573881,5.658202547592842,5.654463907064147,False,True,False,False,False,False
1921,2,6.5,4.4,6.16953616830075,6.521850702421473,5.288619183691104,5.305607829116913,False,True,False,False,True,True
1922,2,5.8,5.6,5.851010576856048,5.817051707318154,6.208685825421696,6.193817435845729,False,True,False,False,False,False
1923,2,6.2,6.4,4.822524697517734,6.173767605988444,4.7530891672123605,4.832961934365784,False,True,False,False,False,False
1924,0,5.7,5.3,6.670488075151103,5.7065617046079655,5.993259899566137,6.028303669072234,False,False,False,False,False,False
1925,4,4.5,4.9,5.34467429833786,4.513956484539107,5.168100366400501,5.129061758920719,False,False,False,False,False,False
1926,1,6.1,5.2,6.166334505983899,6.084620887839676,5.689803440725899,5.720150534157717,False,True,False,False,False,False
1927,0,4.6,5.6,4.4855943591740965,4.5868531496464175,4.565842282145415,4.502745139264147,False,False,False,False,False,False
1928,4,5.6,3.7,5.760933097002472,5.622937569077992,5.467485696316093,5.4239611916605455,False,False,False,False,False,False
1929,1,6.7,5.1,5.882794253155942,6.6814195364178985,5.096007732157388,5.101231513413114,False,True,False,False,True,False
1930,2,4.0,4.6,4.608200394433442,4.018207456835167,4.561438394543259,4.574084496629924,False,False,False,False,False,False
1931,3,5.5,4.7,5.132150442214482,5.470184895748552,4.918102861532542,4.877086623499968,False,False,False,False,False,False
1932,1,6.0,4.8,5.871784835574971,6.011958400711204,5.39088775329939,5.429849302918327,False,True,False,False,False,True
1933,0,7.0,5.2,6.027529433853991,6.967475225586567,5.665654668692035,5.623870371715728,False,True,False,False,True,False
1934,2,3.8,5.8,4.93399729898739,3.818045151922524,5.395351498794293,5.188439167127712,True,False,True,False,False,False
1935,2,4.4,4.7,4.970119529551156,4.396107091524977,4.897065204841294,4.857810447691325,False,False,False,False,False,False
1936,2,3.0,2.9,2.5825391681338945,2.988424242451718,2.3702107247611517,2.345235880880529,False,False,True,True,False,False
1937,0,3.9,4.3,3.305332147203573,3.887810796265828,4.633721793836221,4.609537256530022,False,False,False,False,False,False
1938,3,7.0,5.6,6.273512098191909,6.999415589930517,5.9045688289055205,5.9139366507216415,False,True,False,False,True,False
1939,0,3.2,4.4,4.1587013280152645,3.2378493602640597,3.9097840875468743,3.938728371281549,False,False,True,False,False,False
1940,4,5.6,5.1,5.444598876855565,5.614136542979905,4.832030777450781,4.817032107633899,False,False,False,False,False,False
1941,3,4.4,5.2,5.169625173514074,4.407303755133189,4.753245191127304,4.735596565412079,False,False,False,False,False,False
1942,4,6.8,6.4,6.35526737422162,6.787074424860306,6.0060808113935025,6.059720027415827,False,True,False,False,True,False
1943,4,4.4,4.2,4.763938962961628,4.4065478058385175,5.223838246885728,5.1661725324578125,False,False,False,False,False,False
1944,4,5.1,6.1,4.392522812641772,5.095871117782515,4.398628178904411,4.370288448974673,False,False,False,False,False,False
1945,4,6.1,6.0,5.203160737748664,6.088377761308613,5.032517125292043,4.994613816892715,False,True,False,False,False,False
1946,0,6.0,4.0,6.336639453938463,6.007578222452301,5.673668663335184,5.684512602118276,False,True,False,False,False,True
1947,2,7.4,5.0,5.59380477708709,7.370166036881605,5.910110883996448,6.023095537626553,False,True,False,False,True,False
1948,4,6.7,4.0,5.359737322424595,6.678336321207427,5.29924208565218,5.308235394969264,False,True,False,False,True,True
1949,2,5.1,2.2,2.7720302177317,5.067991237518181,3.5533510198063576,3.6510124620995397,False,False,False,False,False,False
1950,4,3.4,3.8,2.825920036398676,3.382874443331821,3.817943654489739,3.7807549439079953,False,False,True,False,False,False
1951,3,4.0,4.6,5.969908101764164,4.0553906776983375,5.2643920445098,5.195327886156145,False,False,False,False,False,False
1952,3,4.4,4.1,3.9863099771731316,4.400283439939258,4.708177997288636,4.7243422795447145,False,False,False,False,False,False
1953,4,4.4,5.1,4.396076372474659,4.3941584048438225,4.824838722168916,4.798217168301533,False,False,False,False,False,False
1954,2,5.7,6.7,5.786286484268681,5.687721480231884,4.918742120511454,4.913357045136289,False,False,False,False,False,False
1955,2,6.5,5.5,6.384605949888426,6.489180370344172,5.599243520693694,5.554152070282326,False,True,False,False,True,False
1956,1,5.9,5.4,5.682932366620323,5.894405159405632,5.082058866284421,5.055193697275041,False,True,False,False,False,False
1957,1,4.8,4.8,4.233535972794231,4.800965475899371,4.526376780815884,4.608333114181437,False,False,False,False,False,False
1958,4,5.1,4.8,4.787942393357107,5.073375669880798,4.009525200176657,4.0161178430862465,False,False,False,False,False,False
1959,4,5.8,4.7,4.628738189723112,5.778051179095596,4.613742828613131,4.597686840865327,False,True,False,False,False,True
1960,2,6.7,4.5,5.189046943079362,6.689691078053731,5.45268367961035,5.318963795726694,False,True,False,False,True,True
1961,0,5.3,5.9,6.045439447402503,5.295017139454254,6.636176128256972,6.538344176065453,False,False,False,False,False,False
1962,4,5.0,4.4,4.62103482055091,4.983338389702405,4.164302165777623,4.184777828086146,False,False,False,False,False,False
1963,3,5.5,3.9,4.609080913501786,5.502038254864961,4.925919500470985,4.935995976715693,False,False,False,False,False,False
1964,3,6.7,3.6,6.637892500961829,6.6970386772238655,5.887878286593077,5.86135707286797,False,True,False,False,True,True
1965,1,3.5,3.3,3.9743448358761437,3.4957446988614973,3.986300442846072,3.9170109792260592,False,False,True,False,False,False
1966,3,5.0,3.6,3.608182756211652,4.988539886447008,4.180147347088005,4.174448420444213,False,False,False,False,False,False
1967,2,6.9,4.7,6.429289865853451,6.881382134641945,5.347846991208259,5.313068079637765,False,True,False,False,True,True
1968,3,6.18,4.6,6.176267400478345,6.1878001787341645,5.610938944312914,5.6489664818635,False,True,False,False,False,True
1969,1,5.7,3.7,6.198308643756984,5.7229490977456665,5.097008982443955,5.086642766681072,False,False,False,False,False,False
1970,4,7.1,5.9,6.257851202339383,7.097250868237697,5.817539257903268,5.857538821298653,False,True,False,False,True,False
1971,0,5.5,5.5,4.789803037428101,5.497915840340731,5.1756982540165355,5.156735093350446,False,False,False,False,False,False
1972,3,5.9,6.0,5.03724830748675,5.850978429712642,5.65312380355475,5.571741435938284,False,True,False,False,False,False
1973,3,4.3,4.3,6.280615700951916,4.356484633309939,5.670597024240895,5.676119368290163,False,False,False,False,False,False
1974,0,4.7,3.4,4.810674421473102,4.687978462542453,4.169719514880465,4.1282045001951815,False,False,False,False,False,False
1975,2,5.6,4.7,4.873205882873547,5.589107698617541,4.561973521138604,4.646514732768198,False,False,False,False,False,False
1976,2,5.4,4.9,5.487178961014359,5.397862333094463,4.476989126625737,4.5109786003493015,False,False,False,False,False,False
1977,1,5.2,4.7,4.96629068716125,5.198020868425794,5.2127298030701805,5.226111870692957,False,False,False,False,False,False
1978,0,6.5,6.5,6.1951970583494305,6.507012783579113,5.727866662993929,5.700926151317457,False,True,False,False,True,False
1979,0,7.2,5.5,6.030016048447766,7.180361576131842,5.609773590441083,5.613992222077085,False,True,False,False,True,False
1980,4,5.4,5.5,6.034923302168278,5.421096609480188,5.655287988788548,5.601441768542156,False,False,False,False,False,False
1981,4,5.8,5.1,5.209585923657076,5.801335995008494,6.4548055942913845,6.494476317209233,False,True,False,False,False,False
1982,1,4.5,4.5,2.9749158223275534,4.475479362325587,4.099417183655391,4.030704422784267,False,False,False,False,False,False
1983,4,3.4,2.9,3.433899613422488,3.403152792804848,4.320593213866255,4.256273135942537,False,False,True,False,False,False
1984,0,2.9,3.7,2.766211524727018,2.884167134328998,3.218521824884946,3.2259441917607155,False,False,True,True,False,False
1985,0,5.6,4.8,5.449582578506793,5.60425909277423,5.168307508889104,5.159810473371495,False,False,False,False,False,False
1986,0,5.1,4.0,4.978327376911792,5.113903780699084,5.056289555284562,5.04411727925119,False,False,False,False,False,False
1987,0,6.3,6.5,6.352973142337773,6.286088729233748,5.0002573434445,5.013085425385126,False,True,False,False,False,False
1988,2,5.8,5.5,5.833953043962476,5.786651459104557,5.666193959519203,5.676640968253565,False,True,False,False,False,False
1989,1,5.7,5.0,5.646483748989515,5.712409325011159,5.16940190529786,5.154675210099562,False,False,False,False,False,False
1990,1,4.1,4.2,4.408724643860185,4.094261379903541,4.646859324635857,4.613697603822723,False,False,False,False,False,False
1991,3,6.0,5.0,5.891014751622146,6.005219790537688,4.890277834060441,4.811887048716909,False,True,False,False,False,False
1992,1,6.8,4.9,6.513270968634033,6.795637418725504,5.944240010530051,5.92507036183999,False,True,False,False,True,True
1993,0,7.0,3.5,6.117715273624383,6.973833107864123,5.875019372724594,5.840198158351083,False,True,False,False,True,True
1994,1,3.5,3.8,4.558226033954795,3.5154401578859957,4.5442669282844985,4.556786191099072,False,False,True,False,False,False
1995,3,4.7,4.7,5.114981786218085,4.699074920520071,4.293678505140334,4.326939418040654,False,False,False,False,False,False
1996,4,5.9,3.9,4.601651533798772,5.874257297916409,4.580957296409077,4.559239236594223,False,True,False,False,False,True
1997,1,3.9,5.3,4.572182551951525,3.902242793552766,4.666953653319262,4.656473281640755,False,False,False,False,False,False
1998,0,6.2,6.4,6.057228506210263,6.2010000743766325,5.718325628670322,5.667305794143222,False,True,False,False,False,False
1999,0,5.4,4.6,5.115499719553873,5.400458120487726,5.52032367986111,5.4727652044511865,False,False,False,False,False,False
2000,1,6.0,5.8,5.610517246466543,5.983225428156039,5.567809654276438,5.606972211760584,False,True,False,False,False,False
2001,4,6.6,3.2,5.132360195537429,6.5803890894136465,4.792553284400207,4.805113362911898,False,True,False,False,True,True
2002,3,5.2,6.4,6.019555857226434,5.193734241357839,5.057480009390041,5.079360274187086,False,False,False,False,False,False
2003,1,4.6,5.4,4.2592872198935785,4.594905148417334,4.032918308641962,4.055290238822085,False,False,False,False,False,False
2004,4,4.8,5.0,3.673100696632025,4.780703080006539,4.5081211841548745,4.467634152757063,False,False,False,False,False,False
2005,4,5.2,3.8,3.9634787467946224,5.179582503750332,4.254118855566749,4.236011318335997,False,False,False,False,False,False
2006,1,3.2,5.0,3.7454407369766547,3.206199974665843,3.786235957405158,3.7674759126885444,True,False,True,False,False,False
2007,3,4.4,3.4,5.114134712158117,4.408839248197822,4.619534463874478,4.642356703493676,False,False,False,False,False,False
2008,3,3.6,5.6,5.252678147471012,3.6348204970933087,5.070070602286853,5.012391536862562,True,False,True,False,False,False
2009,0,4.2,5.2,3.832260585533696,4.199782621903018,3.6488861611729764,3.610031949970591,False,False,False,False,False,False
2010,3,4.8,6.0,4.358087491341037,4.800722556524163,4.09896117501094,4.099161737155916,False,False,False,False,False,False
2011,0,5.0,4.2,5.338181187064485,5.013063090860823,4.2981866319637465,4.284924739944146,False,False,False,False,False,False
2012,1,5.17,3.17,3.4869078407793217,5.11840449851372,3.447090324046016,3.391914001822481,False,False,False,False,False,False
2013,0,5.6,5.4,4.411288216052435,5.5927611955022485,3.503751815943505,3.493588643930157,False,False,False,False,False,False
2014,0,6.6,3.0,5.164352190116313,6.5881361118747845,4.720470832766178,4.749054518785478,False,True,False,False,True,True
2015,2,5.4,6.6,4.742452189955805,5.390878315813794,4.2094102271383615,4.129853911738276,False,False,False,False,False,False
2016,3,5.6,7.2,5.536571823563038,5.603674349050247,4.715316547552193,4.847400340126943,False,False,False,False,False,False
2017,0,6.5,6.67,4.92766078866022,6.47389565705279,5.076463878136326,5.048898444744788,False,True,False,False,True,False
2018,3,6.33,6.5,5.2908484044071304,6.294012180072677,4.859700448383924,4.807908857578169,False,True,False,False,False,False
2019,4,6.8,6.8,5.3923304941996335,6.773493339829531,4.7859716282428755,4.783721459297111,False,True,False,False,True,False
2020,3,5.8,6.8,5.076198887143618,5.7808351757128795,4.5360284045450285,4.546903665653892,False,True,False,False,False,False
2021,2,4.4,4.2,4.174559121830912,4.407293206038776,4.436876711563538,4.395411976654061,False,False,False,False,False,False
2022,4,4.4,3.8,4.2876907590567965,4.392285324646336,3.868337474115794,3.8552462544148014,False,False,False,False,False,False
2023,3,3.0,5.6,5.093488476233315,3.0320767789864473,4.787489223154702,4.799262812965188,True,False,True,True,False,False
2024,2,4.4,6.4,5.853745859800076,4.454033480081447,5.71312777947102,5.7918018579886565,False,False,False,False,False,False
2025,2,4.8,6.0,6.351555451687099,4.825657090627791,5.787009594499651,5.784502008611573,False,False,False,False,False,False
2026,0,4.0,5.6,5.749793682527783,4.03158642761242,5.471687922025181,5.471047459593734,False,False,False,False,False,False
2027,3,5.4,5.8,5.193810460745663,5.4130015319277724,5.093332541840134,5.195526683932205,False,False,False,False,False,False
2028,0,6.2,3.4,4.087281842815864,6.182155232366074,3.6514177347403303,3.6871302307579903,False,True,False,False,False,True
2029,0,4.0,4.17,4.579917910980499,4.036020122115656,5.119029324847281,5.043847154181269,False,False,False,False,False,False
2030,0,6.2,4.2,5.573038313602271,6.212071045556799,4.827753826770882,4.838056547326122,False,True,False,False,False,True
2031,3,3.4,4.6,4.214679186378677,3.4190557030954913,4.106627492443633,4.085108923098529,False,False,True,False,False,False
2032,1,4.4,5.2,4.50152030280454,4.388159958490719,4.303477553288983,4.262019532146878,False,False,False,False,False,False
2033,4,6.83,3.17,4.85402133828771,6.778486252026041,5.104430677080481,5.132209250582548,False,True,False,False,True,True
2034,4,4.6,6.2,4.362939863004847,4.583183399599635,4.399527904459097,4.387535655070373,False,False,False,False,False,False
2035,3,4.6,3.4,4.014393192154817,4.595263460469543,4.329851854350074,4.347172559725605,False,False,False,False,False,False
2036,3,4.67,3.83,4.942952517930392,4.668072770448022,4.265113260539996,4.265880819514181,False,False,False,False,False,False
2037,1,4.4,6.4,4.507881375263244,4.4070387688888815,4.2319252898530575,4.264829380212293,False,False,False,False,False,False
2038,0,3.8,4.0,4.053251170669285,3.816284939678453,3.8428062014028717,3.8273483534614003,False,False,True,False,False,False
2039,0,4.6,5.4,4.037430694790674,4.602137134038145,4.498003539462597,4.466895826081867,False,False,False,False,False,False
2040,0,7.0,3.6,6.296224238580124,7.000360927416664,6.327117977447286,6.379145655258544,False,True,False,False,True,True
2041,0,3.0,4.4,4.244175450768044,3.0097699828633626,3.4406754643614867,3.4111924937817344,False,False,True,True,False,False
2042,1,4.6,4.8,5.802046436313589,4.616667874924859,5.224421839570277,5.212128405061203,False,False,False,False,False,False
2043,1,4.4,5.6,4.924940570641994,4.390517447617086,4.744121532140273,4.772976792691503,False,False,False,False,False,False
2044,2,5.2,6.4,4.633960309975986,5.177980575655485,3.9950790132184273,4.040540862518923,False,False,False,False,False,False
2045,1,3.2,4.8,4.601820730156519,3.2218521350055442,3.767122773578147,3.7936461746057373,False,False,True,False,False,False
2046,2,5.17,5.5,5.262895223784111,5.18407763074847,5.13354134744953,5.000040219049366,False,False,False,False,False,False
2047,2,5.0,6.2,5.323587847545513,5.003552099325927,4.934120864872422,4.933887157680084,False,False,False,False,False,False
2048,4,3.6,6.2,3.689733755291854,3.599615413633786,4.0722022056891385,4.02289417855505,True,False,True,False,False,False
2049,3,3.8,4.4,4.138094646389001,3.80694673468364,3.6446235927712647,3.68598598629036,False,False,True,False,False,False
2050,2,3.6,4.4,4.726669548632072,3.618561922060212,4.688950876383211,4.723390523224777,False,False,True,False,False,False
2052,3,5.2,3.2,6.089654487359846,5.213250821397466,5.056218491348028,5.008233701475341,False,False,False,False,False,False
